2025-08-25 08:12:11,769 - INFO - Connected to MT5: JustMarkets-Demo
2025-08-25 08:12:11,771 - INFO - Starting Smart Trading Bot...
2025-08-25 08:12:11,777 - ERROR - Failed to get market data
2025-08-25 08:12:16,786 - ERROR - Failed to get market data
2025-08-25 08:12:21,790 - ERROR - Failed to get market data
2025-08-25 08:12:26,793 - ERROR - Failed to get market data
2025-08-25 08:12:31,817 - ERROR - Failed to get market data
2025-08-25 08:12:36,872 - ERROR - Failed to get market data
2025-08-25 08:12:41,896 - ERROR - Failed to get market data
2025-08-25 08:12:46,914 - ERROR - Failed to get market data
2025-08-25 08:12:51,924 - ERROR - Failed to get market data
2025-08-25 08:12:56,951 - ERROR - Failed to get market data
2025-08-25 08:13:01,956 - ERROR - Failed to get market data
2025-08-25 08:13:07,019 - ERROR - Failed to get market data
2025-08-25 08:13:12,071 - ERROR - Failed to get market data
2025-08-25 08:13:17,089 - ERROR - Failed to get market data
2025-08-25 08:13:22,095 - ERROR - Failed to get market data
2025-08-25 08:13:27,097 - ERROR - Failed to get market data
2025-08-25 08:13:32,100 - ERROR - Failed to get market data
2025-08-25 08:13:37,102 - ERROR - Failed to get market data
2025-08-25 08:13:42,104 - ERROR - Failed to get market data
2025-08-25 08:13:47,107 - ERROR - Failed to get market data
2025-08-25 08:13:52,108 - ERROR - Failed to get market data
2025-08-25 08:13:57,109 - ERROR - Failed to get market data
2025-08-25 08:14:02,111 - ERROR - Failed to get market data
2025-08-25 08:14:07,113 - ERROR - Failed to get market data
2025-08-25 08:14:12,115 - ERROR - Failed to get market data
2025-08-25 08:14:17,117 - ERROR - Failed to get market data
2025-08-25 08:14:22,120 - ERROR - Failed to get market data
2025-08-25 08:14:27,122 - ERROR - Failed to get market data
2025-08-25 08:14:32,124 - ERROR - Failed to get market data
2025-08-25 08:14:37,127 - ERROR - Failed to get market data
2025-08-25 08:14:42,130 - ERROR - Failed to get market data
2025-08-25 08:14:47,132 - ERROR - Failed to get market data
2025-08-25 08:16:30,245 - INFO - Connected to MT5: JustMarkets-Demo
2025-08-25 08:16:30,246 - INFO - Starting Smart Trading Bot...
2025-08-25 08:16:30,487 - INFO - Price: 199.06100, Support: 1, Resistance: 0
2025-08-25 08:16:35,772 - INFO - Price: 199.06000, Support: 1, Resistance: 0
2025-08-25 08:16:41,110 - INFO - Price: 199.05800, Support: 1, Resistance: 0
2025-08-25 08:16:46,366 - INFO - Price: 199.05800, Support: 1, Resistance: 0
2025-08-25 08:16:51,559 - INFO - Price: 199.05700, Support: 1, Resistance: 0
2025-08-25 08:16:56,752 - INFO - Price: 199.05400, Support: 1, Resistance: 0
2025-08-25 08:17:02,048 - INFO - Price: 199.04300, Support: 1, Resistance: 0
2025-08-25 08:17:07,430 - INFO - Price: 199.03600, Support: 1, Resistance: 0
2025-08-25 08:17:12,602 - INFO - Price: 199.03500, Support: 1, Resistance: 0
2025-08-25 08:17:17,751 - INFO - Price: 199.03500, Support: 1, Resistance: 0
2025-08-25 08:17:22,900 - INFO - Price: 199.03500, Support: 1, Resistance: 0
2025-08-25 08:17:28,117 - INFO - Price: 199.03500, Support: 1, Resistance: 0
2025-08-25 08:17:33,297 - INFO - Price: 199.03600, Support: 1, Resistance: 0
2025-08-25 08:17:38,467 - INFO - Price: 199.03400, Support: 1, Resistance: 0
2025-08-25 08:17:43,631 - INFO - Price: 199.03100, Support: 1, Resistance: 0
2025-08-25 08:17:48,781 - INFO - Price: 199.03300, Support: 1, Resistance: 0
2025-08-25 08:17:53,937 - INFO - Price: 199.03200, Support: 1, Resistance: 0
2025-08-25 08:17:59,098 - INFO - Price: 199.03300, Support: 1, Resistance: 0
2025-08-25 08:18:04,263 - INFO - Price: 199.03300, Support: 1, Resistance: 0
2025-08-25 08:18:09,426 - INFO - Price: 199.03200, Support: 1, Resistance: 0
2025-08-25 08:18:14,584 - INFO - Price: 199.01800, Support: 1, Resistance: 0
2025-08-25 08:18:19,744 - INFO - Price: 199.01200, Support: 1, Resistance: 0
2025-08-25 08:18:24,938 - INFO - Price: 199.01700, Support: 1, Resistance: 0
2025-08-25 08:18:30,116 - INFO - Price: 199.01700, Support: 1, Resistance: 0
2025-08-25 08:18:35,288 - INFO - Price: 199.01700, Support: 1, Resistance: 0
2025-08-25 08:18:40,457 - INFO - Price: 199.01400, Support: 1, Resistance: 0
2025-08-25 08:18:45,609 - INFO - Price: 199.01500, Support: 1, Resistance: 0
2025-08-25 08:18:50,776 - INFO - Price: 199.01600, Support: 1, Resistance: 0
2025-08-25 08:18:55,934 - INFO - Price: 199.01600, Support: 1, Resistance: 0
2025-08-25 08:19:01,104 - INFO - Price: 199.01700, Support: 1, Resistance: 0
2025-08-25 08:19:06,290 - INFO - Price: 199.02200, Support: 1, Resistance: 0
2025-08-25 08:19:11,453 - INFO - Price: 199.02000, Support: 1, Resistance: 0
2025-08-25 08:19:16,651 - INFO - Price: 199.02100, Support: 1, Resistance: 0
2025-08-25 08:19:21,842 - INFO - Price: 199.02200, Support: 1, Resistance: 0
2025-08-25 08:19:26,992 - INFO - Price: 199.02800, Support: 1, Resistance: 0
2025-08-25 08:19:32,206 - INFO - Price: 199.02700, Support: 1, Resistance: 0
2025-08-25 08:19:37,363 - INFO - Price: 199.02400, Support: 1, Resistance: 0
2025-08-25 08:19:42,510 - INFO - Price: 199.02400, Support: 1, Resistance: 0
2025-08-25 08:19:47,672 - INFO - Price: 199.02300, Support: 1, Resistance: 0
2025-08-25 08:19:52,823 - INFO - Price: 199.02300, Support: 1, Resistance: 0
2025-08-25 08:19:57,971 - INFO - Price: 199.02300, Support: 1, Resistance: 0
2025-08-25 08:20:03,197 - INFO - Price: 199.01700, Support: 1, Resistance: 0
2025-08-25 08:20:08,357 - INFO - Price: 199.02200, Support: 1, Resistance: 0
2025-08-25 08:20:13,501 - INFO - Price: 199.02400, Support: 1, Resistance: 0
2025-08-25 08:20:18,676 - INFO - Price: 199.01800, Support: 1, Resistance: 0
2025-08-25 08:20:23,824 - INFO - Price: 199.01600, Support: 1, Resistance: 0
2025-08-25 08:20:29,054 - INFO - Price: 199.01000, Support: 1, Resistance: 0
2025-08-25 08:20:34,245 - INFO - Price: 199.01800, Support: 1, Resistance: 0
2025-08-25 08:20:39,397 - INFO - Price: 199.02000, Support: 1, Resistance: 0
2025-08-25 08:20:44,565 - INFO - Price: 199.02200, Support: 1, Resistance: 0
2025-08-25 08:20:49,725 - INFO - Price: 199.02000, Support: 1, Resistance: 0
2025-08-25 08:20:54,870 - INFO - Price: 199.02000, Support: 1, Resistance: 0
2025-08-25 08:21:00,040 - INFO - Price: 199.02600, Support: 1, Resistance: 0
2025-08-25 08:21:05,221 - INFO - Price: 199.03000, Support: 1, Resistance: 0
2025-08-25 08:21:10,386 - INFO - Price: 199.02800, Support: 1, Resistance: 0
2025-08-25 08:21:15,537 - INFO - Price: 199.02300, Support: 1, Resistance: 0
2025-08-25 08:21:20,689 - INFO - Price: 199.01900, Support: 1, Resistance: 0
2025-08-25 08:21:25,846 - INFO - Price: 199.01900, Support: 1, Resistance: 0
2025-08-25 08:21:31,003 - INFO - Price: 199.02400, Support: 1, Resistance: 0
2025-08-25 08:21:36,146 - INFO - Price: 199.02300, Support: 1, Resistance: 0
2025-08-25 08:21:41,301 - INFO - Price: 199.02400, Support: 1, Resistance: 0
2025-08-25 08:21:46,470 - INFO - Price: 199.01900, Support: 1, Resistance: 0
2025-08-25 08:21:51,632 - INFO - Price: 199.00900, Support: 1, Resistance: 0
2025-08-25 08:21:56,774 - INFO - Price: 199.00900, Support: 1, Resistance: 0
2025-08-25 08:22:01,953 - INFO - Price: 199.00700, Support: 1, Resistance: 0
2025-08-25 08:22:07,239 - INFO - Price: 199.00200, Support: 1, Resistance: 0
2025-08-25 08:22:13,395 - INFO - Price: 199.00200, Support: 1, Resistance: 0
2025-08-25 08:22:18,712 - INFO - Price: 198.99700, Support: 1, Resistance: 0
2025-08-25 08:22:23,931 - INFO - Price: 198.99400, Support: 1, Resistance: 0
2025-08-25 08:22:29,076 - INFO - Price: 198.98600, Support: 1, Resistance: 0
2025-08-25 08:22:34,229 - INFO - Price: 198.98800, Support: 1, Resistance: 0
2025-08-25 08:22:39,375 - INFO - Price: 198.98900, Support: 1, Resistance: 0
2025-08-25 08:22:44,526 - INFO - Price: 198.99100, Support: 1, Resistance: 0
2025-08-25 08:22:49,689 - INFO - Price: 198.99100, Support: 1, Resistance: 0
2025-08-25 08:22:54,831 - INFO - Price: 198.99000, Support: 1, Resistance: 0
2025-08-25 08:22:59,974 - INFO - Price: 198.98900, Support: 1, Resistance: 0
2025-08-25 08:23:05,106 - INFO - Price: 198.98600, Support: 1, Resistance: 0
2025-08-25 08:23:10,259 - INFO - Price: 198.98300, Support: 1, Resistance: 0
2025-08-25 08:23:15,448 - INFO - Price: 198.98400, Support: 1, Resistance: 0
2025-08-25 08:23:20,625 - INFO - Price: 198.97500, Support: 1, Resistance: 0
2025-08-25 08:23:25,770 - INFO - Price: 198.97400, Support: 1, Resistance: 0
2025-08-25 08:23:30,931 - INFO - Price: 198.98400, Support: 1, Resistance: 0
2025-08-25 08:23:36,062 - INFO - Price: 198.98300, Support: 1, Resistance: 0
2025-08-25 08:23:41,207 - INFO - Price: 198.98500, Support: 1, Resistance: 0
2025-08-25 08:23:46,338 - INFO - Price: 198.98400, Support: 1, Resistance: 0
2025-08-25 08:23:51,475 - INFO - Price: 198.98500, Support: 1, Resistance: 0
2025-08-25 08:23:56,638 - INFO - Price: 198.98700, Support: 1, Resistance: 0
2025-08-25 08:24:01,782 - INFO - Price: 198.99100, Support: 1, Resistance: 0
2025-08-25 08:24:06,914 - INFO - Price: 198.99100, Support: 1, Resistance: 0
2025-08-25 08:24:12,069 - INFO - Price: 198.99300, Support: 1, Resistance: 0
2025-08-25 08:24:17,223 - INFO - Price: 198.99100, Support: 1, Resistance: 0
2025-08-25 08:24:22,365 - INFO - Price: 198.99000, Support: 1, Resistance: 0
2025-08-25 08:24:27,532 - INFO - Price: 199.00900, Support: 1, Resistance: 0
2025-08-25 08:24:32,703 - INFO - Price: 199.00900, Support: 1, Resistance: 0
2025-08-25 08:24:37,845 - INFO - Price: 199.00400, Support: 1, Resistance: 0
2025-08-25 08:24:43,014 - INFO - Price: 199.01100, Support: 1, Resistance: 0
2025-08-25 08:24:48,168 - INFO - Price: 199.02100, Support: 1, Resistance: 0
2025-08-25 08:24:53,312 - INFO - Price: 199.01200, Support: 1, Resistance: 0
2025-08-25 08:24:58,481 - INFO - Price: 199.01300, Support: 1, Resistance: 0
2025-08-25 08:25:03,631 - INFO - Price: 199.02000, Support: 1, Resistance: 0
2025-08-25 08:25:08,779 - INFO - Price: 199.02200, Support: 1, Resistance: 0
2025-08-25 08:25:13,930 - INFO - Price: 199.02700, Support: 1, Resistance: 0
2025-08-25 08:25:19,077 - INFO - Price: 199.02800, Support: 1, Resistance: 0
2025-08-25 08:25:24,251 - INFO - Price: 199.02900, Support: 1, Resistance: 0
2025-08-25 08:25:29,428 - INFO - Price: 199.02800, Support: 1, Resistance: 0
2025-08-25 08:25:34,580 - INFO - Price: 199.03000, Support: 1, Resistance: 0
2025-08-25 08:25:39,747 - INFO - Price: 199.02900, Support: 1, Resistance: 0
2025-08-25 08:25:44,895 - INFO - Price: 199.03000, Support: 1, Resistance: 0
2025-08-25 08:25:50,041 - INFO - Price: 199.03000, Support: 1, Resistance: 0
2025-08-25 08:25:55,191 - INFO - Price: 199.03400, Support: 1, Resistance: 0
2025-08-25 08:26:00,338 - INFO - Price: 199.03500, Support: 1, Resistance: 0
2025-08-25 08:26:05,485 - INFO - Price: 199.03500, Support: 1, Resistance: 0
2025-08-25 08:26:10,619 - INFO - Price: 199.03500, Support: 1, Resistance: 0
2025-08-25 08:26:15,759 - INFO - Price: 199.03200, Support: 1, Resistance: 0
2025-08-25 08:26:20,903 - INFO - Price: 199.03400, Support: 1, Resistance: 0
2025-08-25 08:26:26,052 - INFO - Price: 199.03400, Support: 1, Resistance: 0
2025-08-25 08:26:31,196 - INFO - Price: 199.03100, Support: 1, Resistance: 0
2025-08-25 08:26:36,343 - INFO - Price: 199.02900, Support: 1, Resistance: 0
2025-08-25 08:26:41,484 - INFO - Price: 199.03000, Support: 1, Resistance: 0
2025-08-25 08:26:46,641 - INFO - Price: 199.02900, Support: 1, Resistance: 0
2025-08-25 08:26:51,793 - INFO - Price: 199.04200, Support: 1, Resistance: 0
2025-08-25 08:26:56,958 - INFO - Price: 199.04000, Support: 1, Resistance: 0
2025-08-25 08:27:02,105 - INFO - Price: 199.04100, Support: 1, Resistance: 0
2025-08-25 08:27:07,256 - INFO - Price: 199.04100, Support: 1, Resistance: 0
2025-08-25 08:27:12,497 - INFO - Price: 199.03800, Support: 1, Resistance: 0
2025-08-25 08:27:17,658 - INFO - Price: 199.04000, Support: 1, Resistance: 0
2025-08-25 08:27:22,819 - INFO - Price: 199.04200, Support: 1, Resistance: 0
2025-08-25 08:27:27,966 - INFO - Price: 199.04300, Support: 1, Resistance: 0
2025-08-25 08:27:33,129 - INFO - Price: 199.03900, Support: 1, Resistance: 0
2025-08-25 08:27:38,279 - INFO - Price: 199.03700, Support: 1, Resistance: 0
2025-08-25 08:27:43,440 - INFO - Price: 199.03400, Support: 1, Resistance: 0
2025-08-25 08:27:48,612 - INFO - Price: 199.02900, Support: 1, Resistance: 0
2025-08-25 08:27:53,873 - INFO - Price: 199.02900, Support: 1, Resistance: 0
2025-08-25 08:27:59,146 - INFO - Price: 199.03100, Support: 1, Resistance: 0
2025-08-25 08:28:04,305 - INFO - Price: 199.03200, Support: 1, Resistance: 0
2025-08-25 08:28:09,477 - INFO - Price: 199.03400, Support: 1, Resistance: 0
2025-08-25 08:28:14,653 - INFO - Price: 199.03200, Support: 1, Resistance: 0
2025-08-25 08:28:19,826 - INFO - Price: 199.01300, Support: 1, Resistance: 0
2025-08-25 08:28:24,964 - INFO - Price: 199.01400, Support: 1, Resistance: 0
2025-08-25 08:28:30,103 - INFO - Price: 199.01300, Support: 1, Resistance: 0
2025-08-25 08:28:35,247 - INFO - Price: 199.01300, Support: 2, Resistance: 0
2025-08-25 08:28:40,413 - INFO - Price: 199.02000, Support: 2, Resistance: 0
2025-08-25 08:28:45,572 - INFO - Price: 199.01500, Support: 2, Resistance: 0
2025-08-25 08:28:50,732 - INFO - Price: 199.01600, Support: 2, Resistance: 0
2025-08-25 08:28:55,887 - INFO - Price: 199.01500, Support: 1, Resistance: 0
2025-08-25 08:29:01,214 - INFO - Price: 199.01500, Support: 1, Resistance: 0
2025-08-25 08:29:06,423 - INFO - Price: 199.01500, Support: 1, Resistance: 0
2025-08-25 08:29:11,581 - INFO - Price: 199.01500, Support: 1, Resistance: 0
2025-08-25 08:29:16,897 - INFO - Price: 199.01500, Support: 1, Resistance: 0
2025-08-25 08:29:22,265 - INFO - Price: 199.01500, Support: 1, Resistance: 0
2025-08-25 08:29:27,585 - INFO - Price: 199.02800, Support: 1, Resistance: 0
2025-08-25 08:29:32,780 - INFO - Price: 199.04700, Support: 1, Resistance: 0
2025-08-25 08:29:37,948 - INFO - Price: 199.04700, Support: 1, Resistance: 0
2025-08-25 08:29:43,095 - INFO - Price: 199.04900, Support: 1, Resistance: 0
2025-08-25 08:29:48,292 - INFO - Price: 199.04700, Support: 1, Resistance: 0
2025-08-25 08:29:53,449 - INFO - Price: 199.05300, Support: 1, Resistance: 0
2025-08-25 08:29:58,601 - INFO - Price: 199.05200, Support: 1, Resistance: 0
2025-08-25 08:30:03,769 - INFO - Price: 199.04700, Support: 1, Resistance: 0
2025-08-25 08:30:08,933 - INFO - Price: 199.04900, Support: 1, Resistance: 0
2025-08-25 08:30:14,104 - INFO - Price: 199.04500, Support: 1, Resistance: 0
2025-08-25 08:30:19,294 - INFO - Price: 199.04400, Support: 1, Resistance: 0
2025-08-25 08:30:24,447 - INFO - Price: 199.04400, Support: 1, Resistance: 0
2025-08-25 08:30:29,617 - INFO - Price: 199.04800, Support: 1, Resistance: 0
2025-08-25 08:30:34,926 - INFO - Price: 199.05100, Support: 1, Resistance: 0
2025-08-25 08:30:40,099 - INFO - Price: 199.04700, Support: 1, Resistance: 0
2025-08-25 08:30:45,287 - INFO - Price: 199.04700, Support: 1, Resistance: 0
2025-08-25 08:30:50,483 - INFO - Price: 199.04500, Support: 1, Resistance: 0
2025-08-25 08:30:55,650 - INFO - Price: 199.04600, Support: 1, Resistance: 0
2025-08-25 08:31:00,905 - INFO - Price: 199.03800, Support: 1, Resistance: 0
2025-08-25 08:31:06,076 - INFO - Price: 199.03600, Support: 1, Resistance: 0
2025-08-25 08:31:11,304 - INFO - Price: 199.03100, Support: 1, Resistance: 0
2025-08-25 08:31:16,464 - INFO - Price: 199.03200, Support: 1, Resistance: 0
2025-08-25 08:31:21,647 - INFO - Price: 199.03100, Support: 1, Resistance: 0
2025-08-25 08:31:26,805 - INFO - Price: 199.03300, Support: 1, Resistance: 0
2025-08-25 08:31:32,013 - INFO - Price: 199.03200, Support: 1, Resistance: 0
2025-08-25 08:31:37,177 - INFO - Price: 199.03300, Support: 1, Resistance: 0
2025-08-25 08:31:42,343 - INFO - Price: 199.03200, Support: 1, Resistance: 0
2025-08-25 08:31:47,498 - INFO - Price: 199.03100, Support: 1, Resistance: 0
2025-08-25 08:31:52,676 - INFO - Price: 199.03200, Support: 1, Resistance: 0
2025-08-25 08:31:57,901 - INFO - Price: 199.03200, Support: 1, Resistance: 0
2025-08-25 08:32:03,069 - INFO - Price: 199.03400, Support: 1, Resistance: 0
2025-08-25 08:32:08,235 - INFO - Price: 199.03400, Support: 1, Resistance: 0
2025-08-25 08:32:13,408 - INFO - Price: 199.03400, Support: 1, Resistance: 0
2025-08-25 08:32:18,590 - INFO - Price: 199.03500, Support: 1, Resistance: 0
2025-08-25 08:32:23,764 - INFO - Price: 199.03500, Support: 1, Resistance: 0
2025-08-25 08:32:28,924 - INFO - Price: 199.03400, Support: 1, Resistance: 0
2025-08-25 08:32:34,086 - INFO - Price: 199.03400, Support: 1, Resistance: 0
2025-08-25 08:32:39,244 - INFO - Price: 199.03300, Support: 1, Resistance: 0
2025-08-25 08:32:44,401 - INFO - Price: 199.03100, Support: 1, Resistance: 0
2025-08-25 08:32:49,568 - INFO - Price: 199.03100, Support: 1, Resistance: 0
2025-08-25 08:32:54,736 - INFO - Price: 199.02800, Support: 1, Resistance: 0
2025-08-25 08:32:59,904 - INFO - Price: 199.02900, Support: 1, Resistance: 0
2025-08-25 08:33:05,065 - INFO - Price: 199.03000, Support: 1, Resistance: 0
2025-08-25 08:33:10,216 - INFO - Price: 199.03000, Support: 1, Resistance: 0
2025-08-25 08:33:15,356 - INFO - Price: 199.03000, Support: 1, Resistance: 0
2025-08-25 08:33:20,528 - INFO - Price: 199.02000, Support: 1, Resistance: 0
2025-08-25 08:33:25,687 - INFO - Price: 199.02400, Support: 1, Resistance: 0
2025-08-25 08:33:30,840 - INFO - Price: 199.02400, Support: 1, Resistance: 0
2025-08-25 08:33:36,010 - INFO - Price: 199.02400, Support: 1, Resistance: 0
2025-08-25 08:33:41,178 - INFO - Price: 199.02000, Support: 1, Resistance: 0
2025-08-25 08:33:46,331 - INFO - Price: 199.02100, Support: 1, Resistance: 0
2025-08-25 08:33:51,475 - INFO - Price: 199.02200, Support: 1, Resistance: 0
2025-08-25 08:33:56,641 - INFO - Price: 199.03200, Support: 1, Resistance: 0
2025-08-25 08:34:01,805 - INFO - Price: 199.02700, Support: 1, Resistance: 0
2025-08-25 08:34:07,114 - INFO - Price: 199.03300, Support: 1, Resistance: 0
2025-08-25 08:34:12,274 - INFO - Price: 199.03000, Support: 1, Resistance: 0
2025-08-25 08:34:17,438 - INFO - Price: 199.03000, Support: 1, Resistance: 0
2025-08-25 08:34:22,657 - INFO - Price: 199.03000, Support: 1, Resistance: 0
2025-08-25 08:34:28,068 - INFO - Price: 199.03000, Support: 1, Resistance: 0
2025-08-25 08:47:45,258 - INFO - Connected to MT5: JustMarkets-Demo
2025-08-25 08:47:45,259 - INFO - Starting Smart Trading Bot...
2025-08-25 08:47:45,650 - INFO - Price: 198.97800, Support: 1, Resistance: 0
2025-08-25 08:47:50,831 - INFO - Price: 198.97800, Support: 1, Resistance: 0
2025-08-25 08:47:56,001 - INFO - Price: 198.97700, Support: 1, Resistance: 0
2025-08-25 08:48:01,313 - INFO - Price: 198.97700, Support: 1, Resistance: 0
2025-08-25 08:48:06,502 - INFO - Price: 198.97500, Support: 2, Resistance: 0
2025-08-25 08:48:11,675 - INFO - Price: 198.97800, Support: 2, Resistance: 0
2025-08-25 08:48:16,835 - INFO - Price: 198.97800, Support: 2, Resistance: 0
2025-08-25 08:48:22,107 - INFO - Price: 198.97900, Support: 2, Resistance: 0
2025-08-25 08:48:27,345 - INFO - Price: 198.99000, Support: 2, Resistance: 0
2025-08-25 08:48:32,592 - INFO - Price: 198.99700, Support: 2, Resistance: 0
2025-08-25 08:48:37,769 - INFO - Price: 199.00100, Support: 2, Resistance: 0
2025-08-25 08:48:42,973 - INFO - Price: 199.00500, Support: 2, Resistance: 0
2025-08-25 08:48:48,165 - INFO - Price: 199.00400, Support: 2, Resistance: 0
2025-08-25 08:48:53,339 - INFO - Price: 199.00500, Support: 2, Resistance: 0
2025-08-25 08:48:58,523 - INFO - Price: 199.00600, Support: 2, Resistance: 0
2025-08-25 08:49:03,701 - INFO - Price: 198.99400, Support: 2, Resistance: 0
2025-08-25 08:49:08,866 - INFO - Price: 198.99300, Support: 2, Resistance: 0
2025-08-25 08:49:22,275 - INFO - Connected to MT5: JustMarkets-Demo
2025-08-25 08:49:22,275 - INFO - Starting Smart Trading Bot...
2025-08-25 08:49:22,457 - INFO - Price: 199.00300, Support: 2, Resistance: 0
2025-08-25 08:49:27,571 - INFO - Price: 199.00400, Support: 2, Resistance: 0
2025-08-25 08:49:32,675 - INFO - Price: 199.00400, Support: 2, Resistance: 0
2025-08-25 08:49:37,800 - INFO - Price: 199.00300, Support: 2, Resistance: 0
2025-08-25 08:49:42,908 - INFO - Price: 199.01400, Support: 2, Resistance: 1
2025-08-25 08:49:48,016 - INFO - Price: 199.02500, Support: 2, Resistance: 0
2025-08-25 08:49:53,133 - INFO - Price: 199.02700, Support: 2, Resistance: 0
2025-08-25 08:49:58,238 - INFO - Price: 199.03200, Support: 2, Resistance: 1
2025-08-25 08:50:03,341 - INFO - Price: 199.05300, Support: 2, Resistance: 1
2025-08-25 08:50:08,442 - INFO - Price: 199.05500, Support: 2, Resistance: 1
2025-08-25 08:50:13,547 - INFO - Price: 199.05500, Support: 2, Resistance: 1
2025-08-25 08:50:18,656 - INFO - Price: 199.05500, Support: 2, Resistance: 1
2025-08-25 08:50:23,768 - INFO - Price: 199.05500, Support: 2, Resistance: 1
2025-08-25 08:50:28,869 - INFO - Price: 199.05500, Support: 2, Resistance: 1
2025-08-25 08:50:33,969 - INFO - Price: 199.05500, Support: 2, Resistance: 1
2025-08-25 08:50:39,084 - INFO - Price: 199.05200, Support: 2, Resistance: 1
2025-08-25 08:50:44,189 - INFO - Price: 199.05300, Support: 2, Resistance: 1
2025-08-25 08:50:49,294 - INFO - Price: 199.05400, Support: 2, Resistance: 1
2025-08-25 08:50:54,395 - INFO - Price: 199.05400, Support: 2, Resistance: 1
2025-08-25 08:50:59,495 - INFO - Price: 199.05400, Support: 2, Resistance: 1
2025-08-25 08:51:04,607 - INFO - Price: 199.05400, Support: 2, Resistance: 1
2025-08-25 08:51:09,713 - INFO - Price: 199.05400, Support: 2, Resistance: 1
2025-08-25 08:51:14,816 - INFO - Price: 199.05800, Support: 2, Resistance: 1
2025-08-25 08:51:19,915 - INFO - Price: 199.05600, Support: 2, Resistance: 1
2025-08-25 08:51:25,020 - INFO - Price: 199.04800, Support: 2, Resistance: 1
2025-08-25 08:51:30,126 - INFO - Price: 199.04700, Support: 2, Resistance: 1
2025-08-25 08:51:35,234 - INFO - Price: 199.04900, Support: 2, Resistance: 1
2025-08-25 08:51:40,334 - INFO - Price: 199.05000, Support: 2, Resistance: 1
2025-08-25 08:51:45,443 - INFO - Price: 199.05000, Support: 2, Resistance: 1
2025-08-25 08:51:50,545 - INFO - Price: 199.03600, Support: 2, Resistance: 1
2025-08-25 08:51:55,654 - INFO - Price: 199.03600, Support: 2, Resistance: 1
2025-08-25 08:52:00,764 - INFO - Price: 199.03700, Support: 2, Resistance: 1
2025-08-25 08:52:05,865 - INFO - Price: 199.03500, Support: 2, Resistance: 1
2025-08-25 08:52:10,966 - INFO - Price: 199.03600, Support: 2, Resistance: 1
2025-08-25 08:52:16,067 - INFO - Price: 199.03600, Support: 2, Resistance: 1
2025-08-25 08:52:21,183 - INFO - Price: 199.03700, Support: 2, Resistance: 1
2025-08-25 08:52:26,291 - INFO - Price: 199.03900, Support: 2, Resistance: 1
2025-08-25 08:52:31,391 - INFO - Price: 199.04700, Support: 2, Resistance: 1
2025-08-25 08:52:36,505 - INFO - Price: 199.04900, Support: 2, Resistance: 1
2025-08-25 08:52:41,618 - INFO - Price: 199.04700, Support: 2, Resistance: 1
2025-08-25 08:52:46,724 - INFO - Price: 199.04600, Support: 2, Resistance: 1
2025-08-25 08:52:51,829 - INFO - Price: 199.04700, Support: 2, Resistance: 1
2025-08-25 08:52:56,935 - INFO - Price: 199.05200, Support: 2, Resistance: 1
2025-08-25 08:53:02,040 - INFO - Price: 199.05300, Support: 2, Resistance: 1
2025-08-25 08:53:07,146 - INFO - Price: 199.04800, Support: 2, Resistance: 1
2025-08-25 08:53:12,248 - INFO - Price: 199.04900, Support: 2, Resistance: 1
2025-08-25 08:53:17,355 - INFO - Price: 199.04700, Support: 2, Resistance: 1
2025-08-25 08:53:22,465 - INFO - Price: 199.05800, Support: 2, Resistance: 1
2025-08-25 08:53:27,564 - INFO - Price: 199.05900, Support: 2, Resistance: 1
2025-08-25 08:53:32,659 - INFO - Price: 199.05900, Support: 2, Resistance: 1
2025-08-25 08:53:37,758 - INFO - Price: 199.06100, Support: 2, Resistance: 1
2025-08-25 08:53:42,854 - INFO - Price: 199.05300, Support: 2, Resistance: 1
2025-08-25 08:53:47,961 - INFO - Price: 199.05300, Support: 2, Resistance: 1
2025-08-25 08:53:53,061 - INFO - Price: 199.04900, Support: 2, Resistance: 1
2025-08-25 08:53:58,171 - INFO - Price: 199.02600, Support: 2, Resistance: 1
2025-08-25 08:54:03,276 - INFO - Price: 199.02200, Support: 2, Resistance: 1
2025-08-25 08:54:08,375 - INFO - Price: 199.02300, Support: 2, Resistance: 1
2025-08-25 08:54:13,472 - INFO - Price: 199.02400, Support: 2, Resistance: 1
2025-08-25 08:54:18,568 - INFO - Price: 199.02400, Support: 2, Resistance: 1
2025-08-25 08:54:23,664 - INFO - Price: 199.02500, Support: 2, Resistance: 1
2025-08-25 08:54:28,761 - INFO - Price: 199.02500, Support: 2, Resistance: 1
2025-08-25 08:54:33,863 - INFO - Price: 199.02500, Support: 2, Resistance: 1
2025-08-25 08:54:38,959 - INFO - Price: 199.03500, Support: 2, Resistance: 1
2025-08-25 08:54:44,053 - INFO - Price: 199.03400, Support: 2, Resistance: 1
2025-08-25 08:54:49,158 - INFO - Price: 199.03600, Support: 2, Resistance: 1
2025-08-25 08:54:54,297 - INFO - Price: 199.04200, Support: 2, Resistance: 1
2025-08-25 08:54:59,445 - INFO - Price: 199.03100, Support: 2, Resistance: 1
2025-08-25 08:55:04,573 - INFO - Price: 199.03200, Support: 2, Resistance: 1
2025-08-25 08:55:09,697 - INFO - Price: 199.03600, Support: 2, Resistance: 1
2025-08-25 08:55:14,802 - INFO - Price: 199.03400, Support: 2, Resistance: 1
2025-08-25 08:55:19,905 - INFO - Price: 199.04700, Support: 2, Resistance: 1
2025-08-25 08:55:25,010 - INFO - Price: 199.04400, Support: 2, Resistance: 1
2025-08-25 08:55:30,126 - INFO - Price: 199.04100, Support: 2, Resistance: 1
2025-08-25 08:55:35,230 - INFO - Price: 199.04100, Support: 2, Resistance: 1
2025-08-25 08:55:40,332 - INFO - Price: 199.04300, Support: 2, Resistance: 1
2025-08-25 08:55:45,488 - INFO - Price: 199.04500, Support: 2, Resistance: 1
2025-08-25 08:55:50,586 - INFO - Price: 199.04300, Support: 2, Resistance: 1
2025-08-25 08:55:55,687 - INFO - Price: 199.04200, Support: 2, Resistance: 1
2025-08-25 08:56:00,798 - INFO - Price: 199.04100, Support: 2, Resistance: 1
2025-08-25 08:56:05,905 - INFO - Price: 199.05600, Support: 2, Resistance: 1
2025-08-25 08:56:11,017 - INFO - Price: 199.04800, Support: 2, Resistance: 1
2025-08-25 08:56:16,135 - INFO - Price: 199.04700, Support: 2, Resistance: 1
2025-08-25 08:56:21,241 - INFO - Price: 199.04700, Support: 2, Resistance: 1
2025-08-25 08:56:26,348 - INFO - Price: 199.04200, Support: 2, Resistance: 1
2025-08-25 08:56:31,466 - INFO - Price: 199.04700, Support: 2, Resistance: 1
2025-08-25 08:56:36,578 - INFO - Price: 199.04800, Support: 2, Resistance: 1
2025-08-25 08:56:41,709 - INFO - Price: 199.04700, Support: 2, Resistance: 1
2025-08-25 08:56:46,819 - INFO - Price: 199.04500, Support: 2, Resistance: 1
2025-08-25 08:56:51,929 - INFO - Price: 199.04700, Support: 2, Resistance: 1
2025-08-25 08:56:57,047 - INFO - Price: 199.03500, Support: 2, Resistance: 1
2025-08-25 08:57:02,160 - INFO - Price: 199.02700, Support: 2, Resistance: 1
2025-08-25 08:57:07,278 - INFO - Price: 199.02700, Support: 2, Resistance: 1
2025-08-25 08:57:12,384 - INFO - Price: 199.02900, Support: 2, Resistance: 1
2025-08-25 08:57:17,493 - INFO - Price: 199.02700, Support: 2, Resistance: 1
2025-08-25 08:57:22,599 - INFO - Price: 199.02300, Support: 2, Resistance: 1
2025-08-25 08:57:27,710 - INFO - Price: 199.02500, Support: 2, Resistance: 1
2025-08-25 08:57:32,815 - INFO - Price: 199.02700, Support: 2, Resistance: 1
2025-08-25 08:57:37,919 - INFO - Price: 199.02700, Support: 2, Resistance: 1
2025-08-25 08:57:43,043 - INFO - Price: 199.02500, Support: 2, Resistance: 1
2025-08-25 08:57:48,152 - INFO - Price: 199.02500, Support: 2, Resistance: 1
2025-08-25 08:57:53,257 - INFO - Price: 199.02300, Support: 2, Resistance: 1
2025-08-25 08:57:58,365 - INFO - Price: 199.02400, Support: 2, Resistance: 1
2025-08-25 08:58:03,486 - INFO - Price: 199.03100, Support: 3, Resistance: 1
2025-08-25 08:58:08,590 - INFO - Price: 199.02700, Support: 3, Resistance: 1
2025-08-25 08:58:13,696 - INFO - Price: 199.02800, Support: 3, Resistance: 1
2025-08-25 08:58:18,801 - INFO - Price: 199.02600, Support: 3, Resistance: 1
2025-08-25 08:58:24,010 - INFO - Price: 199.01500, Support: 2, Resistance: 1
2025-08-25 08:58:29,127 - INFO - Price: 199.01800, Support: 2, Resistance: 1
2025-08-25 08:58:34,231 - INFO - Price: 199.01700, Support: 2, Resistance: 1
2025-08-25 08:58:39,354 - INFO - Price: 199.01700, Support: 2, Resistance: 1
2025-08-25 08:58:44,464 - INFO - Price: 199.02300, Support: 2, Resistance: 1
2025-08-25 08:58:49,576 - INFO - Price: 199.02300, Support: 2, Resistance: 1
2025-08-25 08:58:54,686 - INFO - Price: 199.01500, Support: 2, Resistance: 1
2025-08-25 08:58:59,810 - INFO - Price: 199.01700, Support: 2, Resistance: 1
2025-08-25 08:59:04,933 - INFO - Price: 199.00900, Support: 2, Resistance: 1
2025-08-25 08:59:10,054 - INFO - Price: 198.99600, Support: 2, Resistance: 1
2025-08-25 08:59:15,188 - INFO - Price: 198.99500, Support: 2, Resistance: 1
2025-08-25 08:59:20,291 - INFO - Price: 198.99100, Support: 2, Resistance: 1
2025-08-25 08:59:25,405 - INFO - Price: 198.99200, Support: 2, Resistance: 1
2025-08-25 08:59:30,527 - INFO - Price: 198.99300, Support: 2, Resistance: 1
2025-08-25 08:59:35,709 - INFO - Price: 199.00400, Support: 2, Resistance: 1
2025-08-25 08:59:40,824 - INFO - Price: 199.00200, Support: 2, Resistance: 1
2025-08-25 08:59:45,932 - INFO - Price: 199.00500, Support: 2, Resistance: 1
2025-08-25 08:59:51,042 - INFO - Price: 199.00900, Support: 2, Resistance: 1
2025-08-25 08:59:56,178 - INFO - Price: 199.01400, Support: 2, Resistance: 1
2025-08-25 09:00:01,293 - INFO - Price: 199.02300, Support: 2, Resistance: 1
2025-08-25 09:00:06,399 - INFO - Price: 199.02900, Support: 2, Resistance: 1
2025-08-25 09:00:11,517 - INFO - Price: 199.04000, Support: 2, Resistance: 1
2025-08-25 09:00:16,623 - INFO - Price: 199.03700, Support: 2, Resistance: 1
2025-08-25 09:00:21,747 - INFO - Price: 199.04600, Support: 2, Resistance: 1
2025-08-25 09:00:26,858 - INFO - Price: 199.03400, Support: 2, Resistance: 1
2025-08-25 09:00:31,975 - INFO - Price: 199.02900, Support: 2, Resistance: 1
2025-08-25 09:00:37,161 - INFO - Price: 199.02400, Support: 2, Resistance: 1
2025-08-25 09:00:42,283 - INFO - Price: 199.02300, Support: 2, Resistance: 1
2025-08-25 09:00:47,395 - INFO - Price: 199.02300, Support: 2, Resistance: 1
2025-08-25 09:00:52,533 - INFO - Price: 199.01900, Support: 2, Resistance: 1
2025-08-25 09:00:57,764 - INFO - Price: 199.00900, Support: 2, Resistance: 1
2025-08-25 09:01:02,949 - INFO - Price: 199.00200, Support: 2, Resistance: 1
2025-08-25 09:01:08,112 - INFO - Price: 198.99900, Support: 2, Resistance: 1
2025-08-25 09:01:13,308 - INFO - Price: 199.00400, Support: 2, Resistance: 1
2025-08-25 09:01:18,468 - INFO - Price: 198.99300, Support: 2, Resistance: 1
2025-08-25 09:01:23,616 - INFO - Price: 198.99600, Support: 2, Resistance: 1
2025-08-25 09:01:28,744 - INFO - Price: 198.99600, Support: 2, Resistance: 1
2025-08-25 09:01:33,899 - INFO - Price: 199.01100, Support: 2, Resistance: 1
2025-08-25 09:01:39,029 - INFO - Price: 199.01200, Support: 2, Resistance: 1
2025-08-25 09:01:44,145 - INFO - Price: 199.01800, Support: 2, Resistance: 1
2025-08-25 09:01:49,267 - INFO - Price: 199.02900, Support: 2, Resistance: 1
2025-08-25 09:01:54,379 - INFO - Price: 199.03300, Support: 2, Resistance: 1
2025-08-25 09:01:59,499 - INFO - Price: 199.02400, Support: 2, Resistance: 1
2025-08-25 09:02:04,622 - INFO - Price: 199.02400, Support: 2, Resistance: 1
2025-08-25 09:02:09,745 - INFO - Price: 199.02200, Support: 3, Resistance: 1
2025-08-25 09:02:14,872 - INFO - Price: 199.02800, Support: 2, Resistance: 1
2025-08-25 09:02:19,989 - INFO - Price: 199.02500, Support: 2, Resistance: 1
2025-08-25 09:02:25,113 - INFO - Price: 199.02500, Support: 2, Resistance: 1
2025-08-25 09:02:30,247 - INFO - Price: 199.02500, Support: 2, Resistance: 1
2025-08-25 09:02:35,370 - INFO - Price: 199.00800, Support: 2, Resistance: 1
2025-08-25 09:02:40,510 - INFO - Price: 199.01300, Support: 2, Resistance: 1
2025-08-25 09:02:45,636 - INFO - Price: 199.01600, Support: 2, Resistance: 1
2025-08-25 09:02:50,754 - INFO - Price: 199.01400, Support: 2, Resistance: 1
2025-08-25 09:02:55,875 - INFO - Price: 199.00800, Support: 2, Resistance: 1
2025-08-25 09:03:00,994 - INFO - Price: 199.00500, Support: 2, Resistance: 1
2025-08-25 09:03:06,116 - INFO - Price: 199.01300, Support: 2, Resistance: 1
2025-08-25 09:03:11,242 - INFO - Price: 199.01200, Support: 2, Resistance: 1
2025-08-25 09:03:16,356 - INFO - Price: 199.01200, Support: 2, Resistance: 1
2025-08-25 09:03:21,481 - INFO - Price: 199.01200, Support: 2, Resistance: 1
2025-08-25 09:03:26,610 - INFO - Price: 199.01900, Support: 2, Resistance: 1
2025-08-25 09:03:31,733 - INFO - Price: 199.02000, Support: 2, Resistance: 1
2025-08-25 09:03:36,853 - INFO - Price: 199.03100, Support: 2, Resistance: 1
2025-08-25 09:03:41,972 - INFO - Price: 199.03100, Support: 2, Resistance: 1
2025-08-25 09:03:47,087 - INFO - Price: 199.03300, Support: 2, Resistance: 1
2025-08-25 09:03:52,232 - INFO - Price: 199.03500, Support: 2, Resistance: 1
2025-08-25 09:03:57,355 - INFO - Price: 199.03500, Support: 2, Resistance: 1
2025-08-25 09:04:02,473 - INFO - Price: 199.03200, Support: 2, Resistance: 1
2025-08-25 09:04:07,600 - INFO - Price: 199.03100, Support: 2, Resistance: 1
2025-08-25 09:04:12,722 - INFO - Price: 199.02800, Support: 2, Resistance: 1
2025-08-25 09:04:17,841 - INFO - Price: 199.02900, Support: 2, Resistance: 1
2025-08-25 09:04:22,957 - INFO - Price: 199.02800, Support: 2, Resistance: 1
2025-08-25 09:04:28,077 - INFO - Price: 199.03000, Support: 2, Resistance: 1
2025-08-25 09:04:33,192 - INFO - Price: 199.03100, Support: 2, Resistance: 1
2025-08-25 09:04:38,314 - INFO - Price: 199.02700, Support: 2, Resistance: 1
2025-08-25 09:04:43,593 - INFO - Price: 199.02700, Support: 2, Resistance: 1
2025-08-25 09:04:48,745 - INFO - Price: 199.02700, Support: 2, Resistance: 1
2025-08-25 09:04:53,871 - INFO - Price: 199.02700, Support: 2, Resistance: 1
2025-08-25 09:04:59,008 - INFO - Price: 199.03200, Support: 2, Resistance: 1
2025-08-25 09:05:04,153 - INFO - Price: 199.04500, Support: 2, Resistance: 1
2025-08-25 09:05:09,296 - INFO - Price: 199.04800, Support: 2, Resistance: 1
2025-08-25 09:05:14,465 - INFO - Price: 199.04200, Support: 2, Resistance: 1
2025-08-25 09:05:19,584 - INFO - Price: 199.04400, Support: 2, Resistance: 1
2025-08-25 09:05:24,704 - INFO - Price: 199.03900, Support: 2, Resistance: 1
2025-08-25 09:05:29,816 - INFO - Price: 199.04600, Support: 2, Resistance: 1
2025-08-25 09:05:34,933 - INFO - Price: 199.02700, Support: 2, Resistance: 1
2025-08-25 09:05:40,047 - INFO - Price: 199.01800, Support: 2, Resistance: 1
2025-08-25 09:05:45,172 - INFO - Price: 199.01500, Support: 2, Resistance: 1
2025-08-25 09:05:50,293 - INFO - Price: 199.01600, Support: 2, Resistance: 1
2025-08-25 09:05:55,406 - INFO - Price: 199.02000, Support: 2, Resistance: 1
2025-08-25 09:06:00,516 - INFO - Price: 199.01600, Support: 2, Resistance: 1
2025-08-25 09:06:05,627 - INFO - Price: 199.00400, Support: 2, Resistance: 1
2025-08-25 09:06:10,736 - INFO - Price: 199.00500, Support: 2, Resistance: 1
2025-08-25 09:06:15,845 - INFO - Price: 199.00700, Support: 2, Resistance: 1
2025-08-25 09:06:20,958 - INFO - Price: 198.99300, Support: 2, Resistance: 1
2025-08-25 09:06:26,077 - INFO - Price: 198.99400, Support: 2, Resistance: 1
2025-08-25 09:06:31,190 - INFO - Price: 198.99400, Support: 2, Resistance: 1
2025-08-25 09:06:36,310 - INFO - Price: 198.98700, Support: 2, Resistance: 1
2025-08-25 09:06:41,419 - INFO - Price: 198.96300, Support: 2, Resistance: 1
2025-08-25 09:06:46,527 - INFO - Price: 198.97200, Support: 2, Resistance: 1
2025-08-25 09:06:51,639 - INFO - Price: 198.97600, Support: 2, Resistance: 1
2025-08-25 09:06:56,747 - INFO - Price: 198.97400, Support: 2, Resistance: 1
2025-08-25 09:07:01,878 - INFO - Price: 198.97800, Support: 2, Resistance: 1
2025-08-25 09:07:06,997 - INFO - Price: 198.97700, Support: 2, Resistance: 1
2025-08-25 09:07:12,116 - INFO - Price: 198.98300, Support: 2, Resistance: 1
2025-08-25 09:07:17,247 - INFO - Price: 198.98400, Support: 2, Resistance: 1
2025-08-25 09:07:22,359 - INFO - Price: 198.98800, Support: 2, Resistance: 1
2025-08-25 09:07:27,472 - INFO - Price: 198.98200, Support: 2, Resistance: 1
2025-08-25 09:07:32,599 - INFO - Price: 198.98300, Support: 2, Resistance: 1
2025-08-25 09:07:37,714 - INFO - Price: 198.98500, Support: 2, Resistance: 1
2025-08-25 09:07:42,832 - INFO - Price: 198.98600, Support: 2, Resistance: 1
2025-08-25 09:07:47,947 - INFO - Price: 198.98100, Support: 2, Resistance: 1
2025-08-25 09:07:53,068 - INFO - Price: 198.96900, Support: 2, Resistance: 1
2025-08-25 09:07:58,183 - INFO - Price: 198.97200, Support: 2, Resistance: 1
2025-08-25 09:08:03,304 - INFO - Price: 198.97200, Support: 2, Resistance: 1
2025-08-25 09:08:08,415 - INFO - Price: 198.98700, Support: 2, Resistance: 1
2025-08-25 09:08:13,545 - INFO - Price: 198.99500, Support: 2, Resistance: 1
2025-08-25 09:08:18,658 - INFO - Price: 199.00400, Support: 2, Resistance: 1
2025-08-25 09:08:23,769 - INFO - Price: 199.00400, Support: 2, Resistance: 1
2025-08-25 09:08:28,897 - INFO - Price: 199.00700, Support: 2, Resistance: 1
2025-08-25 09:08:34,024 - INFO - Price: 199.00900, Support: 2, Resistance: 1
2025-08-25 09:08:39,133 - INFO - Price: 199.00800, Support: 2, Resistance: 1
2025-08-25 09:08:44,248 - INFO - Price: 199.00100, Support: 2, Resistance: 1
2025-08-25 09:08:49,356 - INFO - Price: 198.99800, Support: 2, Resistance: 1
2025-08-25 09:08:54,468 - INFO - Price: 198.99500, Support: 2, Resistance: 1
2025-08-25 09:08:59,583 - INFO - Price: 198.99600, Support: 2, Resistance: 1
2025-08-25 09:09:04,705 - INFO - Price: 198.99600, Support: 2, Resistance: 1
2025-08-25 09:09:09,819 - INFO - Price: 198.98500, Support: 2, Resistance: 1
2025-08-25 09:09:14,940 - INFO - Price: 198.98900, Support: 2, Resistance: 1
2025-08-25 09:09:20,072 - INFO - Price: 198.99300, Support: 2, Resistance: 1
2025-08-25 09:09:25,186 - INFO - Price: 198.99200, Support: 2, Resistance: 1
2025-08-25 09:09:30,364 - INFO - Price: 198.99100, Support: 2, Resistance: 1
2025-08-25 09:09:35,486 - INFO - Price: 198.99100, Support: 2, Resistance: 1
2025-08-25 09:09:40,599 - INFO - Price: 198.98700, Support: 2, Resistance: 1
2025-08-25 09:09:45,713 - INFO - Price: 198.98100, Support: 2, Resistance: 1
2025-08-25 09:09:50,831 - INFO - Price: 198.97700, Support: 2, Resistance: 1
2025-08-25 09:09:55,946 - INFO - Price: 198.98500, Support: 2, Resistance: 1
2025-08-25 09:10:01,068 - INFO - Price: 198.96800, Support: 2, Resistance: 1
2025-08-25 09:10:06,183 - INFO - Price: 198.97100, Support: 2, Resistance: 1
2025-08-25 09:10:11,300 - INFO - Price: 198.97200, Support: 2, Resistance: 1
2025-08-25 09:10:16,416 - INFO - Price: 198.97500, Support: 2, Resistance: 1
2025-08-25 09:10:21,532 - INFO - Price: 198.96000, Support: 2, Resistance: 1
2025-08-25 09:10:26,649 - INFO - Price: 198.96100, Support: 2, Resistance: 1
2025-08-25 09:10:31,768 - INFO - Price: 198.97200, Support: 2, Resistance: 1
2025-08-25 09:10:36,882 - INFO - Price: 198.97500, Support: 2, Resistance: 1
2025-08-25 09:10:42,000 - INFO - Price: 198.97600, Support: 2, Resistance: 1
2025-08-25 09:10:47,116 - INFO - Price: 198.97500, Support: 2, Resistance: 1
2025-08-25 09:10:52,230 - INFO - Price: 198.97500, Support: 2, Resistance: 1
2025-08-25 09:10:57,347 - INFO - Price: 198.97500, Support: 2, Resistance: 1
2025-08-25 09:11:02,467 - INFO - Price: 198.97900, Support: 2, Resistance: 1
2025-08-25 09:11:07,580 - INFO - Price: 198.97600, Support: 2, Resistance: 1
2025-08-25 09:11:12,701 - INFO - Price: 198.97700, Support: 2, Resistance: 1
2025-08-25 09:11:17,818 - INFO - Price: 198.98100, Support: 2, Resistance: 1
2025-08-25 09:11:22,932 - INFO - Price: 198.98700, Support: 2, Resistance: 1
2025-08-25 09:11:28,046 - INFO - Price: 198.97700, Support: 2, Resistance: 1
2025-08-25 09:11:33,168 - INFO - Price: 198.97500, Support: 2, Resistance: 1
2025-08-25 09:11:38,302 - INFO - Price: 198.97600, Support: 2, Resistance: 1
2025-08-25 09:11:43,418 - INFO - Price: 198.97900, Support: 2, Resistance: 1
2025-08-25 09:11:48,559 - INFO - Price: 198.97700, Support: 2, Resistance: 1
2025-08-25 09:11:53,680 - INFO - Price: 198.97600, Support: 2, Resistance: 1
2025-08-25 09:11:58,804 - INFO - Price: 198.97000, Support: 2, Resistance: 1
2025-08-25 09:12:03,931 - INFO - Price: 198.96900, Support: 2, Resistance: 1
2025-08-25 09:12:09,053 - INFO - Price: 198.97400, Support: 2, Resistance: 1
2025-08-25 09:12:14,176 - INFO - Price: 198.97400, Support: 2, Resistance: 1
2025-08-25 09:12:19,301 - INFO - Price: 198.97500, Support: 2, Resistance: 1
2025-08-25 09:12:24,447 - INFO - Price: 198.97600, Support: 2, Resistance: 1
2025-08-25 09:12:29,565 - INFO - Price: 198.97300, Support: 2, Resistance: 1
2025-08-25 09:12:34,685 - INFO - Price: 198.97900, Support: 2, Resistance: 1
2025-08-25 09:12:39,812 - INFO - Price: 198.98600, Support: 2, Resistance: 1
2025-08-25 09:12:44,928 - INFO - Price: 198.95300, Support: 2, Resistance: 1
2025-08-25 09:12:50,043 - INFO - Price: 198.95400, Support: 2, Resistance: 1
2025-08-25 09:12:55,157 - INFO - Price: 198.95400, Support: 2, Resistance: 1
2025-08-25 09:13:00,272 - INFO - Price: 198.95700, Support: 2, Resistance: 1
2025-08-25 09:13:05,386 - INFO - Price: 198.97300, Support: 2, Resistance: 1
2025-08-25 09:13:10,499 - INFO - Price: 198.96500, Support: 2, Resistance: 1
2025-08-25 09:13:15,615 - INFO - Price: 198.95700, Support: 2, Resistance: 1
2025-08-25 09:13:20,739 - INFO - Price: 198.95500, Support: 2, Resistance: 1
2025-08-25 09:13:25,860 - INFO - Price: 198.95500, Support: 2, Resistance: 1
2025-08-25 09:13:30,979 - INFO - Price: 198.95400, Support: 2, Resistance: 1
2025-08-25 09:13:36,100 - INFO - Price: 198.95300, Support: 2, Resistance: 1
2025-08-25 09:13:41,221 - INFO - Price: 198.95400, Support: 2, Resistance: 1
2025-08-25 09:13:46,354 - INFO - Price: 198.95800, Support: 2, Resistance: 1
2025-08-25 09:13:51,466 - INFO - Price: 198.95700, Support: 2, Resistance: 1
2025-08-25 09:13:56,581 - INFO - Price: 198.96300, Support: 2, Resistance: 1
2025-08-25 09:14:01,694 - INFO - Price: 198.96500, Support: 2, Resistance: 1
2025-08-25 09:14:06,807 - INFO - Price: 198.96100, Support: 2, Resistance: 1
2025-08-25 09:14:11,923 - INFO - Price: 198.96200, Support: 2, Resistance: 1
2025-08-25 09:14:17,048 - INFO - Price: 198.95900, Support: 2, Resistance: 1
2025-08-25 09:14:22,174 - INFO - Price: 198.95800, Support: 2, Resistance: 1
2025-08-25 09:14:27,290 - INFO - Price: 198.95700, Support: 2, Resistance: 1
2025-08-25 09:14:32,401 - INFO - Price: 198.95300, Support: 2, Resistance: 1
2025-08-25 09:14:37,520 - INFO - Price: 198.95900, Support: 2, Resistance: 1
2025-08-25 09:14:42,660 - INFO - Price: 198.95300, Support: 2, Resistance: 1
2025-08-25 09:14:47,787 - INFO - Price: 198.95300, Support: 2, Resistance: 1
2025-08-25 09:14:52,952 - INFO - Price: 198.95700, Support: 2, Resistance: 1
2025-08-25 09:14:58,073 - INFO - Price: 198.95200, Support: 2, Resistance: 1
2025-08-25 09:15:03,201 - INFO - Price: 198.95100, Support: 2, Resistance: 1
2025-08-25 09:15:08,329 - INFO - Price: 198.95700, Support: 2, Resistance: 1
2025-08-25 09:15:13,447 - INFO - Price: 198.95300, Support: 2, Resistance: 1
2025-08-25 09:15:18,579 - INFO - Price: 198.95400, Support: 2, Resistance: 1
2025-08-25 09:15:23,702 - INFO - Price: 198.96000, Support: 2, Resistance: 1
2025-08-25 09:15:28,823 - INFO - Price: 198.95000, Support: 2, Resistance: 1
2025-08-25 09:15:33,938 - INFO - Price: 198.95800, Support: 2, Resistance: 1
2025-08-25 09:15:39,056 - INFO - Price: 198.95700, Support: 2, Resistance: 1
2025-08-25 09:15:44,183 - INFO - Price: 198.95600, Support: 2, Resistance: 1
2025-08-25 09:15:49,299 - INFO - Price: 198.95500, Support: 2, Resistance: 1
2025-08-25 09:15:54,419 - INFO - Price: 198.95200, Support: 2, Resistance: 1
2025-08-25 09:15:59,547 - INFO - Price: 198.95200, Support: 2, Resistance: 1
2025-08-25 09:16:04,666 - INFO - Price: 198.95400, Support: 2, Resistance: 1
2025-08-25 09:16:09,793 - INFO - Price: 198.95400, Support: 2, Resistance: 1
2025-08-25 09:16:14,934 - INFO - Price: 198.95700, Support: 2, Resistance: 1
2025-08-25 09:16:20,055 - INFO - Price: 198.96700, Support: 2, Resistance: 1
2025-08-25 09:16:25,199 - INFO - Price: 198.96100, Support: 2, Resistance: 1
2025-08-25 09:16:30,316 - INFO - Price: 198.95800, Support: 2, Resistance: 1
2025-08-25 09:16:35,443 - INFO - Price: 198.96100, Support: 2, Resistance: 1
2025-08-25 09:16:40,564 - INFO - Price: 198.95600, Support: 2, Resistance: 1
2025-08-25 09:16:45,683 - INFO - Price: 198.95500, Support: 2, Resistance: 1
2025-08-25 09:16:50,803 - INFO - Price: 198.95700, Support: 2, Resistance: 1
2025-08-25 09:16:55,923 - INFO - Price: 198.95600, Support: 2, Resistance: 1
2025-08-25 09:17:01,043 - INFO - Price: 198.95800, Support: 2, Resistance: 1
2025-08-25 09:17:06,162 - INFO - Price: 198.95800, Support: 2, Resistance: 1
2025-08-25 09:17:11,279 - INFO - Price: 198.95800, Support: 2, Resistance: 1
2025-08-25 09:17:16,403 - INFO - Price: 198.95900, Support: 2, Resistance: 1
2025-08-25 09:17:21,527 - INFO - Price: 198.98000, Support: 2, Resistance: 1
2025-08-25 09:17:26,651 - INFO - Price: 198.97700, Support: 2, Resistance: 1
2025-08-25 09:17:31,774 - INFO - Price: 198.97500, Support: 2, Resistance: 1
2025-08-25 09:17:36,897 - INFO - Price: 198.97700, Support: 2, Resistance: 1
2025-08-25 09:17:42,016 - INFO - Price: 198.97900, Support: 2, Resistance: 1
2025-08-25 09:17:47,136 - INFO - Price: 198.98000, Support: 2, Resistance: 1
2025-08-25 09:17:52,256 - INFO - Price: 198.99100, Support: 2, Resistance: 1
2025-08-25 09:17:57,382 - INFO - Price: 198.98900, Support: 2, Resistance: 1
2025-08-25 09:18:02,498 - INFO - Price: 198.99000, Support: 2, Resistance: 1
2025-08-25 09:18:07,616 - INFO - Price: 198.98900, Support: 2, Resistance: 1
2025-08-25 09:18:12,731 - INFO - Price: 198.98900, Support: 2, Resistance: 1
2025-08-25 09:18:17,850 - INFO - Price: 198.98700, Support: 2, Resistance: 1
2025-08-25 09:18:22,979 - INFO - Price: 199.00200, Support: 2, Resistance: 1
2025-08-25 09:18:28,109 - INFO - Price: 199.00200, Support: 2, Resistance: 1
2025-08-25 09:18:33,235 - INFO - Price: 198.99900, Support: 2, Resistance: 1
2025-08-25 09:18:38,368 - INFO - Price: 199.00600, Support: 2, Resistance: 1
2025-08-25 09:18:43,491 - INFO - Price: 199.00400, Support: 2, Resistance: 1
2025-08-25 09:18:48,608 - INFO - Price: 199.00200, Support: 2, Resistance: 1
2025-08-25 09:18:53,729 - INFO - Price: 199.00500, Support: 2, Resistance: 1
2025-08-25 09:18:58,852 - INFO - Price: 199.00100, Support: 2, Resistance: 1
2025-08-25 09:19:03,977 - INFO - Price: 199.00100, Support: 2, Resistance: 1
2025-08-25 09:19:09,095 - INFO - Price: 199.00400, Support: 2, Resistance: 1
2025-08-25 09:19:14,214 - INFO - Price: 199.00500, Support: 2, Resistance: 1
2025-08-25 09:19:19,344 - INFO - Price: 199.00400, Support: 2, Resistance: 1
2025-08-25 09:19:24,472 - INFO - Price: 199.00300, Support: 2, Resistance: 1
2025-08-25 09:19:29,616 - INFO - Price: 199.00400, Support: 2, Resistance: 1
2025-08-25 09:19:34,734 - INFO - Price: 199.00200, Support: 2, Resistance: 1
2025-08-25 09:19:39,861 - INFO - Price: 199.00200, Support: 2, Resistance: 1
2025-08-25 09:19:44,985 - INFO - Price: 199.01100, Support: 2, Resistance: 1
2025-08-25 09:19:50,105 - INFO - Price: 199.01600, Support: 2, Resistance: 1
2025-08-25 09:19:55,228 - INFO - Price: 199.01900, Support: 2, Resistance: 1
2025-08-25 09:20:00,347 - INFO - Price: 199.02000, Support: 2, Resistance: 1
2025-08-25 09:20:05,479 - INFO - Price: 199.02000, Support: 2, Resistance: 1
2025-08-25 09:20:10,603 - INFO - Price: 199.02000, Support: 2, Resistance: 1
2025-08-25 09:20:15,716 - INFO - Price: 199.02100, Support: 2, Resistance: 1
2025-08-25 09:20:20,833 - INFO - Price: 199.02000, Support: 2, Resistance: 1
2025-08-25 09:20:25,949 - INFO - Price: 199.01400, Support: 2, Resistance: 1
2025-08-25 09:20:31,071 - INFO - Price: 199.01000, Support: 2, Resistance: 1
2025-08-25 09:20:36,207 - INFO - Price: 199.00600, Support: 2, Resistance: 1
2025-08-25 09:20:41,329 - INFO - Price: 198.99400, Support: 2, Resistance: 1
2025-08-25 09:20:46,456 - INFO - Price: 198.98400, Support: 2, Resistance: 1
2025-08-25 09:20:51,579 - INFO - Price: 198.98000, Support: 2, Resistance: 1
2025-08-25 09:20:56,714 - INFO - Price: 198.98100, Support: 2, Resistance: 1
2025-08-25 09:21:01,828 - INFO - Price: 198.98200, Support: 2, Resistance: 1
2025-08-25 09:21:06,949 - INFO - Price: 198.97500, Support: 2, Resistance: 1
2025-08-25 09:21:12,063 - INFO - Price: 198.97800, Support: 2, Resistance: 1
2025-08-25 09:21:17,180 - INFO - Price: 198.97800, Support: 2, Resistance: 1
2025-08-25 09:21:22,293 - INFO - Price: 198.97600, Support: 2, Resistance: 1
2025-08-25 09:21:27,414 - INFO - Price: 198.97800, Support: 2, Resistance: 1
2025-08-25 09:21:32,534 - INFO - Price: 198.97800, Support: 2, Resistance: 1
2025-08-25 09:21:37,653 - INFO - Price: 198.97900, Support: 2, Resistance: 1
2025-08-25 09:21:42,767 - INFO - Price: 198.99700, Support: 2, Resistance: 1
2025-08-25 09:21:47,886 - INFO - Price: 198.99600, Support: 2, Resistance: 1
2025-08-25 09:21:53,006 - INFO - Price: 198.99300, Support: 2, Resistance: 1
2025-08-25 09:21:58,126 - INFO - Price: 198.99800, Support: 2, Resistance: 1
2025-08-25 09:22:03,257 - INFO - Price: 198.99500, Support: 2, Resistance: 1
2025-08-25 09:22:08,414 - INFO - Price: 198.97900, Support: 2, Resistance: 1
2025-08-25 09:22:13,548 - INFO - Price: 198.98600, Support: 2, Resistance: 1
2025-08-25 09:22:18,676 - INFO - Price: 198.98600, Support: 2, Resistance: 1
2025-08-25 09:22:23,795 - INFO - Price: 198.99100, Support: 2, Resistance: 1
2025-08-25 09:22:28,923 - INFO - Price: 198.98900, Support: 2, Resistance: 1
2025-08-25 09:22:34,056 - INFO - Price: 198.99000, Support: 2, Resistance: 1
2025-08-25 09:22:39,177 - INFO - Price: 198.99000, Support: 2, Resistance: 1
2025-08-25 09:22:44,299 - INFO - Price: 198.99100, Support: 2, Resistance: 1
2025-08-25 09:22:49,425 - INFO - Price: 198.99400, Support: 2, Resistance: 1
2025-08-25 09:22:54,546 - INFO - Price: 198.99500, Support: 2, Resistance: 1
2025-08-25 09:22:59,681 - INFO - Price: 198.99200, Support: 2, Resistance: 1
2025-08-25 09:23:04,845 - INFO - Price: 198.99900, Support: 2, Resistance: 1
2025-08-25 09:23:09,979 - INFO - Price: 199.00700, Support: 2, Resistance: 1
2025-08-25 09:23:15,109 - INFO - Price: 199.00400, Support: 2, Resistance: 1
2025-08-25 09:23:20,240 - INFO - Price: 199.00000, Support: 2, Resistance: 1
2025-08-25 09:23:25,380 - INFO - Price: 199.00000, Support: 2, Resistance: 1
2025-08-25 09:23:30,511 - INFO - Price: 199.00100, Support: 2, Resistance: 1
2025-08-25 09:23:35,650 - INFO - Price: 199.00000, Support: 2, Resistance: 1
2025-08-25 09:23:40,778 - INFO - Price: 199.00400, Support: 2, Resistance: 1
2025-08-25 09:23:45,912 - INFO - Price: 198.99900, Support: 2, Resistance: 1
2025-08-25 09:23:51,059 - INFO - Price: 198.99900, Support: 2, Resistance: 1
2025-08-25 09:23:56,189 - INFO - Price: 198.99700, Support: 2, Resistance: 1
2025-08-25 09:24:01,317 - INFO - Price: 198.99700, Support: 2, Resistance: 1
2025-08-25 09:24:06,456 - INFO - Price: 199.00500, Support: 2, Resistance: 1
2025-08-25 09:24:11,580 - INFO - Price: 199.00000, Support: 2, Resistance: 1
2025-08-25 09:24:16,704 - INFO - Price: 199.00000, Support: 2, Resistance: 1
2025-08-25 09:24:21,833 - INFO - Price: 198.99800, Support: 2, Resistance: 1
2025-08-25 09:24:26,957 - INFO - Price: 198.99700, Support: 2, Resistance: 1
2025-08-25 09:24:32,096 - INFO - Price: 198.99400, Support: 2, Resistance: 1
2025-08-25 09:24:37,220 - INFO - Price: 198.99400, Support: 2, Resistance: 1
2025-08-25 09:24:42,346 - INFO - Price: 198.99800, Support: 2, Resistance: 1
2025-08-25 09:24:47,474 - INFO - Price: 198.98300, Support: 2, Resistance: 1
2025-08-25 09:24:52,601 - INFO - Price: 198.97800, Support: 2, Resistance: 1
2025-08-25 09:24:57,727 - INFO - Price: 198.98100, Support: 2, Resistance: 1
2025-08-25 09:25:02,856 - INFO - Price: 198.98300, Support: 2, Resistance: 1
2025-08-25 09:25:07,993 - INFO - Price: 198.99500, Support: 2, Resistance: 1
2025-08-25 09:25:13,127 - INFO - Price: 199.00500, Support: 2, Resistance: 1
2025-08-25 09:25:18,252 - INFO - Price: 199.01600, Support: 2, Resistance: 1
2025-08-25 09:25:23,379 - INFO - Price: 199.01300, Support: 2, Resistance: 1
2025-08-25 09:25:28,508 - INFO - Price: 199.01700, Support: 2, Resistance: 1
2025-08-25 09:25:33,636 - INFO - Price: 199.02600, Support: 2, Resistance: 1
2025-08-25 09:25:38,764 - INFO - Price: 199.01700, Support: 2, Resistance: 1
2025-08-25 09:25:43,955 - INFO - Price: 199.02100, Support: 2, Resistance: 1
2025-08-25 09:25:49,088 - INFO - Price: 199.02400, Support: 2, Resistance: 1
2025-08-25 09:25:54,218 - INFO - Price: 199.02700, Support: 2, Resistance: 1
2025-08-25 09:25:59,366 - INFO - Price: 199.02700, Support: 2, Resistance: 1
2025-08-25 09:26:04,502 - INFO - Price: 199.00200, Support: 2, Resistance: 1
2025-08-25 09:26:09,639 - INFO - Price: 199.01900, Support: 2, Resistance: 1
2025-08-25 09:26:14,766 - INFO - Price: 199.01600, Support: 2, Resistance: 1
2025-08-25 09:26:19,889 - INFO - Price: 199.01500, Support: 2, Resistance: 1
2025-08-25 09:26:25,018 - INFO - Price: 199.02600, Support: 2, Resistance: 1
2025-08-25 09:26:30,152 - INFO - Price: 199.02700, Support: 2, Resistance: 1
2025-08-25 09:26:35,277 - INFO - Price: 199.02800, Support: 2, Resistance: 1
2025-08-25 09:26:40,417 - INFO - Price: 199.03100, Support: 2, Resistance: 1
2025-08-25 09:26:45,541 - INFO - Price: 199.03000, Support: 2, Resistance: 1
2025-08-25 09:26:50,664 - INFO - Price: 199.03000, Support: 2, Resistance: 1
2025-08-25 09:26:55,794 - INFO - Price: 199.02800, Support: 2, Resistance: 1
2025-08-25 09:27:00,913 - INFO - Price: 199.04000, Support: 2, Resistance: 1
2025-08-25 09:27:06,039 - INFO - Price: 199.04600, Support: 2, Resistance: 1
2025-08-25 09:27:11,165 - INFO - Price: 199.04100, Support: 2, Resistance: 1
2025-08-25 09:27:16,292 - INFO - Price: 199.05300, Support: 2, Resistance: 1
2025-08-25 09:27:21,423 - INFO - Price: 199.04700, Support: 2, Resistance: 1
2025-08-25 09:27:26,547 - INFO - Price: 199.06100, Support: 2, Resistance: 1
2025-08-25 09:27:31,674 - INFO - Price: 199.05800, Support: 2, Resistance: 1
2025-08-25 09:27:36,792 - INFO - Price: 199.06000, Support: 2, Resistance: 1
2025-08-25 09:27:41,918 - INFO - Price: 199.06000, Support: 2, Resistance: 1
2025-08-25 09:27:47,041 - INFO - Price: 199.06200, Support: 2, Resistance: 1
2025-08-25 09:27:52,170 - INFO - Price: 199.08200, Support: 2, Resistance: 1
2025-08-25 09:27:57,291 - INFO - Price: 199.08400, Support: 2, Resistance: 1
2025-08-25 09:28:02,415 - INFO - Price: 199.08400, Support: 2, Resistance: 1
2025-08-25 09:28:07,534 - INFO - Price: 199.08400, Support: 2, Resistance: 1
2025-08-25 09:28:12,657 - INFO - Price: 199.08400, Support: 2, Resistance: 1
2025-08-25 09:28:17,770 - INFO - Price: 199.08300, Support: 2, Resistance: 1
2025-08-25 09:28:22,890 - INFO - Price: 199.06900, Support: 2, Resistance: 1
2025-08-25 09:28:28,014 - INFO - Price: 199.07000, Support: 2, Resistance: 1
2025-08-25 09:28:33,137 - INFO - Price: 199.07000, Support: 2, Resistance: 1
2025-08-25 09:28:38,256 - INFO - Price: 199.07100, Support: 2, Resistance: 1
2025-08-25 09:28:43,373 - INFO - Price: 199.07600, Support: 2, Resistance: 1
2025-08-25 09:28:48,488 - INFO - Price: 199.08000, Support: 2, Resistance: 1
2025-08-25 09:28:53,617 - INFO - Price: 199.08400, Support: 2, Resistance: 1
2025-08-25 09:28:58,740 - INFO - Price: 199.06300, Support: 2, Resistance: 1
2025-08-25 09:29:03,861 - INFO - Price: 199.06800, Support: 2, Resistance: 1
2025-08-25 09:29:08,992 - INFO - Price: 199.07200, Support: 2, Resistance: 1
2025-08-25 09:29:14,111 - INFO - Price: 199.06900, Support: 2, Resistance: 1
2025-08-25 09:29:19,230 - INFO - Price: 199.06900, Support: 2, Resistance: 1
2025-08-25 09:29:24,358 - INFO - Price: 199.07500, Support: 2, Resistance: 1
2025-08-25 09:29:29,495 - INFO - Price: 199.07600, Support: 2, Resistance: 1
2025-08-25 09:29:34,614 - INFO - Price: 199.08000, Support: 2, Resistance: 1
2025-08-25 09:29:39,734 - INFO - Price: 199.07400, Support: 2, Resistance: 1
2025-08-25 09:29:44,854 - INFO - Price: 199.07500, Support: 2, Resistance: 1
2025-08-25 09:29:49,980 - INFO - Price: 199.07400, Support: 2, Resistance: 1
2025-08-25 09:29:55,104 - INFO - Price: 199.07400, Support: 2, Resistance: 1
2025-08-25 09:30:00,252 - INFO - Price: 199.07100, Support: 2, Resistance: 1
2025-08-25 09:30:05,375 - INFO - Price: 199.05500, Support: 2, Resistance: 1
2025-08-25 09:30:10,502 - INFO - Price: 199.05700, Support: 2, Resistance: 1
2025-08-25 09:30:15,620 - INFO - Price: 199.05600, Support: 2, Resistance: 1
2025-08-25 09:30:20,745 - INFO - Price: 199.05400, Support: 2, Resistance: 1
2025-08-25 09:30:25,867 - INFO - Price: 199.05000, Support: 2, Resistance: 1
2025-08-25 09:30:30,992 - INFO - Price: 199.03800, Support: 2, Resistance: 1
2025-08-25 09:30:36,134 - INFO - Price: 199.04300, Support: 2, Resistance: 1
2025-08-25 09:30:41,270 - INFO - Price: 199.02400, Support: 2, Resistance: 1
2025-08-25 09:30:46,424 - INFO - Price: 199.01600, Support: 2, Resistance: 1
2025-08-25 09:30:51,550 - INFO - Price: 199.01700, Support: 2, Resistance: 1
2025-08-25 09:30:56,674 - INFO - Price: 199.02500, Support: 2, Resistance: 1
2025-08-25 09:31:01,787 - INFO - Price: 199.03800, Support: 2, Resistance: 1
2025-08-25 09:31:06,915 - INFO - Price: 199.04500, Support: 2, Resistance: 1
2025-08-25 09:31:12,030 - INFO - Price: 199.04800, Support: 2, Resistance: 1
2025-08-25 09:31:17,147 - INFO - Price: 199.04500, Support: 2, Resistance: 1
2025-08-25 09:31:22,267 - INFO - Price: 199.05100, Support: 2, Resistance: 1
2025-08-25 09:31:27,389 - INFO - Price: 199.05200, Support: 2, Resistance: 1
2025-08-25 09:31:32,509 - INFO - Price: 199.04800, Support: 2, Resistance: 1
2025-08-25 09:31:37,623 - INFO - Price: 199.04700, Support: 2, Resistance: 1
2025-08-25 09:31:42,736 - INFO - Price: 199.04000, Support: 2, Resistance: 1
2025-08-25 09:31:47,857 - INFO - Price: 199.04200, Support: 2, Resistance: 1
2025-08-25 09:31:52,976 - INFO - Price: 199.05500, Support: 2, Resistance: 1
2025-08-25 09:31:58,090 - INFO - Price: 199.05400, Support: 2, Resistance: 2
2025-08-25 09:32:03,211 - INFO - Price: 199.06100, Support: 2, Resistance: 2
2025-08-25 09:32:08,333 - INFO - Price: 199.06200, Support: 2, Resistance: 2
2025-08-25 09:32:13,458 - INFO - Price: 199.06600, Support: 2, Resistance: 2
2025-08-25 09:32:18,583 - INFO - Price: 199.06800, Support: 2, Resistance: 2
2025-08-25 09:32:23,708 - INFO - Price: 199.06700, Support: 2, Resistance: 2
2025-08-25 09:32:28,831 - INFO - Price: 199.06300, Support: 2, Resistance: 2
2025-08-25 09:32:33,953 - INFO - Price: 199.06800, Support: 2, Resistance: 2
2025-08-25 09:32:39,072 - INFO - Price: 199.07200, Support: 2, Resistance: 2
2025-08-25 09:32:44,247 - INFO - Price: 199.06700, Support: 2, Resistance: 2
2025-08-25 09:32:49,374 - INFO - Price: 199.07400, Support: 2, Resistance: 2
2025-08-25 09:32:54,510 - INFO - Price: 199.07600, Support: 2, Resistance: 2
2025-08-25 09:32:59,652 - INFO - Price: 199.08200, Support: 2, Resistance: 2
2025-08-25 09:33:04,781 - INFO - Price: 199.08800, Support: 2, Resistance: 2
2025-08-25 09:33:10,014 - INFO - Price: 199.08900, Support: 2, Resistance: 2
2025-08-25 09:33:15,191 - INFO - Price: 199.08900, Support: 2, Resistance: 2
2025-08-25 09:33:20,368 - INFO - Price: 199.09000, Support: 2, Resistance: 2
2025-08-25 09:33:25,557 - INFO - Price: 199.09400, Support: 2, Resistance: 2
2025-08-25 09:33:30,687 - INFO - Price: 199.10300, Support: 2, Resistance: 2
2025-08-25 09:33:35,892 - INFO - Price: 199.10600, Support: 2, Resistance: 2
2025-08-25 09:33:41,013 - INFO - Price: 199.09900, Support: 2, Resistance: 2
2025-08-25 09:33:46,133 - INFO - Price: 199.09800, Support: 2, Resistance: 2
2025-08-25 09:33:51,251 - INFO - Price: 199.09800, Support: 2, Resistance: 2
2025-08-25 09:33:56,370 - INFO - Price: 199.10200, Support: 2, Resistance: 2
2025-08-25 09:34:01,492 - INFO - Price: 199.10200, Support: 2, Resistance: 2
2025-08-25 09:34:06,616 - INFO - Price: 199.09600, Support: 2, Resistance: 2
2025-08-25 09:34:11,740 - INFO - Price: 199.10000, Support: 2, Resistance: 2
2025-08-25 09:34:16,865 - INFO - Price: 199.10400, Support: 2, Resistance: 2
2025-08-25 09:34:21,983 - INFO - Price: 199.10300, Support: 2, Resistance: 2
2025-08-25 09:34:27,100 - INFO - Price: 199.10500, Support: 2, Resistance: 2
2025-08-25 09:34:32,220 - INFO - Price: 199.10800, Support: 2, Resistance: 2
2025-08-25 09:34:37,332 - INFO - Price: 199.10800, Support: 2, Resistance: 2
2025-08-25 09:34:42,450 - INFO - Price: 199.10600, Support: 2, Resistance: 2
2025-08-25 09:34:47,575 - INFO - Price: 199.10500, Support: 2, Resistance: 2
2025-08-25 09:34:52,693 - INFO - Price: 199.08600, Support: 2, Resistance: 2
2025-08-25 09:34:57,816 - INFO - Price: 199.08800, Support: 2, Resistance: 2
2025-08-25 09:35:02,936 - INFO - Price: 199.08300, Support: 2, Resistance: 2
2025-08-25 09:35:08,064 - INFO - Price: 199.07500, Support: 2, Resistance: 2
2025-08-25 09:35:13,200 - INFO - Price: 199.08000, Support: 2, Resistance: 2
2025-08-25 09:35:18,378 - INFO - Price: 199.08100, Support: 2, Resistance: 2
2025-08-25 09:35:23,592 - INFO - Price: 199.08200, Support: 2, Resistance: 2
2025-08-25 09:35:28,725 - INFO - Price: 199.08500, Support: 2, Resistance: 2
2025-08-25 09:42:38,491 - INFO - Connected to MT5: JustMarkets-Demo
2025-08-25 09:42:38,492 - INFO - Starting Enhanced Smart Trading Bot...
2025-08-25 09:42:39,150 - INFO - Support 198.97300 broken - now resistance
2025-08-25 09:42:39,151 - INFO - Support 198.99000 broken - now resistance
2025-08-25 09:42:39,152 - INFO - Support 198.99300 broken - now resistance
2025-08-25 09:42:39,152 - INFO - Support 199.00400 broken - now resistance
2025-08-25 09:42:39,152 - INFO - Support 199.01100 broken - now resistance
2025-08-25 09:42:39,153 - INFO - Support 199.01200 broken - now resistance
2025-08-25 09:42:39,153 - INFO - Support 199.01600 broken - now resistance
2025-08-25 09:42:39,153 - INFO - Support 199.02200 broken - now resistance
2025-08-25 09:42:39,154 - INFO - Support 199.02400 broken - now resistance
2025-08-25 09:42:39,154 - INFO - Support 199.02700 broken - now resistance
2025-08-25 09:42:39,154 - INFO - Support 199.03500 broken - now resistance
2025-08-25 09:42:39,154 - INFO - Support 199.04500 broken - now resistance
2025-08-25 09:42:39,155 - INFO - Price: 198.95300, Trend: BEARISH, Support: 13, Resistance: 13, Broken S: 12, Broken R: 0
2025-08-25 09:42:44,738 - INFO - Price: 198.95400, Trend: BEARISH, Support: 13, Resistance: 13, Broken S: 12, Broken R: 0
2025-08-25 09:42:50,353 - INFO - Price: 198.95400, Trend: BEARISH, Support: 13, Resistance: 13, Broken S: 12, Broken R: 0
2025-08-25 09:42:56,196 - INFO - Price: 198.95800, Trend: BEARISH, Support: 13, Resistance: 12, Broken S: 12, Broken R: 0
2025-08-25 09:43:02,218 - INFO - Price: 198.94500, Trend: BEARISH, Support: 13, Resistance: 12, Broken S: 12, Broken R: 0
2025-08-25 09:43:08,052 - INFO - Price: 198.94000, Trend: BEARISH, Support: 13, Resistance: 12, Broken S: 12, Broken R: 0
2025-08-25 09:43:14,695 - INFO - Price: 198.94000, Trend: BEARISH, Support: 13, Resistance: 12, Broken S: 12, Broken R: 0
2025-08-25 09:43:20,882 - INFO - Support 198.92200 broken - now resistance
2025-08-25 09:43:20,883 - INFO - Price: 198.91000, Trend: BEARISH, Support: 13, Resistance: 12, Broken S: 13, Broken R: 0
2025-08-25 09:43:27,374 - INFO - Price: 198.90800, Trend: BEARISH, Support: 13, Resistance: 12, Broken S: 13, Broken R: 0
2025-08-25 09:43:33,841 - INFO - Price: 198.91900, Trend: BEARISH, Support: 13, Resistance: 12, Broken S: 13, Broken R: 0
2025-08-25 09:43:39,966 - INFO - Price: 198.91100, Trend: BEARISH, Support: 13, Resistance: 12, Broken S: 13, Broken R: 0
2025-08-25 09:43:45,952 - INFO - Price: 198.92400, Trend: BEARISH, Support: 13, Resistance: 12, Broken S: 13, Broken R: 0
2025-08-25 09:43:52,383 - INFO - Price: 198.93900, Trend: BEARISH, Support: 13, Resistance: 12, Broken S: 13, Broken R: 0
2025-08-25 09:43:58,618 - INFO - Price: 198.93500, Trend: BEARISH, Support: 13, Resistance: 12, Broken S: 13, Broken R: 0
2025-08-25 09:44:04,966 - INFO - Price: 198.92000, Trend: BEARISH, Support: 13, Resistance: 12, Broken S: 13, Broken R: 0
2025-08-25 09:44:10,833 - INFO - Price: 198.92000, Trend: BEARISH, Support: 13, Resistance: 12, Broken S: 13, Broken R: 0
2025-08-25 09:44:17,059 - INFO - Price: 198.91600, Trend: BEARISH, Support: 13, Resistance: 12, Broken S: 13, Broken R: 0
2025-08-25 09:44:23,381 - INFO - Price: 198.91600, Trend: BEARISH, Support: 14, Resistance: 12, Broken S: 13, Broken R: 0
2025-08-25 09:44:29,267 - INFO - Price: 198.92100, Trend: BEARISH, Support: 14, Resistance: 12, Broken S: 13, Broken R: 0
2025-08-25 09:44:35,381 - INFO - Price: 198.89600, Trend: BEARISH, Support: 13, Resistance: 12, Broken S: 13, Broken R: 0
2025-08-25 09:44:41,392 - INFO - Price: 198.89800, Trend: BEARISH, Support: 13, Resistance: 12, Broken S: 13, Broken R: 0
2025-08-25 09:44:47,712 - INFO - Price: 198.88200, Trend: BEARISH, Support: 13, Resistance: 12, Broken S: 13, Broken R: 0
2025-08-25 09:44:53,769 - INFO - Price: 198.88300, Trend: BEARISH, Support: 13, Resistance: 12, Broken S: 13, Broken R: 0
2025-08-25 09:44:59,868 - INFO - Price: 198.90500, Trend: BEARISH, Support: 13, Resistance: 12, Broken S: 13, Broken R: 0
2025-08-25 09:45:05,935 - INFO - Price: 198.89900, Trend: BEARISH, Support: 13, Resistance: 12, Broken S: 13, Broken R: 0
2025-08-25 09:45:11,862 - INFO - Price: 198.90100, Trend: BEARISH, Support: 13, Resistance: 12, Broken S: 13, Broken R: 0
2025-08-25 09:45:18,315 - INFO - Price: 198.88700, Trend: BEARISH, Support: 13, Resistance: 12, Broken S: 13, Broken R: 0
2025-08-25 09:45:25,144 - INFO - Price: 198.88500, Trend: BEARISH, Support: 13, Resistance: 12, Broken S: 13, Broken R: 0
2025-08-25 09:45:31,051 - INFO - Price: 198.88900, Trend: BEARISH, Support: 13, Resistance: 12, Broken S: 13, Broken R: 0
2025-08-25 09:45:36,950 - INFO - Price: 198.87100, Trend: BEARISH, Support: 13, Resistance: 12, Broken S: 13, Broken R: 0
2025-08-25 09:45:42,727 - INFO - Price: 198.88300, Trend: BEARISH, Support: 13, Resistance: 12, Broken S: 13, Broken R: 0
2025-08-25 09:45:48,610 - INFO - Price: 198.88800, Trend: BEARISH, Support: 13, Resistance: 12, Broken S: 13, Broken R: 0
2025-08-25 09:45:54,544 - INFO - Price: 198.89700, Trend: BEARISH, Support: 13, Resistance: 12, Broken S: 13, Broken R: 0
2025-08-25 09:46:00,488 - INFO - Price: 198.90600, Trend: BEARISH, Support: 13, Resistance: 12, Broken S: 13, Broken R: 0
2025-08-25 09:46:06,426 - INFO - Price: 198.90600, Trend: BEARISH, Support: 13, Resistance: 12, Broken S: 13, Broken R: 0
2025-08-25 09:46:12,333 - INFO - Price: 198.90700, Trend: BEARISH, Support: 13, Resistance: 12, Broken S: 13, Broken R: 0
2025-08-25 09:46:18,220 - INFO - Price: 198.90400, Trend: BEARISH, Support: 13, Resistance: 12, Broken S: 13, Broken R: 0
2025-08-25 09:46:24,033 - INFO - Price: 198.90400, Trend: BEARISH, Support: 13, Resistance: 12, Broken S: 13, Broken R: 0
2025-08-25 09:46:29,902 - INFO - Price: 198.90800, Trend: BEARISH, Support: 13, Resistance: 12, Broken S: 13, Broken R: 0
2025-08-25 09:46:35,823 - INFO - Price: 198.90500, Trend: BEARISH, Support: 13, Resistance: 12, Broken S: 13, Broken R: 0
2025-08-25 09:46:41,637 - INFO - Price: 198.90800, Trend: BEARISH, Support: 13, Resistance: 12, Broken S: 13, Broken R: 0
2025-08-25 09:46:48,025 - INFO - Price: 198.90900, Trend: BEARISH, Support: 13, Resistance: 12, Broken S: 13, Broken R: 0
2025-08-25 09:46:53,863 - INFO - Price: 198.90800, Trend: BEARISH, Support: 13, Resistance: 12, Broken S: 13, Broken R: 0
2025-08-25 09:46:59,784 - INFO - Price: 198.90900, Trend: BEARISH, Support: 13, Resistance: 12, Broken S: 13, Broken R: 0
2025-08-25 09:47:05,552 - INFO - Price: 198.90900, Trend: BEARISH, Support: 13, Resistance: 12, Broken S: 13, Broken R: 0
2025-08-25 09:47:11,405 - INFO - Price: 198.91100, Trend: BEARISH, Support: 13, Resistance: 12, Broken S: 13, Broken R: 0
2025-08-25 09:47:17,258 - INFO - Price: 198.90900, Trend: BEARISH, Support: 13, Resistance: 12, Broken S: 13, Broken R: 0
2025-08-25 09:47:23,120 - INFO - Price: 198.91300, Trend: BEARISH, Support: 13, Resistance: 12, Broken S: 13, Broken R: 0
2025-08-25 09:47:29,029 - INFO - Price: 198.91800, Trend: BEARISH, Support: 13, Resistance: 12, Broken S: 13, Broken R: 0
2025-08-25 09:47:34,895 - INFO - Price: 198.92400, Trend: BEARISH, Support: 13, Resistance: 12, Broken S: 13, Broken R: 0
2025-08-25 09:47:40,787 - INFO - Price: 198.92400, Trend: BEARISH, Support: 13, Resistance: 12, Broken S: 13, Broken R: 0
2025-08-25 09:47:46,565 - INFO - Price: 198.92100, Trend: BEARISH, Support: 13, Resistance: 12, Broken S: 13, Broken R: 0
2025-08-25 09:47:52,309 - INFO - Price: 198.92000, Trend: BEARISH, Support: 13, Resistance: 12, Broken S: 13, Broken R: 0
2025-08-25 09:47:58,141 - INFO - Price: 198.91800, Trend: BEARISH, Support: 13, Resistance: 12, Broken S: 13, Broken R: 0
2025-08-25 09:48:03,972 - INFO - Price: 198.92300, Trend: BEARISH, Support: 12, Resistance: 12, Broken S: 13, Broken R: 0
2025-08-25 09:48:09,899 - INFO - Price: 198.92500, Trend: BEARISH, Support: 12, Resistance: 12, Broken S: 13, Broken R: 0
2025-08-25 09:48:15,845 - INFO - Price: 198.91800, Trend: BEARISH, Support: 12, Resistance: 12, Broken S: 13, Broken R: 0
2025-08-25 09:48:21,911 - INFO - Price: 198.91300, Trend: BEARISH, Support: 12, Resistance: 12, Broken S: 13, Broken R: 0
2025-08-25 09:48:28,234 - INFO - Price: 198.92000, Trend: BEARISH, Support: 12, Resistance: 12, Broken S: 13, Broken R: 0
2025-08-25 09:48:34,547 - INFO - Price: 198.92600, Trend: BEARISH, Support: 12, Resistance: 12, Broken S: 13, Broken R: 0
2025-08-25 09:48:40,386 - INFO - Price: 198.92000, Trend: BEARISH, Support: 12, Resistance: 12, Broken S: 13, Broken R: 0
2025-08-25 09:48:46,668 - INFO - Price: 198.92600, Trend: BEARISH, Support: 12, Resistance: 12, Broken S: 13, Broken R: 0
2025-08-25 09:48:52,605 - INFO - Price: 198.92600, Trend: BEARISH, Support: 12, Resistance: 12, Broken S: 13, Broken R: 0
2025-08-25 09:48:58,609 - INFO - Price: 198.92000, Trend: BEARISH, Support: 12, Resistance: 12, Broken S: 13, Broken R: 0
2025-08-25 09:49:05,673 - INFO - Price: 198.92000, Trend: BEARISH, Support: 12, Resistance: 11, Broken S: 13, Broken R: 0
2025-08-25 09:49:11,767 - INFO - Price: 198.93300, Trend: BEARISH, Support: 12, Resistance: 11, Broken S: 13, Broken R: 0
2025-08-25 09:49:17,712 - INFO - Price: 198.93100, Trend: BEARISH, Support: 12, Resistance: 11, Broken S: 13, Broken R: 0
2025-08-25 09:49:23,631 - INFO - Price: 198.93000, Trend: BEARISH, Support: 12, Resistance: 11, Broken S: 13, Broken R: 0
2025-08-25 09:49:29,639 - INFO - Price: 198.93000, Trend: BEARISH, Support: 12, Resistance: 11, Broken S: 13, Broken R: 0
2025-08-25 09:49:35,505 - INFO - Price: 198.93200, Trend: BEARISH, Support: 12, Resistance: 11, Broken S: 13, Broken R: 0
2025-08-25 09:49:41,355 - INFO - Price: 198.93700, Trend: BEARISH, Support: 12, Resistance: 11, Broken S: 13, Broken R: 0
2025-08-25 09:49:47,384 - INFO - Price: 198.93200, Trend: BEARISH, Support: 12, Resistance: 11, Broken S: 13, Broken R: 0
2025-08-25 09:49:53,835 - INFO - Price: 198.93300, Trend: BEARISH, Support: 12, Resistance: 11, Broken S: 13, Broken R: 0
2025-08-25 09:50:03,273 - INFO - Connected to MT5: JustMarkets-Demo
2025-08-25 09:50:03,274 - INFO - Starting Enhanced Smart Trading Bot...
2025-08-25 09:50:05,042 - INFO - Support 198.97300 broken - now resistance
2025-08-25 09:50:05,043 - INFO - Support 198.99000 broken - now resistance
2025-08-25 09:50:05,044 - INFO - Support 199.00400 broken - now resistance
2025-08-25 09:50:05,044 - INFO - Support 199.01100 broken - now resistance
2025-08-25 09:50:05,046 - INFO - Support 199.01200 broken - now resistance
2025-08-25 09:50:05,046 - INFO - Support 199.01600 broken - now resistance
2025-08-25 09:50:05,047 - INFO - Support 199.02200 broken - now resistance
2025-08-25 09:50:05,049 - INFO - Support 199.02400 broken - now resistance
2025-08-25 09:50:05,050 - INFO - Support 199.02700 broken - now resistance
2025-08-25 09:50:05,050 - INFO - Support 199.03500 broken - now resistance
2025-08-25 09:50:05,051 - INFO - Support 199.04500 broken - now resistance
2025-08-25 09:50:05,053 - INFO - Price: 198.92700, Trend: BEARISH, Support: 12, Resistance: 11, Broken S: 11, Broken R: 0
2025-08-25 09:50:11,774 - INFO - Price: 198.93100, Trend: BEARISH, Support: 12, Resistance: 11, Broken S: 11, Broken R: 0
2025-08-25 09:50:18,562 - INFO - Price: 198.93100, Trend: BEARISH, Support: 12, Resistance: 11, Broken S: 11, Broken R: 0
2025-08-25 09:50:25,134 - INFO - Price: 198.93100, Trend: BEARISH, Support: 12, Resistance: 11, Broken S: 11, Broken R: 0
2025-08-25 09:50:32,080 - INFO - Price: 198.92900, Trend: BEARISH, Support: 12, Resistance: 11, Broken S: 11, Broken R: 0
2025-08-25 09:50:38,815 - INFO - Price: 198.93100, Trend: BEARISH, Support: 12, Resistance: 11, Broken S: 11, Broken R: 0
2025-08-25 09:50:45,526 - INFO - Price: 198.94100, Trend: BEARISH, Support: 12, Resistance: 11, Broken S: 11, Broken R: 0
2025-08-25 09:50:52,285 - INFO - Price: 198.94700, Trend: BEARISH, Support: 12, Resistance: 11, Broken S: 11, Broken R: 0
2025-08-25 09:50:59,144 - INFO - Price: 198.95400, Trend: BEARISH, Support: 12, Resistance: 11, Broken S: 11, Broken R: 0
2025-08-25 09:51:05,966 - INFO - Price: 198.92900, Trend: BEARISH, Support: 12, Resistance: 12, Broken S: 11, Broken R: 0
2025-08-25 09:51:12,783 - INFO - Price: 198.93000, Trend: BEARISH, Support: 12, Resistance: 12, Broken S: 11, Broken R: 0
2025-08-25 09:51:19,495 - INFO - Price: 198.93200, Trend: BEARISH, Support: 12, Resistance: 12, Broken S: 11, Broken R: 0
2025-08-25 09:51:26,102 - INFO - Price: 198.92800, Trend: BEARISH, Support: 12, Resistance: 12, Broken S: 11, Broken R: 0
2025-08-25 09:51:32,913 - INFO - Price: 198.92500, Trend: BEARISH, Support: 12, Resistance: 12, Broken S: 11, Broken R: 0
2025-08-25 09:51:39,822 - INFO - Price: 198.93300, Trend: BEARISH, Support: 12, Resistance: 12, Broken S: 11, Broken R: 0
2025-08-25 09:51:46,582 - INFO - Price: 198.93200, Trend: BEARISH, Support: 12, Resistance: 12, Broken S: 11, Broken R: 0
2025-08-25 09:51:53,367 - INFO - Price: 198.94700, Trend: BEARISH, Support: 12, Resistance: 12, Broken S: 11, Broken R: 0
2025-08-25 09:52:00,085 - INFO - Price: 198.94100, Trend: BEARISH, Support: 12, Resistance: 12, Broken S: 11, Broken R: 0
2025-08-25 09:52:06,910 - INFO - Price: 198.95300, Trend: BEARISH, Support: 12, Resistance: 12, Broken S: 11, Broken R: 0
2025-08-25 09:52:13,790 - INFO - Price: 198.95400, Trend: BEARISH, Support: 12, Resistance: 12, Broken S: 11, Broken R: 0
2025-08-25 09:52:20,625 - INFO - Resistance 198.95700 broken - now support
2025-08-25 09:52:20,627 - INFO - Price: 198.96100, Trend: BEARISH, Support: 12, Resistance: 12, Broken S: 11, Broken R: 1
2025-08-25 09:52:27,464 - INFO - Price: 198.96300, Trend: BEARISH, Support: 12, Resistance: 12, Broken S: 11, Broken R: 1
2025-08-25 09:52:34,480 - INFO - Price: 198.95800, Trend: BEARISH, Support: 12, Resistance: 12, Broken S: 11, Broken R: 1
2025-08-25 09:52:41,149 - INFO - Price: 198.95900, Trend: BEARISH, Support: 12, Resistance: 12, Broken S: 11, Broken R: 1
2025-08-25 09:52:47,919 - INFO - Price: 198.95800, Trend: BEARISH, Support: 12, Resistance: 12, Broken S: 11, Broken R: 1
2025-08-25 09:52:54,728 - INFO - Price: 198.95200, Trend: BEARISH, Support: 12, Resistance: 12, Broken S: 11, Broken R: 1
2025-08-25 09:53:01,590 - INFO - Price: 198.95000, Trend: BEARISH, Support: 12, Resistance: 12, Broken S: 11, Broken R: 1
2025-08-25 09:53:08,483 - INFO - Price: 198.94200, Trend: BEARISH, Support: 12, Resistance: 12, Broken S: 11, Broken R: 1
2025-08-25 09:53:15,172 - INFO - Price: 198.94300, Trend: BEARISH, Support: 12, Resistance: 12, Broken S: 11, Broken R: 1
2025-08-25 09:53:21,873 - INFO - Price: 198.95200, Trend: BEARISH, Support: 12, Resistance: 12, Broken S: 11, Broken R: 1
2025-08-25 09:53:28,772 - INFO - Price: 198.95100, Trend: BEARISH, Support: 12, Resistance: 12, Broken S: 11, Broken R: 1
2025-08-25 09:53:35,617 - INFO - Price: 198.96000, Trend: BEARISH, Support: 12, Resistance: 12, Broken S: 11, Broken R: 1
2025-08-25 09:53:42,053 - INFO - Price: 198.96000, Trend: BEARISH, Support: 12, Resistance: 12, Broken S: 11, Broken R: 1
2025-08-25 09:53:49,080 - INFO - Price: 198.94900, Trend: BEARISH, Support: 12, Resistance: 12, Broken S: 11, Broken R: 1
2025-08-25 09:53:55,834 - INFO - Price: 198.95100, Trend: BEARISH, Support: 12, Resistance: 12, Broken S: 11, Broken R: 1
2025-08-25 09:54:02,619 - INFO - Price: 198.95500, Trend: BEARISH, Support: 12, Resistance: 12, Broken S: 11, Broken R: 1
2025-08-25 09:54:09,321 - INFO - Price: 198.95500, Trend: BEARISH, Support: 12, Resistance: 12, Broken S: 11, Broken R: 1
2025-08-25 09:54:16,094 - INFO - Price: 198.95300, Trend: BEARISH, Support: 12, Resistance: 12, Broken S: 11, Broken R: 1
2025-08-25 09:54:22,803 - INFO - Price: 198.94900, Trend: BEARISH, Support: 13, Resistance: 12, Broken S: 11, Broken R: 1
2025-08-25 09:54:29,749 - INFO - Price: 198.95500, Trend: BEARISH, Support: 13, Resistance: 12, Broken S: 11, Broken R: 1
2025-08-25 09:54:35,581 - INFO - Price: 198.94600, Trend: BEARISH, Support: 12, Resistance: 12, Broken S: 11, Broken R: 1
2025-08-25 09:54:41,077 - INFO - Price: 198.95200, Trend: BEARISH, Support: 12, Resistance: 12, Broken S: 11, Broken R: 1
2025-08-25 09:54:46,564 - INFO - Price: 198.95500, Trend: BEARISH, Support: 12, Resistance: 12, Broken S: 11, Broken R: 1
2025-08-25 09:54:52,079 - INFO - Price: 198.94900, Trend: BEARISH, Support: 12, Resistance: 12, Broken S: 11, Broken R: 1
2025-08-25 09:54:57,568 - INFO - Price: 198.95000, Trend: BEARISH, Support: 12, Resistance: 12, Broken S: 11, Broken R: 1
2025-08-25 09:55:03,032 - INFO - Price: 198.94600, Trend: BEARISH, Support: 11, Resistance: 13, Broken S: 11, Broken R: 1
2025-08-25 09:55:08,535 - INFO - Price: 198.94500, Trend: BEARISH, Support: 11, Resistance: 13, Broken S: 11, Broken R: 1
2025-08-25 09:55:14,008 - INFO - Price: 198.93500, Trend: BEARISH, Support: 11, Resistance: 13, Broken S: 11, Broken R: 1
2025-08-25 09:55:19,521 - INFO - Price: 198.94000, Trend: BEARISH, Support: 11, Resistance: 13, Broken S: 11, Broken R: 1
2025-08-25 09:55:25,023 - INFO - Price: 198.93900, Trend: BEARISH, Support: 11, Resistance: 13, Broken S: 11, Broken R: 1
2025-08-25 09:55:30,659 - INFO - Price: 198.94500, Trend: BEARISH, Support: 11, Resistance: 13, Broken S: 11, Broken R: 1
2025-08-25 09:55:36,207 - INFO - Price: 198.94900, Trend: BEARISH, Support: 11, Resistance: 13, Broken S: 11, Broken R: 1
2025-08-25 09:55:43,264 - INFO - Price: 198.95000, Trend: BEARISH, Support: 11, Resistance: 13, Broken S: 11, Broken R: 1
2025-08-25 09:58:32,258 - INFO - Connected to MT5: JustMarkets-Demo
2025-08-25 09:58:32,259 - INFO - Starting Enhanced Smart Trading Bot for symbols: GBPJPY.s, EURUSD.s, USDJPY.s, GBPUSD.s
2025-08-25 09:58:33,112 - INFO - GBPJPY.s: Support 198.99000 broken - now resistance
2025-08-25 09:58:33,114 - INFO - GBPJPY.s: Support 199.00400 broken - now resistance
2025-08-25 09:58:33,115 - INFO - GBPJPY.s: Support 199.01100 broken - now resistance
2025-08-25 09:58:33,115 - INFO - GBPJPY.s: Support 199.01200 broken - now resistance
2025-08-25 09:58:33,115 - INFO - GBPJPY.s: Support 199.01600 broken - now resistance
2025-08-25 09:58:33,116 - INFO - GBPJPY.s: Support 199.02200 broken - now resistance
2025-08-25 09:58:33,116 - INFO - GBPJPY.s: Support 199.02700 broken - now resistance
2025-08-25 09:58:33,116 - INFO - GBPJPY.s: Support 199.03500 broken - now resistance
2025-08-25 09:58:33,117 - INFO - GBPJPY.s: Support 199.04500 broken - now resistance
2025-08-25 09:58:33,117 - INFO - GBPJPY.s: Resistance 198.95700 broken - now support
2025-08-25 09:58:33,117 - INFO - GBPJPY.s: Resistance 198.97000 broken - now support
2025-08-25 09:58:33,118 - INFO - GBPJPY.s: Price: 198.98200, Trend: BULLISH, Support: 13, Resistance: 12, Broken S: 9, Broken R: 2
2025-08-25 09:58:33,676 - INFO - EURUSD.s: Resistance 1.17052 broken - now support
2025-08-25 09:58:33,687 - INFO - EURUSD.s: Price: 1.17168, Trend: BEARISH, Support: 2, Resistance: 2, Broken S: 0, Broken R: 1
2025-08-25 09:58:35,769 - INFO - USDJPY.s: Support 147.21500 broken - now resistance
2025-08-25 09:58:35,770 - INFO - USDJPY.s: Support 147.26100 broken - now resistance
2025-08-25 09:58:35,770 - INFO - USDJPY.s: Support 147.26700 broken - now resistance
2025-08-25 09:58:35,771 - INFO - USDJPY.s: Support 147.27600 broken - now resistance
2025-08-25 09:58:35,771 - INFO - USDJPY.s: Support 147.28900 broken - now resistance
2025-08-25 09:58:35,772 - INFO - USDJPY.s: Support 147.30600 broken - now resistance
2025-08-25 09:58:35,772 - INFO - USDJPY.s: Support 147.31000 broken - now resistance
2025-08-25 09:58:35,773 - INFO - USDJPY.s: Support 147.31100 broken - now resistance
2025-08-25 09:58:35,774 - INFO - USDJPY.s: Support 147.31700 broken - now resistance
2025-08-25 09:58:35,775 - INFO - USDJPY.s: Support 147.31900 broken - now resistance
2025-08-25 09:58:35,777 - INFO - USDJPY.s: Price: 147.16400, Trend: BULLISH, Support: 11, Resistance: 8, Broken S: 10, Broken R: 0
2025-08-25 09:58:36,593 - INFO - GBPUSD.s: Price: 1.35210, Trend: BULLISH, Support: 3, Resistance: 2, Broken S: 0, Broken R: 0
2025-08-25 09:58:41,545 - INFO - GBPJPY.s: Price: 198.98700, Trend: BULLISH, Support: 13, Resistance: 12, Broken S: 9, Broken R: 2
2025-08-25 09:58:41,733 - INFO - EURUSD.s: Price: 1.17170, Trend: BULLISH, Support: 2, Resistance: 2, Broken S: 0, Broken R: 1
2025-08-25 09:58:43,412 - INFO - USDJPY.s: Price: 147.16900, Trend: BULLISH, Support: 11, Resistance: 8, Broken S: 10, Broken R: 0
2025-08-25 09:58:43,636 - INFO - GBPUSD.s: Price: 1.35210, Trend: BULLISH, Support: 3, Resistance: 2, Broken S: 0, Broken R: 0
2025-08-25 09:58:48,421 - INFO - GBPJPY.s: Price: 198.97200, Trend: BULLISH, Support: 14, Resistance: 12, Broken S: 9, Broken R: 2
2025-08-25 09:58:48,594 - INFO - EURUSD.s: Price: 1.17170, Trend: BULLISH, Support: 2, Resistance: 2, Broken S: 0, Broken R: 1
2025-08-25 09:58:50,194 - INFO - USDJPY.s: Support 147.16100 broken - now resistance
2025-08-25 09:58:50,195 - INFO - USDJPY.s: Price: 147.15400, Trend: BULLISH, Support: 11, Resistance: 8, Broken S: 11, Broken R: 0
2025-08-25 09:58:50,437 - INFO - GBPUSD.s: Price: 1.35211, Trend: BULLISH, Support: 3, Resistance: 2, Broken S: 0, Broken R: 0
2025-08-25 09:58:55,294 - INFO - GBPJPY.s: Support 198.97300 broken - now resistance
2025-08-25 09:58:55,295 - INFO - GBPJPY.s: Price: 198.96700, Trend: BULLISH, Support: 13, Resistance: 12, Broken S: 10, Broken R: 2
2025-08-25 09:58:55,478 - INFO - EURUSD.s: Price: 1.17163, Trend: BEARISH, Support: 2, Resistance: 2, Broken S: 0, Broken R: 1
2025-08-25 09:58:57,111 - INFO - USDJPY.s: Price: 147.15600, Trend: BULLISH, Support: 11, Resistance: 8, Broken S: 11, Broken R: 0
2025-08-25 09:58:57,374 - INFO - GBPUSD.s: Price: 1.35204, Trend: BEARISH, Support: 3, Resistance: 2, Broken S: 0, Broken R: 0
2025-08-25 09:59:02,415 - INFO - GBPJPY.s: Price: 198.97400, Trend: BULLISH, Support: 13, Resistance: 12, Broken S: 10, Broken R: 2
2025-08-25 09:59:02,602 - INFO - EURUSD.s: Price: 1.17158, Trend: BEARISH, Support: 2, Resistance: 2, Broken S: 0, Broken R: 1
2025-08-25 09:59:04,309 - INFO - USDJPY.s: Price: 147.16900, Trend: BULLISH, Support: 11, Resistance: 9, Broken S: 11, Broken R: 0
2025-08-25 09:59:04,505 - INFO - GBPUSD.s: Price: 1.35201, Trend: BEARISH, Support: 2, Resistance: 2, Broken S: 0, Broken R: 0
2025-08-25 09:59:09,292 - INFO - GBPJPY.s: Price: 198.96700, Trend: BULLISH, Support: 13, Resistance: 12, Broken S: 10, Broken R: 2
2025-08-25 09:59:09,464 - ERROR - Error processing EURUSD.s: 'NoneType' object has no attribute 'retcode'
2025-08-25 09:59:11,051 - INFO - USDJPY.s: Price: 147.15500, Trend: BULLISH, Support: 11, Resistance: 9, Broken S: 11, Broken R: 0
2025-08-25 09:59:11,263 - INFO - GBPUSD.s: Price: 1.35204, Trend: BEARISH, Support: 2, Resistance: 2, Broken S: 0, Broken R: 0
2025-08-25 09:59:16,039 - INFO - GBPJPY.s: Support 198.96800 broken - now resistance
2025-08-25 09:59:16,041 - INFO - GBPJPY.s: Price: 198.95500, Trend: BULLISH, Support: 13, Resistance: 12, Broken S: 11, Broken R: 2
2025-08-25 09:59:16,230 - INFO - EURUSD.s: Price: 1.17153, Trend: BEARISH, Support: 2, Resistance: 2, Broken S: 0, Broken R: 1
2025-08-25 09:59:17,839 - INFO - USDJPY.s: Price: 147.15900, Trend: BULLISH, Support: 11, Resistance: 9, Broken S: 11, Broken R: 0
2025-08-25 09:59:18,014 - INFO - GBPUSD.s: Price: 1.35196, Trend: BEARISH, Support: 2, Resistance: 2, Broken S: 0, Broken R: 0
2025-08-25 09:59:22,741 - INFO - GBPJPY.s: Price: 198.96000, Trend: BULLISH, Support: 13, Resistance: 12, Broken S: 11, Broken R: 2
2025-08-25 09:59:22,937 - INFO - EURUSD.s: Price: 1.17154, Trend: BEARISH, Support: 2, Resistance: 2, Broken S: 0, Broken R: 1
2025-08-25 09:59:24,647 - INFO - USDJPY.s: Price: 147.16100, Trend: BULLISH, Support: 11, Resistance: 9, Broken S: 11, Broken R: 0
2025-08-25 09:59:24,805 - INFO - GBPUSD.s: Price: 1.35195, Trend: BEARISH, Support: 2, Resistance: 2, Broken S: 0, Broken R: 0
2025-08-25 09:59:29,574 - INFO - GBPJPY.s: Price: 198.96600, Trend: BULLISH, Support: 13, Resistance: 12, Broken S: 11, Broken R: 2
2025-08-25 09:59:29,738 - INFO - EURUSD.s: Price: 1.17145, Trend: BEARISH, Support: 2, Resistance: 2, Broken S: 0, Broken R: 1
2025-08-25 09:59:31,342 - INFO - USDJPY.s: Price: 147.16900, Trend: BULLISH, Support: 11, Resistance: 9, Broken S: 11, Broken R: 0
2025-08-25 09:59:31,527 - INFO - GBPUSD.s: Price: 1.35193, Trend: BEARISH, Support: 2, Resistance: 2, Broken S: 0, Broken R: 0
2025-08-25 09:59:36,310 - INFO - GBPJPY.s: Price: 198.95700, Trend: BULLISH, Support: 13, Resistance: 12, Broken S: 11, Broken R: 2
2025-08-25 09:59:36,478 - INFO - EURUSD.s: Price: 1.17147, Trend: BEARISH, Support: 2, Resistance: 2, Broken S: 0, Broken R: 1
2025-08-25 09:59:38,092 - INFO - USDJPY.s: Price: 147.16400, Trend: BULLISH, Support: 11, Resistance: 9, Broken S: 11, Broken R: 0
2025-08-25 09:59:38,282 - INFO - GBPUSD.s: Price: 1.35190, Trend: BEARISH, Support: 2, Resistance: 2, Broken S: 0, Broken R: 0
2025-08-25 09:59:43,046 - INFO - GBPJPY.s: Price: 198.95700, Trend: BULLISH, Support: 13, Resistance: 12, Broken S: 11, Broken R: 2
2025-08-25 09:59:43,247 - INFO - EURUSD.s: Price: 1.17143, Trend: BEARISH, Support: 2, Resistance: 2, Broken S: 0, Broken R: 1
2025-08-25 09:59:44,887 - INFO - USDJPY.s: Price: 147.16200, Trend: BULLISH, Support: 11, Resistance: 9, Broken S: 11, Broken R: 0
2025-08-25 09:59:45,063 - INFO - GBPUSD.s: Price: 1.35190, Trend: BEARISH, Support: 2, Resistance: 2, Broken S: 0, Broken R: 0
2025-08-25 09:59:49,897 - INFO - GBPJPY.s: Price: 198.95400, Trend: BULLISH, Support: 13, Resistance: 12, Broken S: 11, Broken R: 2
2025-08-25 09:59:50,076 - INFO - EURUSD.s: Price: 1.17145, Trend: BEARISH, Support: 2, Resistance: 2, Broken S: 0, Broken R: 1
2025-08-25 09:59:51,729 - INFO - USDJPY.s: Price: 147.16200, Trend: BULLISH, Support: 11, Resistance: 9, Broken S: 11, Broken R: 0
2025-08-25 09:59:51,911 - INFO - GBPUSD.s: Price: 1.35194, Trend: BEARISH, Support: 2, Resistance: 2, Broken S: 0, Broken R: 0
2025-08-25 09:59:57,089 - INFO - GBPJPY.s: Price: 198.95400, Trend: BULLISH, Support: 13, Resistance: 12, Broken S: 11, Broken R: 2
2025-08-25 09:59:57,315 - INFO - EURUSD.s: Price: 1.17145, Trend: BEARISH, Support: 2, Resistance: 2, Broken S: 0, Broken R: 1
2025-08-25 09:59:59,030 - INFO - USDJPY.s: Price: 147.16400, Trend: BULLISH, Support: 11, Resistance: 9, Broken S: 11, Broken R: 0
2025-08-25 09:59:59,213 - INFO - GBPUSD.s: Price: 1.35191, Trend: BEARISH, Support: 2, Resistance: 2, Broken S: 0, Broken R: 0
2025-08-25 10:00:04,261 - INFO - GBPJPY.s: Price: 198.95400, Trend: BULLISH, Support: 13, Resistance: 13, Broken S: 11, Broken R: 2
2025-08-25 10:00:04,480 - INFO - EURUSD.s: Price: 1.17138, Trend: BEARISH, Support: 2, Resistance: 2, Broken S: 0, Broken R: 1
2025-08-25 10:00:06,364 - INFO - USDJPY.s: Price: 147.17200, Trend: BULLISH, Support: 11, Resistance: 9, Broken S: 11, Broken R: 0
2025-08-25 10:00:06,579 - INFO - GBPUSD.s: Price: 1.35185, Trend: BEARISH, Support: 2, Resistance: 2, Broken S: 0, Broken R: 0
2025-08-25 10:00:11,586 - INFO - GBPJPY.s: Price: 198.96300, Trend: BULLISH, Support: 13, Resistance: 13, Broken S: 11, Broken R: 2
2025-08-25 10:00:11,796 - INFO - EURUSD.s: Price: 1.17142, Trend: BEARISH, Support: 2, Resistance: 2, Broken S: 0, Broken R: 1
2025-08-25 10:00:13,607 - INFO - USDJPY.s: Price: 147.17300, Trend: BULLISH, Support: 11, Resistance: 9, Broken S: 11, Broken R: 0
2025-08-25 10:00:13,774 - INFO - GBPUSD.s: Price: 1.35191, Trend: BEARISH, Support: 2, Resistance: 2, Broken S: 0, Broken R: 0
2025-08-25 10:00:18,919 - INFO - GBPJPY.s: Price: 198.97100, Trend: BULLISH, Support: 13, Resistance: 13, Broken S: 11, Broken R: 2
2025-08-25 10:00:19,103 - INFO - EURUSD.s: Price: 1.17140, Trend: BEARISH, Support: 2, Resistance: 2, Broken S: 0, Broken R: 1
2025-08-25 10:00:20,864 - INFO - USDJPY.s: Price: 147.18000, Trend: BULLISH, Support: 11, Resistance: 9, Broken S: 11, Broken R: 0
2025-08-25 10:00:21,081 - INFO - GBPUSD.s: Price: 1.35189, Trend: BEARISH, Support: 2, Resistance: 2, Broken S: 0, Broken R: 0
2025-08-25 10:00:26,436 - INFO - GBPJPY.s: Price: 198.97500, Trend: BULLISH, Support: 13, Resistance: 13, Broken S: 11, Broken R: 2
2025-08-25 10:00:26,615 - INFO - EURUSD.s: Price: 1.17143, Trend: BEARISH, Support: 2, Resistance: 2, Broken S: 0, Broken R: 1
2025-08-25 10:00:29,041 - INFO - USDJPY.s: Price: 147.18100, Trend: BULLISH, Support: 11, Resistance: 9, Broken S: 11, Broken R: 0
2025-08-25 10:00:29,432 - INFO - GBPUSD.s: Price: 1.35188, Trend: BEARISH, Support: 2, Resistance: 2, Broken S: 0, Broken R: 0
2025-08-25 10:00:34,533 - INFO - GBPJPY.s: Price: 198.97400, Trend: BULLISH, Support: 13, Resistance: 13, Broken S: 11, Broken R: 2
2025-08-25 10:00:34,713 - INFO - EURUSD.s: Price: 1.17140, Trend: BEARISH, Support: 2, Resistance: 2, Broken S: 0, Broken R: 1
2025-08-25 10:00:36,626 - INFO - USDJPY.s: Price: 147.17600, Trend: BULLISH, Support: 11, Resistance: 9, Broken S: 11, Broken R: 0
2025-08-25 10:00:36,823 - INFO - GBPUSD.s: Price: 1.35186, Trend: BEARISH, Support: 2, Resistance: 2, Broken S: 0, Broken R: 0
2025-08-25 10:00:41,671 - INFO - GBPJPY.s: Price: 198.95000, Trend: BULLISH, Support: 13, Resistance: 13, Broken S: 11, Broken R: 2
2025-08-25 10:00:41,877 - INFO - EURUSD.s: Price: 1.17133, Trend: BEARISH, Support: 2, Resistance: 2, Broken S: 0, Broken R: 1
2025-08-25 10:00:43,685 - INFO - USDJPY.s: Resistance 147.18000 broken - now support
2025-08-25 10:00:43,688 - INFO - USDJPY.s: Price: 147.18200, Trend: BULLISH, Support: 11, Resistance: 9, Broken S: 11, Broken R: 1
2025-08-25 10:00:43,884 - INFO - GBPUSD.s: Price: 1.35171, Trend: BEARISH, Support: 2, Resistance: 2, Broken S: 0, Broken R: 0
2025-08-25 10:00:48,607 - INFO - GBPJPY.s: Price: 198.94900, Trend: BULLISH, Support: 13, Resistance: 13, Broken S: 11, Broken R: 2
2025-08-25 10:00:48,801 - INFO - EURUSD.s: Price: 1.17133, Trend: BEARISH, Support: 2, Resistance: 2, Broken S: 0, Broken R: 1
2025-08-25 10:00:50,598 - INFO - USDJPY.s: Price: 147.18500, Trend: BULLISH, Support: 11, Resistance: 9, Broken S: 11, Broken R: 1
2025-08-25 10:00:50,801 - INFO - GBPUSD.s: Price: 1.35163, Trend: BEARISH, Support: 2, Resistance: 2, Broken S: 0, Broken R: 0
2025-08-25 10:00:55,678 - INFO - GBPJPY.s: Price: 198.94300, Trend: BEARISH, Support: 13, Resistance: 13, Broken S: 11, Broken R: 2
2025-08-25 10:00:55,866 - INFO - EURUSD.s: Price: 1.17132, Trend: BEARISH, Support: 2, Resistance: 2, Broken S: 0, Broken R: 1
2025-08-25 10:00:57,571 - INFO - USDJPY.s: Price: 147.18600, Trend: BULLISH, Support: 11, Resistance: 9, Broken S: 11, Broken R: 1
2025-08-25 10:00:57,764 - INFO - GBPUSD.s: Price: 1.35163, Trend: BEARISH, Support: 2, Resistance: 2, Broken S: 0, Broken R: 0
2025-08-25 10:01:02,715 - INFO - GBPJPY.s: Price: 198.94900, Trend: BULLISH, Support: 13, Resistance: 13, Broken S: 11, Broken R: 2
2025-08-25 10:01:02,924 - INFO - EURUSD.s: Price: 1.17133, Trend: BEARISH, Support: 2, Resistance: 2, Broken S: 0, Broken R: 1
2025-08-25 10:01:04,654 - INFO - USDJPY.s: Resistance 147.18500 broken - now support
2025-08-25 10:01:04,655 - INFO - USDJPY.s: Price: 147.20100, Trend: BULLISH, Support: 11, Resistance: 9, Broken S: 11, Broken R: 2
2025-08-25 10:01:04,835 - INFO - GBPUSD.s: Price: 1.35161, Trend: BEARISH, Support: 2, Resistance: 2, Broken S: 0, Broken R: 0
2025-08-25 10:01:09,642 - INFO - GBPJPY.s: Price: 198.95800, Trend: BULLISH, Support: 13, Resistance: 13, Broken S: 11, Broken R: 2
2025-08-25 10:01:10,101 - INFO - BUY order placed: ['HAMMER', 'TWEEZERS_BOTTOM'], Strength: 4, SL: 1.16982, TP: 1.17507
2025-08-25 10:01:10,102 - INFO - BUY signal for EURUSD.s: ['HAMMER', 'TWEEZERS_BOTTOM'], Strength: 4
2025-08-25 10:01:10,103 - INFO - EURUSD.s: Price: 1.17132, Trend: BEARISH, Support: 2, Resistance: 2, Broken S: 0, Broken R: 1
2025-08-25 10:01:11,866 - INFO - USDJPY.s: Price: 147.20600, Trend: BULLISH, Support: 11, Resistance: 9, Broken S: 11, Broken R: 2
2025-08-25 10:01:12,017 - INFO - GBPUSD.s: Price: 1.35153, Trend: BEARISH, Support: 2, Resistance: 2, Broken S: 0, Broken R: 0
2025-08-25 10:01:16,824 - INFO - GBPJPY.s: Price: 198.96300, Trend: BULLISH, Support: 13, Resistance: 13, Broken S: 11, Broken R: 2
2025-08-25 10:01:17,010 - INFO - EURUSD.s: Price: 1.17138, Trend: BEARISH, Support: 2, Resistance: 2, Broken S: 0, Broken R: 1
2025-08-25 10:01:19,061 - INFO - USDJPY.s: Price: 147.20600, Trend: BULLISH, Support: 11, Resistance: 9, Broken S: 11, Broken R: 2
2025-08-25 10:01:19,258 - INFO - GBPUSD.s: Price: 1.35158, Trend: BEARISH, Support: 2, Resistance: 2, Broken S: 0, Broken R: 0
2025-08-25 10:01:23,979 - INFO - GBPJPY.s: Price: 198.96400, Trend: BULLISH, Support: 13, Resistance: 13, Broken S: 11, Broken R: 2
2025-08-25 10:01:24,154 - INFO - EURUSD.s: Price: 1.17138, Trend: BEARISH, Support: 2, Resistance: 2, Broken S: 0, Broken R: 1
2025-08-25 10:01:25,805 - INFO - USDJPY.s: Price: 147.20800, Trend: BULLISH, Support: 11, Resistance: 9, Broken S: 11, Broken R: 2
2025-08-25 10:01:25,985 - INFO - GBPUSD.s: Price: 1.35158, Trend: BEARISH, Support: 2, Resistance: 2, Broken S: 0, Broken R: 0
2025-08-25 10:01:31,102 - INFO - GBPJPY.s: Price: 198.96200, Trend: BULLISH, Support: 13, Resistance: 13, Broken S: 11, Broken R: 2
2025-08-25 10:01:31,305 - INFO - EURUSD.s: Price: 1.17138, Trend: BEARISH, Support: 2, Resistance: 2, Broken S: 0, Broken R: 1
2025-08-25 10:01:33,176 - INFO - USDJPY.s: Price: 147.20400, Trend: BULLISH, Support: 11, Resistance: 9, Broken S: 11, Broken R: 2
2025-08-25 10:01:33,385 - INFO - GBPUSD.s: Price: 1.35148, Trend: BEARISH, Support: 2, Resistance: 2, Broken S: 0, Broken R: 0
2025-08-25 10:01:38,044 - INFO - GBPJPY.s: Price: 198.94200, Trend: BEARISH, Support: 13, Resistance: 13, Broken S: 11, Broken R: 2
2025-08-25 10:01:38,205 - INFO - EURUSD.s: Price: 1.17123, Trend: BEARISH, Support: 2, Resistance: 2, Broken S: 0, Broken R: 1
2025-08-25 10:01:39,873 - INFO - USDJPY.s: Price: 147.20700, Trend: BULLISH, Support: 11, Resistance: 9, Broken S: 11, Broken R: 2
2025-08-25 10:01:40,070 - INFO - GBPUSD.s: Price: 1.35144, Trend: BEARISH, Support: 2, Resistance: 2, Broken S: 0, Broken R: 0
2025-08-25 10:01:44,866 - INFO - GBPJPY.s: Price: 198.95400, Trend: BULLISH, Support: 13, Resistance: 13, Broken S: 11, Broken R: 2
2025-08-25 10:01:45,055 - INFO - EURUSD.s: Price: 1.17124, Trend: BEARISH, Support: 2, Resistance: 2, Broken S: 0, Broken R: 1
2025-08-25 10:01:46,721 - INFO - USDJPY.s: Price: 147.21300, Trend: BULLISH, Support: 11, Resistance: 9, Broken S: 11, Broken R: 2
2025-08-25 10:01:46,919 - INFO - GBPUSD.s: Price: 1.35143, Trend: BEARISH, Support: 2, Resistance: 2, Broken S: 0, Broken R: 0
2025-08-25 10:01:51,924 - INFO - GBPJPY.s: Price: 198.96700, Trend: BULLISH, Support: 13, Resistance: 13, Broken S: 11, Broken R: 2
2025-08-25 10:01:52,101 - INFO - EURUSD.s: Price: 1.17122, Trend: BEARISH, Support: 2, Resistance: 2, Broken S: 0, Broken R: 1
2025-08-25 10:01:53,857 - INFO - USDJPY.s: Price: 147.22400, Trend: BULLISH, Support: 11, Resistance: 9, Broken S: 11, Broken R: 2
2025-08-25 10:01:54,042 - INFO - GBPUSD.s: Price: 1.35145, Trend: BEARISH, Support: 2, Resistance: 2, Broken S: 0, Broken R: 0
2025-08-25 10:01:58,884 - INFO - GBPJPY.s: Price: 198.96200, Trend: BULLISH, Support: 13, Resistance: 13, Broken S: 11, Broken R: 2
2025-08-25 10:01:59,070 - INFO - EURUSD.s: Price: 1.17118, Trend: BEARISH, Support: 2, Resistance: 2, Broken S: 0, Broken R: 1
2025-08-25 10:02:00,774 - INFO - USDJPY.s: Resistance 147.22400 broken - now support
2025-08-25 10:02:00,776 - INFO - USDJPY.s: Price: 147.22700, Trend: BULLISH, Support: 11, Resistance: 9, Broken S: 11, Broken R: 3
2025-08-25 10:02:00,968 - INFO - GBPUSD.s: Price: 1.35133, Trend: BEARISH, Support: 2, Resistance: 2, Broken S: 0, Broken R: 0
2025-08-25 10:02:05,715 - INFO - GBPJPY.s: Price: 198.96500, Trend: BULLISH, Support: 13, Resistance: 13, Broken S: 11, Broken R: 2
2025-08-25 10:02:05,864 - INFO - EURUSD.s: Price: 1.17117, Trend: BEARISH, Support: 2, Resistance: 2, Broken S: 0, Broken R: 1
2025-08-25 10:02:07,470 - INFO - USDJPY.s: Price: 147.23500, Trend: BULLISH, Support: 11, Resistance: 9, Broken S: 11, Broken R: 3
2025-08-25 10:02:07,646 - INFO - GBPUSD.s: Price: 1.35134, Trend: BEARISH, Support: 2, Resistance: 2, Broken S: 0, Broken R: 0
2025-08-25 10:02:12,306 - INFO - GBPJPY.s: Price: 198.96100, Trend: BULLISH, Support: 13, Resistance: 13, Broken S: 11, Broken R: 2
2025-08-25 10:02:12,505 - INFO - EURUSD.s: Price: 1.17120, Trend: BEARISH, Support: 2, Resistance: 2, Broken S: 0, Broken R: 1
2025-08-25 10:02:14,150 - INFO - USDJPY.s: Price: 147.23000, Trend: BULLISH, Support: 11, Resistance: 9, Broken S: 11, Broken R: 3
2025-08-25 10:02:14,385 - INFO - GBPUSD.s: Price: 1.35136, Trend: BEARISH, Support: 2, Resistance: 2, Broken S: 0, Broken R: 0
2025-08-25 10:02:19,270 - INFO - GBPJPY.s: Price: 198.96200, Trend: BULLISH, Support: 13, Resistance: 13, Broken S: 11, Broken R: 2
2025-08-25 10:02:19,473 - INFO - EURUSD.s: Price: 1.17131, Trend: BEARISH, Support: 2, Resistance: 2, Broken S: 0, Broken R: 1
2025-08-25 10:02:21,183 - INFO - USDJPY.s: Price: 147.22400, Trend: BULLISH, Support: 11, Resistance: 9, Broken S: 11, Broken R: 3
2025-08-25 10:02:21,367 - INFO - GBPUSD.s: Price: 1.35141, Trend: BEARISH, Support: 2, Resistance: 2, Broken S: 0, Broken R: 0
2025-08-25 10:02:26,133 - INFO - GBPJPY.s: Price: 198.96100, Trend: BULLISH, Support: 13, Resistance: 13, Broken S: 11, Broken R: 2
2025-08-25 10:02:26,333 - INFO - EURUSD.s: Price: 1.17132, Trend: BEARISH, Support: 2, Resistance: 2, Broken S: 0, Broken R: 1
2025-08-25 10:02:28,096 - INFO - USDJPY.s: Price: 147.22500, Trend: BULLISH, Support: 11, Resistance: 9, Broken S: 11, Broken R: 3
2025-08-25 10:02:28,333 - INFO - GBPUSD.s: Price: 1.35140, Trend: BEARISH, Support: 2, Resistance: 2, Broken S: 0, Broken R: 0
2025-08-25 10:02:33,134 - INFO - GBPJPY.s: Price: 198.96000, Trend: BULLISH, Support: 13, Resistance: 13, Broken S: 11, Broken R: 2
2025-08-25 10:02:33,334 - INFO - EURUSD.s: Price: 1.17137, Trend: BEARISH, Support: 2, Resistance: 2, Broken S: 0, Broken R: 1
2025-08-25 10:02:34,994 - INFO - USDJPY.s: Price: 147.22200, Trend: BULLISH, Support: 11, Resistance: 9, Broken S: 11, Broken R: 3
2025-08-25 10:02:35,175 - INFO - GBPUSD.s: Price: 1.35145, Trend: BEARISH, Support: 2, Resistance: 2, Broken S: 0, Broken R: 0
2025-08-25 10:02:40,071 - INFO - GBPJPY.s: Price: 198.96300, Trend: BULLISH, Support: 13, Resistance: 13, Broken S: 11, Broken R: 2
2025-08-25 10:02:40,260 - INFO - EURUSD.s: Price: 1.17137, Trend: BEARISH, Support: 2, Resistance: 2, Broken S: 0, Broken R: 1
2025-08-25 10:02:42,009 - INFO - USDJPY.s: Price: 147.22100, Trend: BULLISH, Support: 11, Resistance: 9, Broken S: 11, Broken R: 3
2025-08-25 10:02:42,214 - INFO - GBPUSD.s: Price: 1.35148, Trend: BEARISH, Support: 2, Resistance: 2, Broken S: 0, Broken R: 0
2025-08-25 10:02:47,088 - INFO - GBPJPY.s: Price: 198.96600, Trend: BULLISH, Support: 13, Resistance: 13, Broken S: 11, Broken R: 2
2025-08-25 10:02:47,276 - INFO - EURUSD.s: Price: 1.17143, Trend: BEARISH, Support: 2, Resistance: 2, Broken S: 0, Broken R: 1
2025-08-25 10:02:48,984 - INFO - USDJPY.s: Price: 147.21600, Trend: BULLISH, Support: 11, Resistance: 9, Broken S: 11, Broken R: 3
2025-08-25 10:02:49,178 - INFO - GBPUSD.s: Price: 1.35149, Trend: BEARISH, Support: 2, Resistance: 2, Broken S: 0, Broken R: 0
2025-08-25 10:02:54,016 - INFO - GBPJPY.s: Price: 198.96100, Trend: BULLISH, Support: 13, Resistance: 13, Broken S: 11, Broken R: 2
2025-08-25 10:02:54,226 - INFO - EURUSD.s: Price: 1.17143, Trend: BEARISH, Support: 2, Resistance: 2, Broken S: 0, Broken R: 1
2025-08-25 10:02:56,552 - INFO - USDJPY.s: Price: 147.21300, Trend: BULLISH, Support: 11, Resistance: 9, Broken S: 11, Broken R: 3
2025-08-25 10:02:56,741 - INFO - GBPUSD.s: Price: 1.35151, Trend: BEARISH, Support: 2, Resistance: 2, Broken S: 0, Broken R: 0
2025-08-25 10:03:01,552 - INFO - GBPJPY.s: Price: 198.95300, Trend: BULLISH, Support: 13, Resistance: 13, Broken S: 11, Broken R: 2
2025-08-25 10:03:01,707 - INFO - EURUSD.s: Price: 1.17148, Trend: BEARISH, Support: 2, Resistance: 2, Broken S: 0, Broken R: 1
2025-08-25 10:03:03,561 - INFO - USDJPY.s: Price: 147.20300, Trend: BULLISH, Support: 11, Resistance: 9, Broken S: 11, Broken R: 3
2025-08-25 10:03:03,765 - INFO - GBPUSD.s: Price: 1.35151, Trend: BEARISH, Support: 2, Resistance: 2, Broken S: 0, Broken R: 0
2025-08-25 10:03:08,635 - INFO - GBPJPY.s: Price: 198.95100, Trend: BULLISH, Support: 14, Resistance: 13, Broken S: 11, Broken R: 2
2025-08-25 10:03:08,801 - INFO - EURUSD.s: Price: 1.17153, Trend: BEARISH, Support: 2, Resistance: 2, Broken S: 0, Broken R: 1
2025-08-25 10:03:10,549 - INFO - USDJPY.s: Price: 147.20300, Trend: BULLISH, Support: 11, Resistance: 9, Broken S: 11, Broken R: 3
2025-08-25 10:03:10,712 - INFO - GBPUSD.s: Price: 1.35152, Trend: BEARISH, Support: 2, Resistance: 2, Broken S: 0, Broken R: 0
2025-08-25 10:03:15,424 - INFO - GBPJPY.s: Price: 198.94900, Trend: BULLISH, Support: 13, Resistance: 13, Broken S: 11, Broken R: 2
2025-08-25 10:03:15,598 - INFO - EURUSD.s: Price: 1.17147, Trend: BEARISH, Support: 2, Resistance: 2, Broken S: 0, Broken R: 1
2025-08-25 10:03:17,276 - INFO - USDJPY.s: Price: 147.20300, Trend: BULLISH, Support: 11, Resistance: 9, Broken S: 11, Broken R: 3
2025-08-25 10:03:17,480 - INFO - GBPUSD.s: Price: 1.35149, Trend: BEARISH, Support: 2, Resistance: 2, Broken S: 0, Broken R: 0
2025-08-25 10:03:22,161 - INFO - GBPJPY.s: Price: 198.94600, Trend: BULLISH, Support: 13, Resistance: 13, Broken S: 11, Broken R: 2
2025-08-25 10:03:22,340 - INFO - EURUSD.s: Price: 1.17153, Trend: BEARISH, Support: 2, Resistance: 2, Broken S: 0, Broken R: 1
2025-08-25 10:03:24,401 - INFO - USDJPY.s: Price: 147.19400, Trend: BULLISH, Support: 11, Resistance: 9, Broken S: 11, Broken R: 3
2025-08-25 10:03:24,648 - INFO - GBPUSD.s: Price: 1.35152, Trend: BEARISH, Support: 2, Resistance: 2, Broken S: 0, Broken R: 0
2025-08-25 10:03:29,523 - INFO - GBPJPY.s: Price: 198.94200, Trend: BEARISH, Support: 13, Resistance: 13, Broken S: 11, Broken R: 2
2025-08-25 10:03:29,688 - INFO - EURUSD.s: Price: 1.17154, Trend: BEARISH, Support: 2, Resistance: 2, Broken S: 0, Broken R: 1
2025-08-25 10:03:31,322 - INFO - USDJPY.s: Price: 147.19100, Trend: BULLISH, Support: 11, Resistance: 9, Broken S: 11, Broken R: 3
2025-08-25 10:03:31,501 - INFO - GBPUSD.s: Price: 1.35158, Trend: BEARISH, Support: 2, Resistance: 2, Broken S: 0, Broken R: 0
2025-08-25 10:03:36,125 - INFO - GBPJPY.s: Price: 198.93700, Trend: BEARISH, Support: 13, Resistance: 13, Broken S: 11, Broken R: 2
2025-08-25 10:03:36,279 - INFO - EURUSD.s: Price: 1.17143, Trend: BEARISH, Support: 2, Resistance: 2, Broken S: 0, Broken R: 1
2025-08-25 10:03:37,997 - INFO - USDJPY.s: Price: 147.19800, Trend: BULLISH, Support: 11, Resistance: 9, Broken S: 11, Broken R: 3
2025-08-25 10:03:38,174 - INFO - GBPUSD.s: Price: 1.35148, Trend: BEARISH, Support: 2, Resistance: 2, Broken S: 0, Broken R: 0
2025-08-25 10:03:42,837 - INFO - GBPJPY.s: Price: 198.93400, Trend: BEARISH, Support: 13, Resistance: 13, Broken S: 11, Broken R: 2
2025-08-25 10:03:43,040 - INFO - EURUSD.s: Price: 1.17142, Trend: BEARISH, Support: 2, Resistance: 2, Broken S: 0, Broken R: 1
2025-08-25 10:03:44,737 - INFO - USDJPY.s: Price: 147.19400, Trend: BULLISH, Support: 11, Resistance: 9, Broken S: 11, Broken R: 3
2025-08-25 10:03:44,906 - INFO - GBPUSD.s: Price: 1.35151, Trend: BEARISH, Support: 2, Resistance: 2, Broken S: 0, Broken R: 0
2025-08-25 10:03:49,566 - INFO - GBPJPY.s: Support 198.93500 broken - now resistance
2025-08-25 10:03:49,568 - INFO - GBPJPY.s: Price: 198.93200, Trend: BEARISH, Support: 13, Resistance: 13, Broken S: 12, Broken R: 2
2025-08-25 10:03:49,735 - INFO - EURUSD.s: Price: 1.17145, Trend: BEARISH, Support: 2, Resistance: 2, Broken S: 0, Broken R: 1
2025-08-25 10:03:51,297 - INFO - USDJPY.s: Price: 147.19100, Trend: BULLISH, Support: 11, Resistance: 9, Broken S: 11, Broken R: 3
2025-08-25 10:03:51,461 - INFO - GBPUSD.s: Price: 1.35150, Trend: BEARISH, Support: 2, Resistance: 2, Broken S: 0, Broken R: 0
2025-08-25 10:03:56,102 - INFO - GBPJPY.s: Price: 198.94000, Trend: BEARISH, Support: 13, Resistance: 13, Broken S: 12, Broken R: 2
2025-08-25 10:03:56,287 - INFO - EURUSD.s: Price: 1.17146, Trend: BEARISH, Support: 2, Resistance: 2, Broken S: 0, Broken R: 1
2025-08-25 10:03:57,901 - INFO - USDJPY.s: Price: 147.19100, Trend: BULLISH, Support: 11, Resistance: 9, Broken S: 11, Broken R: 3
2025-08-25 10:03:58,108 - INFO - GBPUSD.s: Price: 1.35152, Trend: BEARISH, Support: 2, Resistance: 2, Broken S: 0, Broken R: 0
2025-08-25 10:04:02,839 - INFO - GBPJPY.s: Price: 198.92300, Trend: BEARISH, Support: 13, Resistance: 13, Broken S: 12, Broken R: 2
2025-08-25 10:04:03,036 - ERROR - Error processing EURUSD.s: 'NoneType' object has no attribute 'retcode'
2025-08-25 10:04:04,756 - INFO - USDJPY.s: Price: 147.18100, Trend: BULLISH, Support: 12, Resistance: 9, Broken S: 11, Broken R: 3
2025-08-25 10:04:04,945 - INFO - GBPUSD.s: Price: 1.35156, Trend: BEARISH, Support: 2, Resistance: 2, Broken S: 0, Broken R: 0
2025-08-25 10:04:09,660 - INFO - GBPJPY.s: Price: 198.93400, Trend: BEARISH, Support: 13, Resistance: 13, Broken S: 12, Broken R: 2
2025-08-25 10:04:09,823 - ERROR - Error processing EURUSD.s: 'NoneType' object has no attribute 'retcode'
2025-08-25 10:04:11,455 - INFO - USDJPY.s: Price: 147.19100, Trend: BULLISH, Support: 12, Resistance: 9, Broken S: 11, Broken R: 3
2025-08-25 10:04:11,639 - INFO - GBPUSD.s: Price: 1.35157, Trend: BEARISH, Support: 2, Resistance: 2, Broken S: 0, Broken R: 0
2025-08-25 10:04:16,295 - INFO - GBPJPY.s: Price: 198.94300, Trend: BEARISH, Support: 13, Resistance: 13, Broken S: 12, Broken R: 2
2025-08-25 10:04:16,448 - ERROR - Error processing EURUSD.s: 'NoneType' object has no attribute 'retcode'
2025-08-25 10:04:18,023 - INFO - USDJPY.s: Price: 147.19200, Trend: BULLISH, Support: 12, Resistance: 9, Broken S: 11, Broken R: 3
2025-08-25 10:04:18,178 - INFO - GBPUSD.s: Price: 1.35158, Trend: BEARISH, Support: 2, Resistance: 2, Broken S: 0, Broken R: 0
2025-08-25 10:04:22,877 - INFO - GBPJPY.s: Price: 198.93000, Trend: BEARISH, Support: 13, Resistance: 13, Broken S: 12, Broken R: 2
2025-08-25 10:04:23,047 - ERROR - Error processing EURUSD.s: 'NoneType' object has no attribute 'retcode'
2025-08-25 10:04:24,628 - INFO - USDJPY.s: Price: 147.18100, Trend: BULLISH, Support: 11, Resistance: 9, Broken S: 11, Broken R: 3
2025-08-25 10:04:24,788 - INFO - GBPUSD.s: Price: 1.35162, Trend: BEARISH, Support: 2, Resistance: 2, Broken S: 0, Broken R: 0
2025-08-25 10:04:29,607 - INFO - GBPJPY.s: Price: 198.93900, Trend: BEARISH, Support: 13, Resistance: 13, Broken S: 12, Broken R: 2
2025-08-25 10:04:29,805 - INFO - EURUSD.s: Resistance 1.17051 broken - now support
2025-08-25 10:04:29,811 - ERROR - Error processing EURUSD.s: 'NoneType' object has no attribute 'retcode'
2025-08-25 10:04:31,423 - INFO - USDJPY.s: Price: 147.16900, Trend: BULLISH, Support: 11, Resistance: 9, Broken S: 11, Broken R: 3
2025-08-25 10:04:31,606 - ERROR - Error processing GBPUSD.s: 'NoneType' object has no attribute 'retcode'
2025-08-25 10:04:36,265 - INFO - GBPJPY.s: Price: 198.93300, Trend: BEARISH, Support: 13, Resistance: 13, Broken S: 12, Broken R: 2
2025-08-25 10:04:36,429 - ERROR - Error processing EURUSD.s: 'NoneType' object has no attribute 'retcode'
2025-08-25 10:04:38,475 - INFO - USDJPY.s: Price: 147.16900, Trend: BULLISH, Support: 11, Resistance: 9, Broken S: 11, Broken R: 3
2025-08-25 10:04:38,650 - ERROR - Error processing GBPUSD.s: 'NoneType' object has no attribute 'retcode'
2025-08-25 10:04:43,280 - INFO - GBPJPY.s: Price: 198.93200, Trend: BEARISH, Support: 13, Resistance: 13, Broken S: 12, Broken R: 2
2025-08-25 10:04:43,458 - ERROR - Error processing EURUSD.s: 'NoneType' object has no attribute 'retcode'
2025-08-25 10:04:45,089 - INFO - USDJPY.s: Price: 147.16900, Trend: BULLISH, Support: 11, Resistance: 9, Broken S: 11, Broken R: 3
2025-08-25 10:04:45,261 - ERROR - Error processing GBPUSD.s: 'NoneType' object has no attribute 'retcode'
2025-08-25 10:04:49,975 - INFO - GBPJPY.s: Price: 198.93600, Trend: BEARISH, Support: 13, Resistance: 13, Broken S: 12, Broken R: 2
2025-08-25 10:04:50,173 - ERROR - Error processing EURUSD.s: 'NoneType' object has no attribute 'retcode'
2025-08-25 10:04:51,815 - INFO - USDJPY.s: Price: 147.16600, Trend: BULLISH, Support: 11, Resistance: 9, Broken S: 11, Broken R: 3
2025-08-25 10:04:52,024 - ERROR - Error processing GBPUSD.s: 'NoneType' object has no attribute 'retcode'
2025-08-25 10:04:56,756 - INFO - GBPJPY.s: Price: 198.93200, Trend: BEARISH, Support: 13, Resistance: 13, Broken S: 12, Broken R: 2
2025-08-25 10:04:56,930 - ERROR - Error processing EURUSD.s: 'NoneType' object has no attribute 'retcode'
2025-08-25 10:04:59,249 - INFO - USDJPY.s: Price: 147.17000, Trend: BULLISH, Support: 11, Resistance: 9, Broken S: 11, Broken R: 3
2025-08-25 10:04:59,429 - INFO - GBPUSD.s: Price: 1.35171, Trend: BEARISH, Support: 2, Resistance: 2, Broken S: 0, Broken R: 0
2025-08-25 10:05:04,193 - INFO - GBPJPY.s: Price: 198.93300, Trend: BEARISH, Support: 13, Resistance: 13, Broken S: 12, Broken R: 2
2025-08-25 10:05:04,394 - INFO - EURUSD.s: Price: 1.17156, Trend: BEARISH, Support: 2, Resistance: 2, Broken S: 0, Broken R: 2
2025-08-25 10:05:06,066 - INFO - USDJPY.s: Price: 147.17200, Trend: BULLISH, Support: 11, Resistance: 10, Broken S: 11, Broken R: 3
2025-08-25 10:05:06,243 - INFO - GBPUSD.s: Price: 1.35170, Trend: BEARISH, Support: 2, Resistance: 2, Broken S: 0, Broken R: 0
2025-08-25 10:05:11,432 - INFO - GBPJPY.s: Price: 198.94300, Trend: BEARISH, Support: 13, Resistance: 13, Broken S: 12, Broken R: 2
2025-08-25 10:05:11,782 - INFO - EURUSD.s: Price: 1.17153, Trend: BEARISH, Support: 2, Resistance: 2, Broken S: 0, Broken R: 2
2025-08-25 10:05:14,269 - INFO - USDJPY.s: Price: 147.18000, Trend: BULLISH, Support: 11, Resistance: 10, Broken S: 11, Broken R: 3
2025-08-25 10:05:14,498 - INFO - GBPUSD.s: Price: 1.35170, Trend: BEARISH, Support: 2, Resistance: 2, Broken S: 0, Broken R: 0
2025-08-25 10:05:20,103 - INFO - GBPJPY.s: Price: 198.94500, Trend: BEARISH, Support: 13, Resistance: 13, Broken S: 12, Broken R: 2
2025-08-25 10:05:20,370 - INFO - EURUSD.s: Price: 1.17153, Trend: BEARISH, Support: 2, Resistance: 2, Broken S: 0, Broken R: 2
2025-08-25 10:05:22,321 - INFO - USDJPY.s: Price: 147.18000, Trend: BULLISH, Support: 11, Resistance: 10, Broken S: 11, Broken R: 3
2025-08-25 10:05:22,575 - INFO - GBPUSD.s: Price: 1.35169, Trend: BEARISH, Support: 2, Resistance: 2, Broken S: 0, Broken R: 0
2025-08-25 10:05:28,565 - INFO - GBPJPY.s: Price: 198.94200, Trend: BEARISH, Support: 13, Resistance: 13, Broken S: 12, Broken R: 2
2025-08-25 10:05:28,849 - INFO - EURUSD.s: Price: 1.17154, Trend: BEARISH, Support: 2, Resistance: 2, Broken S: 0, Broken R: 2
2025-08-25 10:05:31,049 - INFO - USDJPY.s: Price: 147.18000, Trend: BULLISH, Support: 11, Resistance: 10, Broken S: 11, Broken R: 3
2025-08-25 10:05:31,277 - INFO - GBPUSD.s: Price: 1.35171, Trend: BEARISH, Support: 2, Resistance: 2, Broken S: 0, Broken R: 0
2025-08-25 10:05:36,201 - INFO - GBPJPY.s: Price: 198.94500, Trend: BEARISH, Support: 13, Resistance: 13, Broken S: 12, Broken R: 2
2025-08-25 10:05:36,419 - ERROR - Error processing EURUSD.s: 'NoneType' object has no attribute 'retcode'
2025-08-25 10:05:38,702 - INFO - USDJPY.s: Price: 147.17900, Trend: BULLISH, Support: 11, Resistance: 10, Broken S: 11, Broken R: 3
2025-08-25 10:05:38,934 - INFO - GBPUSD.s: Price: 1.35171, Trend: BEARISH, Support: 2, Resistance: 2, Broken S: 0, Broken R: 0
2025-08-25 10:05:43,812 - INFO - GBPJPY.s: Price: 198.94800, Trend: BULLISH, Support: 13, Resistance: 13, Broken S: 12, Broken R: 2
2025-08-25 10:05:44,058 - ERROR - Error processing EURUSD.s: 'NoneType' object has no attribute 'retcode'
2025-08-25 10:05:45,842 - INFO - USDJPY.s: Price: 147.18300, Trend: BULLISH, Support: 11, Resistance: 10, Broken S: 11, Broken R: 3
2025-08-25 10:05:46,018 - INFO - GBPUSD.s: Price: 1.35169, Trend: BEARISH, Support: 2, Resistance: 2, Broken S: 0, Broken R: 0
2025-08-25 10:05:51,077 - INFO - GBPJPY.s: Price: 198.95000, Trend: BULLISH, Support: 13, Resistance: 13, Broken S: 12, Broken R: 2
2025-08-25 10:05:51,266 - ERROR - Error processing EURUSD.s: 'NoneType' object has no attribute 'retcode'
2025-08-25 10:05:53,106 - INFO - USDJPY.s: Price: 147.18300, Trend: BULLISH, Support: 11, Resistance: 10, Broken S: 11, Broken R: 3
2025-08-25 10:05:53,364 - INFO - GBPUSD.s: Price: 1.35169, Trend: BEARISH, Support: 2, Resistance: 2, Broken S: 0, Broken R: 0
2025-08-25 10:05:58,276 - INFO - GBPJPY.s: Price: 198.94500, Trend: BEARISH, Support: 13, Resistance: 13, Broken S: 12, Broken R: 2
2025-08-25 10:05:58,468 - ERROR - Error processing EURUSD.s: 'NoneType' object has no attribute 'retcode'
2025-08-25 10:06:00,269 - INFO - USDJPY.s: Price: 147.18100, Trend: BULLISH, Support: 12, Resistance: 10, Broken S: 11, Broken R: 3
2025-08-25 10:06:00,499 - INFO - GBPUSD.s: Price: 1.35170, Trend: BEARISH, Support: 2, Resistance: 2, Broken S: 0, Broken R: 0
2025-08-25 10:06:05,421 - INFO - GBPJPY.s: Price: 198.94300, Trend: BEARISH, Support: 13, Resistance: 13, Broken S: 12, Broken R: 2
2025-08-25 10:06:05,599 - ERROR - Error processing EURUSD.s: 'NoneType' object has no attribute 'retcode'
2025-08-25 10:06:07,317 - INFO - USDJPY.s: Price: 147.17900, Trend: BULLISH, Support: 11, Resistance: 10, Broken S: 11, Broken R: 3
2025-08-25 10:06:07,507 - INFO - GBPUSD.s: Price: 1.35169, Trend: BEARISH, Support: 2, Resistance: 2, Broken S: 0, Broken R: 0
2025-08-25 10:06:12,408 - INFO - GBPJPY.s: Price: 198.94100, Trend: BEARISH, Support: 13, Resistance: 13, Broken S: 12, Broken R: 2
2025-08-25 10:06:12,612 - ERROR - Error processing EURUSD.s: 'NoneType' object has no attribute 'retcode'
2025-08-25 10:06:14,400 - INFO - USDJPY.s: Price: 147.17900, Trend: BULLISH, Support: 11, Resistance: 10, Broken S: 11, Broken R: 3
2025-08-25 10:06:14,606 - INFO - GBPUSD.s: Price: 1.35168, Trend: BEARISH, Support: 2, Resistance: 2, Broken S: 0, Broken R: 0
2025-08-25 10:06:19,409 - INFO - GBPJPY.s: Price: 198.93800, Trend: BEARISH, Support: 13, Resistance: 13, Broken S: 12, Broken R: 2
2025-08-25 10:06:19,603 - ERROR - Error processing EURUSD.s: 'NoneType' object has no attribute 'retcode'
2025-08-25 10:06:21,384 - INFO - USDJPY.s: Price: 147.17600, Trend: BULLISH, Support: 11, Resistance: 10, Broken S: 11, Broken R: 3
2025-08-25 10:06:21,573 - INFO - GBPUSD.s: Price: 1.35170, Trend: BEARISH, Support: 2, Resistance: 2, Broken S: 0, Broken R: 0
2025-08-25 10:06:26,292 - INFO - GBPJPY.s: Price: 198.94100, Trend: BEARISH, Support: 13, Resistance: 13, Broken S: 12, Broken R: 2
2025-08-25 10:06:26,490 - ERROR - Error processing EURUSD.s: 'NoneType' object has no attribute 'retcode'
2025-08-25 10:06:28,538 - INFO - USDJPY.s: Price: 147.17600, Trend: BULLISH, Support: 11, Resistance: 10, Broken S: 11, Broken R: 3
2025-08-25 10:06:28,729 - INFO - GBPUSD.s: Price: 1.35153, Trend: BEARISH, Support: 2, Resistance: 2, Broken S: 0, Broken R: 0
2025-08-25 10:06:33,698 - INFO - GBPJPY.s: Price: 198.93800, Trend: BEARISH, Support: 13, Resistance: 13, Broken S: 12, Broken R: 2
2025-08-25 10:06:33,907 - INFO - EURUSD.s: Price: 1.17150, Trend: BEARISH, Support: 2, Resistance: 2, Broken S: 0, Broken R: 2
2025-08-25 10:06:35,932 - INFO - USDJPY.s: Price: 147.18600, Trend: BULLISH, Support: 11, Resistance: 10, Broken S: 11, Broken R: 3
2025-08-25 10:06:36,141 - INFO - GBPUSD.s: Price: 1.35158, Trend: BEARISH, Support: 2, Resistance: 2, Broken S: 0, Broken R: 0
2025-08-25 10:06:40,926 - INFO - GBPJPY.s: Price: 198.93100, Trend: BEARISH, Support: 13, Resistance: 13, Broken S: 12, Broken R: 2
2025-08-25 10:06:41,108 - INFO - EURUSD.s: Price: 1.17157, Trend: BEARISH, Support: 2, Resistance: 2, Broken S: 0, Broken R: 2
2025-08-25 10:06:43,148 - INFO - USDJPY.s: Price: 147.18200, Trend: BULLISH, Support: 11, Resistance: 10, Broken S: 11, Broken R: 3
2025-08-25 10:06:43,334 - INFO - GBPUSD.s: Price: 1.35160, Trend: BEARISH, Support: 2, Resistance: 2, Broken S: 0, Broken R: 0
2025-08-25 10:06:48,508 - INFO - GBPJPY.s: Price: 198.93600, Trend: BEARISH, Support: 13, Resistance: 13, Broken S: 12, Broken R: 2
2025-08-25 10:06:48,764 - INFO - EURUSD.s: Price: 1.17156, Trend: BEARISH, Support: 2, Resistance: 2, Broken S: 0, Broken R: 2
2025-08-25 10:06:50,716 - INFO - USDJPY.s: Price: 147.18600, Trend: BULLISH, Support: 11, Resistance: 10, Broken S: 11, Broken R: 3
2025-08-25 10:06:50,899 - INFO - GBPUSD.s: Price: 1.35161, Trend: BEARISH, Support: 2, Resistance: 2, Broken S: 0, Broken R: 0
2025-08-25 10:06:56,204 - INFO - GBPJPY.s: Price: 198.94100, Trend: BEARISH, Support: 13, Resistance: 13, Broken S: 12, Broken R: 2
2025-08-25 10:06:56,476 - INFO - EURUSD.s: Price: 1.17156, Trend: BEARISH, Support: 2, Resistance: 2, Broken S: 0, Broken R: 2
2025-08-25 10:06:58,555 - INFO - USDJPY.s: Price: 147.18900, Trend: BULLISH, Support: 11, Resistance: 10, Broken S: 11, Broken R: 3
2025-08-25 10:06:58,761 - INFO - GBPUSD.s: Price: 1.35162, Trend: BEARISH, Support: 2, Resistance: 1, Broken S: 0, Broken R: 0
2025-08-25 10:07:04,165 - INFO - GBPJPY.s: Price: 198.94400, Trend: BEARISH, Support: 13, Resistance: 13, Broken S: 12, Broken R: 2
2025-08-25 10:07:04,389 - ERROR - Error processing EURUSD.s: 'NoneType' object has no attribute 'retcode'
2025-08-25 10:07:06,568 - INFO - USDJPY.s: Price: 147.18600, Trend: BULLISH, Support: 12, Resistance: 10, Broken S: 11, Broken R: 3
2025-08-25 10:07:06,738 - INFO - GBPUSD.s: Price: 1.35162, Trend: BEARISH, Support: 2, Resistance: 1, Broken S: 0, Broken R: 0
2025-08-25 10:07:12,246 - INFO - GBPJPY.s: Price: 198.95100, Trend: BULLISH, Support: 13, Resistance: 13, Broken S: 12, Broken R: 2
2025-08-25 10:07:12,480 - INFO - EURUSD.s: Price: 1.17153, Trend: BEARISH, Support: 2, Resistance: 2, Broken S: 0, Broken R: 2
2025-08-25 10:07:14,516 - INFO - USDJPY.s: Price: 147.19300, Trend: BULLISH, Support: 12, Resistance: 10, Broken S: 11, Broken R: 3
2025-08-25 10:07:14,690 - ERROR - Error processing GBPUSD.s: 'NoneType' object has no attribute 'retcode'
2025-08-25 10:07:19,838 - INFO - GBPJPY.s: Price: 198.94800, Trend: BEARISH, Support: 13, Resistance: 13, Broken S: 12, Broken R: 2
2025-08-25 10:07:20,043 - ERROR - Error processing EURUSD.s: 'NoneType' object has no attribute 'retcode'
2025-08-25 10:07:21,953 - INFO - USDJPY.s: Price: 147.18800, Trend: BULLISH, Support: 12, Resistance: 10, Broken S: 11, Broken R: 3
2025-08-25 10:07:22,103 - INFO - GBPUSD.s: Price: 1.35163, Trend: BEARISH, Support: 2, Resistance: 1, Broken S: 0, Broken R: 0
2025-08-25 10:07:26,975 - INFO - GBPJPY.s: Price: 198.93700, Trend: BEARISH, Support: 13, Resistance: 13, Broken S: 12, Broken R: 2
2025-08-25 10:07:27,186 - INFO - EURUSD.s: Price: 1.17167, Trend: BULLISH, Support: 2, Resistance: 2, Broken S: 0, Broken R: 2
2025-08-25 10:07:29,176 - INFO - USDJPY.s: Price: 147.18100, Trend: BULLISH, Support: 12, Resistance: 10, Broken S: 11, Broken R: 3
2025-08-25 10:07:29,361 - ERROR - Error processing GBPUSD.s: 'NoneType' object has no attribute 'retcode'
2025-08-25 10:07:34,569 - INFO - GBPJPY.s: Price: 198.94200, Trend: BEARISH, Support: 13, Resistance: 13, Broken S: 12, Broken R: 2
2025-08-25 10:07:34,750 - INFO - EURUSD.s: Price: 1.17174, Trend: BULLISH, Support: 2, Resistance: 2, Broken S: 0, Broken R: 2
2025-08-25 10:07:36,641 - INFO - USDJPY.s: Price: 147.17100, Trend: BULLISH, Support: 12, Resistance: 10, Broken S: 11, Broken R: 3
2025-08-25 10:07:36,768 - ERROR - Error processing GBPUSD.s: 'NoneType' object has no attribute 'retcode'
2025-08-25 10:07:42,388 - INFO - GBPJPY.s: Price: 198.93200, Trend: BEARISH, Support: 13, Resistance: 13, Broken S: 12, Broken R: 2
2025-08-25 10:07:42,645 - INFO - EURUSD.s: Price: 1.17175, Trend: BULLISH, Support: 2, Resistance: 2, Broken S: 0, Broken R: 2
2025-08-25 10:07:45,032 - INFO - USDJPY.s: Support 147.16600 broken - now resistance
2025-08-25 10:07:45,035 - INFO - USDJPY.s: Price: 147.15900, Trend: BEARISH, Support: 12, Resistance: 10, Broken S: 12, Broken R: 3
2025-08-25 10:07:45,222 - ERROR - Error processing GBPUSD.s: 'NoneType' object has no attribute 'retcode'
2025-08-25 10:07:50,424 - INFO - GBPJPY.s: Support 198.92200 broken - now resistance
2025-08-25 10:07:50,427 - INFO - GBPJPY.s: Price: 198.91500, Trend: BEARISH, Support: 13, Resistance: 13, Broken S: 13, Broken R: 2
2025-08-25 10:07:50,654 - INFO - EURUSD.s: Price: 1.17174, Trend: BULLISH, Support: 2, Resistance: 2, Broken S: 0, Broken R: 2
2025-08-25 10:07:53,060 - INFO - USDJPY.s: Price: 147.15700, Trend: BEARISH, Support: 12, Resistance: 10, Broken S: 12, Broken R: 3
2025-08-25 10:07:53,217 - ERROR - Error processing GBPUSD.s: 'NoneType' object has no attribute 'retcode'
2025-08-25 10:07:58,307 - INFO - GBPJPY.s: Price: 198.91500, Trend: BEARISH, Support: 13, Resistance: 13, Broken S: 13, Broken R: 2
2025-08-25 10:07:58,493 - INFO - EURUSD.s: Price: 1.17177, Trend: BULLISH, Support: 2, Resistance: 2, Broken S: 0, Broken R: 2
2025-08-25 10:08:00,383 - INFO - USDJPY.s: Price: 147.15600, Trend: BEARISH, Support: 12, Resistance: 10, Broken S: 12, Broken R: 3
2025-08-25 10:08:00,529 - INFO - GBPUSD.s: Price: 1.35171, Trend: BEARISH, Support: 2, Resistance: 1, Broken S: 0, Broken R: 0
2025-08-25 10:08:05,734 - INFO - GBPJPY.s: Price: 198.91600, Trend: BEARISH, Support: 13, Resistance: 13, Broken S: 13, Broken R: 2
2025-08-25 10:08:06,254 - ERROR - Error processing EURUSD.s: 'NoneType' object has no attribute 'retcode'
2025-08-25 10:08:08,180 - INFO - USDJPY.s: Price: 147.15600, Trend: BEARISH, Support: 12, Resistance: 10, Broken S: 12, Broken R: 3
2025-08-25 10:08:08,330 - INFO - GBPUSD.s: Price: 1.35159, Trend: BEARISH, Support: 2, Resistance: 1, Broken S: 0, Broken R: 0
2025-08-25 10:08:14,384 - INFO - GBPJPY.s: Price: 198.92400, Trend: BEARISH, Support: 13, Resistance: 13, Broken S: 13, Broken R: 2
2025-08-25 10:08:14,681 - ERROR - Error processing EURUSD.s: 'NoneType' object has no attribute 'retcode'
2025-08-25 10:08:16,793 - INFO - USDJPY.s: Price: 147.17400, Trend: BULLISH, Support: 12, Resistance: 10, Broken S: 12, Broken R: 3
2025-08-25 10:08:16,940 - INFO - GBPUSD.s: Price: 1.35158, Trend: BEARISH, Support: 2, Resistance: 1, Broken S: 0, Broken R: 0
2025-08-25 10:08:23,103 - INFO - GBPJPY.s: Price: 198.92100, Trend: BEARISH, Support: 13, Resistance: 13, Broken S: 13, Broken R: 2
2025-08-25 10:08:23,836 - ERROR - Error processing EURUSD.s: 'NoneType' object has no attribute 'retcode'
2025-08-25 10:08:26,523 - INFO - USDJPY.s: Price: 147.17500, Trend: BULLISH, Support: 12, Resistance: 10, Broken S: 12, Broken R: 3
2025-08-25 10:08:26,769 - INFO - GBPUSD.s: Price: 1.35161, Trend: BEARISH, Support: 2, Resistance: 1, Broken S: 0, Broken R: 0
2025-08-25 10:08:31,764 - INFO - GBPJPY.s: Price: 198.92100, Trend: BEARISH, Support: 13, Resistance: 13, Broken S: 13, Broken R: 2
2025-08-25 10:08:32,000 - ERROR - Error processing EURUSD.s: 'NoneType' object has no attribute 'retcode'
2025-08-25 10:08:34,153 - INFO - USDJPY.s: Price: 147.17100, Trend: BULLISH, Support: 12, Resistance: 10, Broken S: 12, Broken R: 3
2025-08-25 10:08:34,338 - INFO - GBPUSD.s: Price: 1.35167, Trend: BEARISH, Support: 2, Resistance: 1, Broken S: 0, Broken R: 0
2025-08-25 10:08:39,687 - INFO - GBPJPY.s: Price: 198.92100, Trend: BEARISH, Support: 13, Resistance: 13, Broken S: 13, Broken R: 2
2025-08-25 10:08:39,894 - ERROR - Error processing EURUSD.s: 'NoneType' object has no attribute 'retcode'
2025-08-25 10:08:41,862 - INFO - USDJPY.s: Price: 147.16800, Trend: BULLISH, Support: 12, Resistance: 10, Broken S: 12, Broken R: 3
2025-08-25 10:08:42,060 - INFO - GBPUSD.s: Price: 1.35166, Trend: BEARISH, Support: 2, Resistance: 1, Broken S: 0, Broken R: 0
2025-08-25 10:08:47,157 - INFO - GBPJPY.s: Price: 198.93300, Trend: BEARISH, Support: 13, Resistance: 13, Broken S: 13, Broken R: 2
2025-08-25 10:08:47,381 - ERROR - Error processing EURUSD.s: 'NoneType' object has no attribute 'retcode'
2025-08-25 10:08:49,289 - INFO - USDJPY.s: Price: 147.17800, Trend: BULLISH, Support: 12, Resistance: 10, Broken S: 12, Broken R: 3
2025-08-25 10:08:49,440 - INFO - GBPUSD.s: Price: 1.35159, Trend: BEARISH, Support: 2, Resistance: 1, Broken S: 0, Broken R: 0
2025-08-25 10:08:54,445 - INFO - GBPJPY.s: Price: 198.92800, Trend: BEARISH, Support: 13, Resistance: 13, Broken S: 13, Broken R: 2
2025-08-25 10:08:54,654 - ERROR - Error processing EURUSD.s: 'NoneType' object has no attribute 'retcode'
2025-08-25 10:08:56,425 - INFO - USDJPY.s: Price: 147.17800, Trend: BULLISH, Support: 12, Resistance: 10, Broken S: 12, Broken R: 3
2025-08-25 10:08:56,602 - INFO - GBPUSD.s: Price: 1.35162, Trend: BEARISH, Support: 2, Resistance: 1, Broken S: 0, Broken R: 0
2025-08-25 10:09:01,819 - INFO - GBPJPY.s: Price: 198.94400, Trend: BEARISH, Support: 13, Resistance: 12, Broken S: 13, Broken R: 2
2025-08-25 10:09:02,059 - INFO - EURUSD.s: Price: 1.17155, Trend: BEARISH, Support: 2, Resistance: 2, Broken S: 0, Broken R: 2
2025-08-25 10:09:04,037 - INFO - USDJPY.s: Price: 147.20400, Trend: BULLISH, Support: 12, Resistance: 10, Broken S: 12, Broken R: 3
2025-08-25 10:09:04,174 - INFO - GBPUSD.s: Price: 1.35148, Trend: BEARISH, Support: 2, Resistance: 1, Broken S: 0, Broken R: 0
2025-08-25 10:09:09,228 - INFO - GBPJPY.s: Price: 198.93600, Trend: BEARISH, Support: 13, Resistance: 12, Broken S: 13, Broken R: 2
2025-08-25 10:09:09,447 - INFO - EURUSD.s: Price: 1.17145, Trend: BEARISH, Support: 2, Resistance: 2, Broken S: 0, Broken R: 2
2025-08-25 10:09:11,984 - INFO - USDJPY.s: Price: 147.20900, Trend: BULLISH, Support: 12, Resistance: 10, Broken S: 12, Broken R: 3
2025-08-25 10:09:12,191 - INFO - GBPUSD.s: Price: 1.35136, Trend: BEARISH, Support: 2, Resistance: 1, Broken S: 0, Broken R: 0
2025-08-25 10:09:17,411 - INFO - GBPJPY.s: Price: 198.93500, Trend: BEARISH, Support: 13, Resistance: 12, Broken S: 13, Broken R: 2
2025-08-25 10:09:17,635 - INFO - EURUSD.s: Price: 1.17148, Trend: BEARISH, Support: 2, Resistance: 2, Broken S: 0, Broken R: 2
2025-08-25 10:09:19,641 - INFO - USDJPY.s: Price: 147.21000, Trend: BULLISH, Support: 12, Resistance: 10, Broken S: 12, Broken R: 3
2025-08-25 10:09:19,783 - INFO - GBPUSD.s: Price: 1.35136, Trend: BEARISH, Support: 2, Resistance: 1, Broken S: 0, Broken R: 0
2025-08-25 10:09:25,003 - INFO - GBPJPY.s: Price: 198.93800, Trend: BEARISH, Support: 13, Resistance: 12, Broken S: 13, Broken R: 2
2025-08-25 10:09:25,233 - INFO - EURUSD.s: Price: 1.17146, Trend: BEARISH, Support: 2, Resistance: 2, Broken S: 0, Broken R: 2
2025-08-25 10:09:27,300 - INFO - USDJPY.s: Price: 147.21100, Trend: BULLISH, Support: 12, Resistance: 10, Broken S: 12, Broken R: 3
2025-08-25 10:09:27,448 - INFO - GBPUSD.s: Price: 1.35137, Trend: BEARISH, Support: 2, Resistance: 1, Broken S: 0, Broken R: 0
2025-08-25 10:09:32,445 - INFO - GBPJPY.s: Price: 198.93900, Trend: BEARISH, Support: 13, Resistance: 12, Broken S: 13, Broken R: 2
2025-08-25 10:09:32,649 - INFO - EURUSD.s: Price: 1.17140, Trend: BEARISH, Support: 2, Resistance: 2, Broken S: 0, Broken R: 2
2025-08-25 10:09:34,501 - INFO - USDJPY.s: Price: 147.22200, Trend: BULLISH, Support: 12, Resistance: 10, Broken S: 12, Broken R: 3
2025-08-25 10:09:34,662 - INFO - GBPUSD.s: Price: 1.35133, Trend: BEARISH, Support: 2, Resistance: 1, Broken S: 0, Broken R: 0
2025-08-25 10:09:39,515 - INFO - GBPJPY.s: Price: 198.93600, Trend: BEARISH, Support: 13, Resistance: 12, Broken S: 13, Broken R: 2
2025-08-25 10:09:39,739 - INFO - EURUSD.s: Price: 1.17142, Trend: BEARISH, Support: 2, Resistance: 2, Broken S: 0, Broken R: 2
2025-08-25 10:09:41,506 - INFO - USDJPY.s: Price: 147.21400, Trend: BULLISH, Support: 12, Resistance: 10, Broken S: 12, Broken R: 3
2025-08-25 10:09:41,668 - INFO - GBPUSD.s: Price: 1.35133, Trend: BEARISH, Support: 2, Resistance: 1, Broken S: 0, Broken R: 0
2025-08-25 10:09:46,530 - INFO - GBPJPY.s: Price: 198.93900, Trend: BEARISH, Support: 13, Resistance: 12, Broken S: 13, Broken R: 2
2025-08-25 10:09:46,726 - INFO - EURUSD.s: Price: 1.17145, Trend: BEARISH, Support: 2, Resistance: 2, Broken S: 0, Broken R: 2
2025-08-25 10:09:48,580 - INFO - USDJPY.s: Price: 147.21000, Trend: BULLISH, Support: 12, Resistance: 10, Broken S: 12, Broken R: 3
2025-08-25 10:09:48,715 - INFO - GBPUSD.s: Price: 1.35138, Trend: BEARISH, Support: 2, Resistance: 1, Broken S: 0, Broken R: 0
2025-08-25 10:09:54,942 - INFO - GBPJPY.s: Price: 198.94100, Trend: BEARISH, Support: 13, Resistance: 12, Broken S: 13, Broken R: 2
2025-08-25 10:09:55,197 - INFO - EURUSD.s: Price: 1.17145, Trend: BEARISH, Support: 2, Resistance: 2, Broken S: 0, Broken R: 2
2025-08-25 10:09:58,070 - INFO - USDJPY.s: Price: 147.21400, Trend: BULLISH, Support: 12, Resistance: 10, Broken S: 12, Broken R: 3
2025-08-25 10:09:58,291 - INFO - GBPUSD.s: Price: 1.35138, Trend: BEARISH, Support: 2, Resistance: 1, Broken S: 0, Broken R: 0
2025-08-25 10:10:03,727 - INFO - GBPJPY.s: Price: 198.93900, Trend: BEARISH, Support: 13, Resistance: 12, Broken S: 13, Broken R: 2
2025-08-25 10:10:03,902 - INFO - EURUSD.s: Price: 1.17145, Trend: BEARISH, Support: 2, Resistance: 2, Broken S: 0, Broken R: 2
2025-08-25 10:10:06,027 - INFO - USDJPY.s: Price: 147.21200, Trend: BULLISH, Support: 13, Resistance: 10, Broken S: 12, Broken R: 3
2025-08-25 10:10:06,204 - INFO - GBPUSD.s: Price: 1.35137, Trend: BEARISH, Support: 2, Resistance: 1, Broken S: 0, Broken R: 0
2025-08-25 10:10:11,439 - INFO - GBPJPY.s: Price: 198.93800, Trend: BEARISH, Support: 13, Resistance: 12, Broken S: 13, Broken R: 2
2025-08-25 10:10:11,642 - INFO - EURUSD.s: Price: 1.17135, Trend: BEARISH, Support: 2, Resistance: 2, Broken S: 0, Broken R: 2
2025-08-25 10:10:13,784 - INFO - USDJPY.s: Price: 147.21400, Trend: BULLISH, Support: 13, Resistance: 10, Broken S: 12, Broken R: 3
2025-08-25 10:10:14,075 - INFO - GBPUSD.s: Price: 1.35137, Trend: BEARISH, Support: 2, Resistance: 1, Broken S: 0, Broken R: 0
2025-08-25 10:10:21,088 - INFO - GBPJPY.s: Price: 198.94300, Trend: BEARISH, Support: 13, Resistance: 12, Broken S: 13, Broken R: 2
2025-08-25 10:10:21,400 - INFO - EURUSD.s: Price: 1.17128, Trend: BEARISH, Support: 2, Resistance: 2, Broken S: 0, Broken R: 2
2025-08-25 10:10:23,767 - INFO - USDJPY.s: Price: 147.22400, Trend: BULLISH, Support: 13, Resistance: 10, Broken S: 12, Broken R: 3
2025-08-25 10:10:23,955 - INFO - GBPUSD.s: Price: 1.35127, Trend: BEARISH, Support: 2, Resistance: 1, Broken S: 0, Broken R: 0
2025-08-25 10:10:29,729 - INFO - GBPJPY.s: Price: 198.94100, Trend: BEARISH, Support: 13, Resistance: 12, Broken S: 13, Broken R: 2
2025-08-25 10:10:30,137 - INFO - EURUSD.s: Price: 1.17124, Trend: BEARISH, Support: 2, Resistance: 2, Broken S: 0, Broken R: 2
2025-08-25 10:10:32,296 - INFO - USDJPY.s: Price: 147.22500, Trend: BULLISH, Support: 13, Resistance: 10, Broken S: 12, Broken R: 3
2025-08-25 10:10:32,409 - INFO - GBPUSD.s: Price: 1.35122, Trend: BEARISH, Support: 2, Resistance: 1, Broken S: 0, Broken R: 0
2025-08-25 10:10:36,733 - INFO - GBPJPY.s: Price: 198.94800, Trend: BEARISH, Support: 13, Resistance: 12, Broken S: 13, Broken R: 2
2025-08-25 10:10:36,920 - INFO - EURUSD.s: Price: 1.17122, Trend: BEARISH, Support: 2, Resistance: 2, Broken S: 0, Broken R: 2
2025-08-25 10:10:38,575 - INFO - USDJPY.s: Resistance 147.23700 broken - now support
2025-08-25 10:10:38,576 - INFO - USDJPY.s: Price: 147.24400, Trend: BULLISH, Support: 13, Resistance: 10, Broken S: 12, Broken R: 4
2025-08-25 10:10:38,683 - INFO - GBPUSD.s: Price: 1.35119, Trend: BEARISH, Support: 2, Resistance: 1, Broken S: 0, Broken R: 0
2025-08-25 10:10:42,982 - INFO - GBPJPY.s: Price: 198.96000, Trend: BULLISH, Support: 13, Resistance: 12, Broken S: 13, Broken R: 2
2025-08-25 10:10:43,131 - INFO - EURUSD.s: Price: 1.17119, Trend: BEARISH, Support: 2, Resistance: 2, Broken S: 0, Broken R: 2
2025-08-25 10:10:44,594 - INFO - USDJPY.s: Price: 147.24400, Trend: BULLISH, Support: 13, Resistance: 10, Broken S: 12, Broken R: 4
2025-08-25 10:10:44,735 - INFO - GBPUSD.s: Price: 1.35119, Trend: BEARISH, Support: 2, Resistance: 1, Broken S: 0, Broken R: 0
2025-08-25 10:10:48,990 - INFO - GBPJPY.s: Price: 198.95700, Trend: BULLISH, Support: 13, Resistance: 12, Broken S: 13, Broken R: 2
2025-08-25 10:10:49,150 - INFO - EURUSD.s: Price: 1.17118, Trend: BEARISH, Support: 2, Resistance: 2, Broken S: 0, Broken R: 2
2025-08-25 10:10:50,570 - INFO - USDJPY.s: Price: 147.24500, Trend: BULLISH, Support: 13, Resistance: 11, Broken S: 12, Broken R: 4
2025-08-25 10:10:50,722 - INFO - GBPUSD.s: Price: 1.35119, Trend: BEARISH, Support: 2, Resistance: 1, Broken S: 0, Broken R: 0
2025-08-25 10:10:55,590 - INFO - GBPJPY.s: Price: 198.96200, Trend: BULLISH, Support: 13, Resistance: 12, Broken S: 13, Broken R: 2
2025-08-25 10:10:55,763 - INFO - EURUSD.s: Price: 1.17120, Trend: BEARISH, Support: 2, Resistance: 2, Broken S: 0, Broken R: 2
2025-08-25 10:10:57,459 - INFO - USDJPY.s: Price: 147.24400, Trend: BULLISH, Support: 13, Resistance: 11, Broken S: 12, Broken R: 4
2025-08-25 10:10:57,581 - INFO - GBPUSD.s: Price: 1.35122, Trend: BEARISH, Support: 2, Resistance: 1, Broken S: 0, Broken R: 0
2025-08-25 10:11:02,427 - INFO - GBPJPY.s: Price: 198.96200, Trend: BULLISH, Support: 13, Resistance: 12, Broken S: 13, Broken R: 2
2025-08-25 10:11:02,603 - ERROR - Error processing EURUSD.s: 'NoneType' object has no attribute 'retcode'
2025-08-25 10:11:04,399 - INFO - USDJPY.s: Price: 147.24000, Trend: BULLISH, Support: 13, Resistance: 11, Broken S: 12, Broken R: 4
2025-08-25 10:11:04,612 - ERROR - Error processing GBPUSD.s: 'NoneType' object has no attribute 'retcode'
2025-08-25 10:11:09,487 - INFO - GBPJPY.s: Price: 198.95400, Trend: BULLISH, Support: 13, Resistance: 12, Broken S: 13, Broken R: 2
2025-08-25 10:11:09,643 - ERROR - Error processing EURUSD.s: 'NoneType' object has no attribute 'retcode'
2025-08-25 10:11:11,922 - INFO - USDJPY.s: Price: 147.23900, Trend: BULLISH, Support: 13, Resistance: 11, Broken S: 12, Broken R: 4
2025-08-25 10:11:12,054 - INFO - GBPUSD.s: Price: 1.35121, Trend: BEARISH, Support: 2, Resistance: 1, Broken S: 0, Broken R: 0
2025-08-25 10:11:17,185 - INFO - GBPJPY.s: Price: 198.95200, Trend: BULLISH, Support: 13, Resistance: 12, Broken S: 13, Broken R: 2
2025-08-25 10:11:17,375 - ERROR - Error processing EURUSD.s: 'NoneType' object has no attribute 'retcode'
2025-08-25 10:11:19,208 - INFO - USDJPY.s: Price: 147.23800, Trend: BULLISH, Support: 13, Resistance: 11, Broken S: 12, Broken R: 4
2025-08-25 10:11:19,373 - INFO - GBPUSD.s: Price: 1.35120, Trend: BEARISH, Support: 2, Resistance: 1, Broken S: 0, Broken R: 0
2025-08-25 10:11:24,513 - INFO - GBPJPY.s: Price: 198.95000, Trend: BEARISH, Support: 13, Resistance: 12, Broken S: 13, Broken R: 2
2025-08-25 10:11:24,722 - ERROR - Error processing EURUSD.s: 'NoneType' object has no attribute 'retcode'
2025-08-25 10:11:26,895 - INFO - USDJPY.s: Price: 147.24000, Trend: BULLISH, Support: 13, Resistance: 11, Broken S: 12, Broken R: 4
2025-08-25 10:11:27,209 - INFO - GBPUSD.s: Price: 1.35121, Trend: BEARISH, Support: 2, Resistance: 1, Broken S: 0, Broken R: 0
2025-08-25 10:11:31,866 - INFO - GBPJPY.s: Price: 198.95200, Trend: BULLISH, Support: 13, Resistance: 12, Broken S: 13, Broken R: 2
2025-08-25 10:11:32,025 - ERROR - Error processing EURUSD.s: 'NoneType' object has no attribute 'retcode'
2025-08-25 10:11:34,220 - INFO - USDJPY.s: Price: 147.23900, Trend: BULLISH, Support: 13, Resistance: 11, Broken S: 12, Broken R: 4
2025-08-25 10:11:34,342 - ERROR - Error processing GBPUSD.s: 'NoneType' object has no attribute 'retcode'
2025-08-25 10:11:39,242 - INFO - GBPJPY.s: Price: 198.94800, Trend: BEARISH, Support: 13, Resistance: 12, Broken S: 13, Broken R: 2
2025-08-25 10:11:39,403 - ERROR - Error processing EURUSD.s: 'NoneType' object has no attribute 'retcode'
2025-08-25 10:11:41,187 - INFO - USDJPY.s: Price: 147.23500, Trend: BULLISH, Support: 13, Resistance: 11, Broken S: 12, Broken R: 4
2025-08-25 10:11:41,306 - INFO - GBPUSD.s: Price: 1.35119, Trend: BEARISH, Support: 2, Resistance: 1, Broken S: 0, Broken R: 0
2025-08-25 10:11:46,210 - INFO - GBPJPY.s: Price: 198.94100, Trend: BEARISH, Support: 13, Resistance: 12, Broken S: 13, Broken R: 2
2025-08-25 10:11:46,418 - INFO - EURUSD.s: Price: 1.17148, Trend: BEARISH, Support: 2, Resistance: 2, Broken S: 0, Broken R: 2
2025-08-25 10:11:48,298 - INFO - USDJPY.s: Price: 147.23300, Trend: BULLISH, Support: 13, Resistance: 11, Broken S: 12, Broken R: 4
2025-08-25 10:11:48,440 - INFO - GBPUSD.s: Price: 1.35132, Trend: BEARISH, Support: 2, Resistance: 1, Broken S: 0, Broken R: 0
2025-08-25 10:11:53,340 - INFO - GBPJPY.s: Price: 198.95400, Trend: BULLISH, Support: 13, Resistance: 12, Broken S: 13, Broken R: 2
2025-08-25 10:11:53,532 - INFO - EURUSD.s: Price: 1.17146, Trend: BEARISH, Support: 2, Resistance: 2, Broken S: 0, Broken R: 2
2025-08-25 10:11:55,255 - INFO - USDJPY.s: Price: 147.23500, Trend: BULLISH, Support: 13, Resistance: 11, Broken S: 12, Broken R: 4
2025-08-25 10:11:55,383 - INFO - GBPUSD.s: Price: 1.35124, Trend: BEARISH, Support: 2, Resistance: 1, Broken S: 0, Broken R: 0
2025-08-25 10:12:00,109 - INFO - GBPJPY.s: Price: 198.95100, Trend: BULLISH, Support: 12, Resistance: 11, Broken S: 13, Broken R: 2
2025-08-25 10:12:00,298 - INFO - EURUSD.s: Price: 1.17145, Trend: BEARISH, Support: 2, Resistance: 2, Broken S: 0, Broken R: 2
2025-08-25 10:12:02,017 - INFO - USDJPY.s: Price: 147.23500, Trend: BULLISH, Support: 13, Resistance: 11, Broken S: 12, Broken R: 4
2025-08-25 10:12:02,170 - INFO - GBPUSD.s: Price: 1.35122, Trend: BEARISH, Support: 2, Resistance: 1, Broken S: 0, Broken R: 0
2025-08-25 10:12:06,736 - INFO - GBPJPY.s: Price: 198.95100, Trend: BULLISH, Support: 12, Resistance: 11, Broken S: 13, Broken R: 2
2025-08-25 10:12:06,930 - INFO - EURUSD.s: Price: 1.17144, Trend: BEARISH, Support: 2, Resistance: 2, Broken S: 0, Broken R: 2
2025-08-25 10:12:08,839 - INFO - USDJPY.s: Price: 147.23600, Trend: BULLISH, Support: 13, Resistance: 11, Broken S: 12, Broken R: 4
2025-08-25 10:12:08,978 - INFO - GBPUSD.s: Price: 1.35122, Trend: BEARISH, Support: 2, Resistance: 1, Broken S: 0, Broken R: 0
2025-08-25 10:12:13,510 - INFO - GBPJPY.s: Price: 198.94800, Trend: BEARISH, Support: 12, Resistance: 11, Broken S: 13, Broken R: 2
2025-08-25 10:12:13,680 - INFO - EURUSD.s: Price: 1.17144, Trend: BEARISH, Support: 2, Resistance: 2, Broken S: 0, Broken R: 2
2025-08-25 10:12:15,474 - INFO - USDJPY.s: Price: 147.23400, Trend: BULLISH, Support: 13, Resistance: 11, Broken S: 12, Broken R: 4
2025-08-25 10:12:15,625 - INFO - GBPUSD.s: Price: 1.35107, Trend: BEARISH, Support: 2, Resistance: 1, Broken S: 0, Broken R: 0
2025-08-25 10:12:20,631 - INFO - GBPJPY.s: Price: 198.93100, Trend: BEARISH, Support: 12, Resistance: 11, Broken S: 13, Broken R: 2
2025-08-25 10:12:20,796 - INFO - EURUSD.s: Price: 1.17133, Trend: BEARISH, Support: 2, Resistance: 2, Broken S: 0, Broken R: 2
2025-08-25 10:12:22,654 - INFO - USDJPY.s: Price: 147.23900, Trend: BULLISH, Support: 13, Resistance: 12, Broken S: 12, Broken R: 4
2025-08-25 10:12:22,822 - INFO - GBPUSD.s: Price: 1.35104, Trend: BEARISH, Support: 2, Resistance: 1, Broken S: 0, Broken R: 0
2025-08-25 10:12:27,514 - INFO - GBPJPY.s: Price: 198.92900, Trend: BEARISH, Support: 12, Resistance: 11, Broken S: 13, Broken R: 2
2025-08-25 10:12:27,694 - INFO - EURUSD.s: Price: 1.17133, Trend: BEARISH, Support: 2, Resistance: 2, Broken S: 0, Broken R: 2
2025-08-25 10:12:29,467 - INFO - USDJPY.s: Price: 147.24100, Trend: BULLISH, Support: 13, Resistance: 11, Broken S: 12, Broken R: 4
2025-08-25 10:12:29,595 - INFO - GBPUSD.s: Price: 1.35101, Trend: BEARISH, Support: 2, Resistance: 1, Broken S: 0, Broken R: 0
2025-08-25 10:12:34,219 - INFO - GBPJPY.s: Price: 198.92700, Trend: BEARISH, Support: 12, Resistance: 11, Broken S: 13, Broken R: 2
2025-08-25 10:12:34,387 - INFO - EURUSD.s: Price: 1.17133, Trend: BEARISH, Support: 2, Resistance: 2, Broken S: 0, Broken R: 2
2025-08-25 10:12:36,155 - INFO - USDJPY.s: Price: 147.24100, Trend: BULLISH, Support: 13, Resistance: 11, Broken S: 12, Broken R: 4
2025-08-25 10:12:36,308 - INFO - GBPUSD.s: Price: 1.35101, Trend: BEARISH, Support: 2, Resistance: 1, Broken S: 0, Broken R: 0
2025-08-25 10:12:40,928 - INFO - GBPJPY.s: Price: 198.92600, Trend: BEARISH, Support: 12, Resistance: 11, Broken S: 13, Broken R: 2
2025-08-25 10:12:41,112 - INFO - EURUSD.s: Price: 1.17133, Trend: BEARISH, Support: 2, Resistance: 2, Broken S: 0, Broken R: 2
2025-08-25 10:12:43,088 - INFO - USDJPY.s: Price: 147.24100, Trend: BULLISH, Support: 13, Resistance: 11, Broken S: 12, Broken R: 4
2025-08-25 10:12:43,239 - INFO - GBPUSD.s: Price: 1.35102, Trend: BEARISH, Support: 2, Resistance: 1, Broken S: 0, Broken R: 0
2025-08-25 10:12:48,052 - INFO - GBPJPY.s: Price: 198.90900, Trend: BEARISH, Support: 12, Resistance: 11, Broken S: 13, Broken R: 2
2025-08-25 10:12:48,289 - INFO - EURUSD.s: Price: 1.17137, Trend: BEARISH, Support: 2, Resistance: 2, Broken S: 0, Broken R: 2
2025-08-25 10:12:50,110 - INFO - USDJPY.s: Price: 147.22700, Trend: BULLISH, Support: 13, Resistance: 11, Broken S: 12, Broken R: 4
2025-08-25 10:12:50,326 - INFO - GBPUSD.s: Price: 1.35100, Trend: BEARISH, Support: 2, Resistance: 1, Broken S: 0, Broken R: 0
2025-08-25 10:12:55,653 - INFO - GBPJPY.s: Price: 198.90700, Trend: BEARISH, Support: 12, Resistance: 11, Broken S: 13, Broken R: 2
2025-08-25 10:12:55,836 - INFO - EURUSD.s: Price: 1.17137, Trend: BEARISH, Support: 2, Resistance: 2, Broken S: 0, Broken R: 2
2025-08-25 10:12:57,845 - INFO - USDJPY.s: Price: 147.22800, Trend: BULLISH, Support: 13, Resistance: 11, Broken S: 12, Broken R: 4
2025-08-25 10:12:58,023 - INFO - GBPUSD.s: Price: 1.35101, Trend: BEARISH, Support: 2, Resistance: 1, Broken S: 0, Broken R: 0
2025-08-25 10:13:10,379 - INFO - Connected to MT5: JustMarkets-Demo
2025-08-25 10:13:10,379 - INFO - Starting Enhanced Smart Trading Bot for symbols: GBPJPY.s, EURUSD.s, USDJPY.s, GBPUSD.s
2025-08-25 10:13:11,917 - INFO - GBPJPY.s: Support 198.92200 broken - now resistance
2025-08-25 10:13:11,918 - INFO - GBPJPY.s: Support 198.93500 broken - now resistance
2025-08-25 10:13:11,918 - INFO - GBPJPY.s: Support 198.96800 broken - now resistance
2025-08-25 10:13:11,920 - INFO - GBPJPY.s: Support 198.97300 broken - now resistance
2025-08-25 10:13:11,921 - INFO - GBPJPY.s: Support 198.99000 broken - now resistance
2025-08-25 10:13:11,921 - INFO - GBPJPY.s: Support 199.00400 broken - now resistance
2025-08-25 10:13:11,922 - INFO - GBPJPY.s: Support 199.01100 broken - now resistance
2025-08-25 10:13:11,922 - INFO - GBPJPY.s: Support 199.01200 broken - now resistance
2025-08-25 10:13:11,923 - INFO - GBPJPY.s: Support 199.01600 broken - now resistance
2025-08-25 10:13:11,923 - INFO - GBPJPY.s: Support 199.02200 broken - now resistance
2025-08-25 10:13:11,924 - INFO - GBPJPY.s: Support 199.03500 broken - now resistance
2025-08-25 10:13:11,925 - INFO - GBPJPY.s: Support 199.04500 broken - now resistance
2025-08-25 10:13:11,926 - INFO - GBPJPY.s: Price: 198.91100, Trend: BEARISH, Support: 12, Resistance: 11, Broken S: 12, Broken R: 0
2025-08-25 10:13:12,082 - INFO - EURUSD.s: Price: 1.17137, Trend: BEARISH, Support: 2, Resistance: 2, Broken S: 0, Broken R: 0
2025-08-25 10:13:13,531 - INFO - USDJPY.s: Support 147.26100 broken - now resistance
2025-08-25 10:13:13,531 - INFO - USDJPY.s: Support 147.26700 broken - now resistance
2025-08-25 10:13:13,532 - INFO - USDJPY.s: Support 147.27600 broken - now resistance
2025-08-25 10:13:13,532 - INFO - USDJPY.s: Support 147.28900 broken - now resistance
2025-08-25 10:13:13,533 - INFO - USDJPY.s: Support 147.30600 broken - now resistance
2025-08-25 10:13:13,533 - INFO - USDJPY.s: Support 147.31000 broken - now resistance
2025-08-25 10:13:13,535 - INFO - USDJPY.s: Support 147.31100 broken - now resistance
2025-08-25 10:13:13,536 - INFO - USDJPY.s: Support 147.31700 broken - now resistance
2025-08-25 10:13:13,537 - INFO - USDJPY.s: Support 147.31900 broken - now resistance
2025-08-25 10:13:13,537 - INFO - USDJPY.s: Resistance 147.18000 broken - now support
2025-08-25 10:13:13,538 - INFO - USDJPY.s: Resistance 147.18500 broken - now support
2025-08-25 10:13:13,538 - INFO - USDJPY.s: Resistance 147.22400 broken - now support
2025-08-25 10:13:13,540 - INFO - USDJPY.s: Price: 147.23200, Trend: BULLISH, Support: 13, Resistance: 11, Broken S: 9, Broken R: 3
2025-08-25 10:13:13,721 - INFO - GBPUSD.s: Price: 1.35100, Trend: BEARISH, Support: 2, Resistance: 1, Broken S: 0, Broken R: 0
2025-08-25 10:13:17,907 - INFO - GBPJPY.s: Price: 198.90200, Trend: BEARISH, Support: 12, Resistance: 11, Broken S: 12, Broken R: 0
2025-08-25 10:13:18,015 - ERROR - Error processing EURUSD.s: 'NoneType' object has no attribute 'retcode'
2025-08-25 10:13:19,007 - INFO - USDJPY.s: Price: 147.22200, Trend: BULLISH, Support: 13, Resistance: 11, Broken S: 9, Broken R: 3
2025-08-25 10:13:19,082 - INFO - GBPUSD.s: Price: 1.35109, Trend: BEARISH, Support: 2, Resistance: 1, Broken S: 0, Broken R: 0
2025-08-25 10:13:22,608 - INFO - GBPJPY.s: Price: 198.91300, Trend: BEARISH, Support: 12, Resistance: 11, Broken S: 12, Broken R: 0
2025-08-25 10:13:22,674 - ERROR - Error processing EURUSD.s: 'NoneType' object has no attribute 'retcode'
2025-08-25 10:13:23,366 - INFO - USDJPY.s: Price: 147.22300, Trend: BULLISH, Support: 13, Resistance: 11, Broken S: 9, Broken R: 3
2025-08-25 10:13:23,425 - INFO - GBPUSD.s: Price: 1.35108, Trend: BEARISH, Support: 2, Resistance: 1, Broken S: 0, Broken R: 0
2025-08-25 10:13:27,233 - INFO - GBPJPY.s: Price: 198.90200, Trend: BEARISH, Support: 12, Resistance: 11, Broken S: 12, Broken R: 0
2025-08-25 10:13:27,334 - INFO - EURUSD.s: Price: 1.17141, Trend: BEARISH, Support: 2, Resistance: 2, Broken S: 0, Broken R: 0
2025-08-25 10:13:28,234 - INFO - USDJPY.s: Price: 147.21800, Trend: BULLISH, Support: 13, Resistance: 11, Broken S: 9, Broken R: 3
2025-08-25 10:13:28,321 - INFO - GBPUSD.s: Price: 1.35106, Trend: BEARISH, Support: 2, Resistance: 1, Broken S: 0, Broken R: 0
2025-08-25 10:13:32,392 - INFO - GBPJPY.s: Price: 198.90500, Trend: BEARISH, Support: 12, Resistance: 11, Broken S: 12, Broken R: 0
2025-08-25 10:13:32,500 - INFO - EURUSD.s: Price: 1.17142, Trend: BEARISH, Support: 2, Resistance: 2, Broken S: 0, Broken R: 0
2025-08-25 10:13:33,325 - INFO - USDJPY.s: Price: 147.21900, Trend: BULLISH, Support: 13, Resistance: 11, Broken S: 9, Broken R: 3
2025-08-25 10:13:33,387 - INFO - GBPUSD.s: Price: 1.35109, Trend: BEARISH, Support: 2, Resistance: 1, Broken S: 0, Broken R: 0
2025-08-25 10:13:36,962 - INFO - GBPJPY.s: Price: 198.90500, Trend: BEARISH, Support: 12, Resistance: 11, Broken S: 12, Broken R: 0
2025-08-25 10:13:37,041 - INFO - EURUSD.s: Price: 1.17142, Trend: BEARISH, Support: 2, Resistance: 2, Broken S: 0, Broken R: 0
2025-08-25 10:13:37,717 - INFO - USDJPY.s: Price: 147.21900, Trend: BULLISH, Support: 13, Resistance: 11, Broken S: 9, Broken R: 3
2025-08-25 10:13:37,777 - INFO - GBPUSD.s: Price: 1.35108, Trend: BEARISH, Support: 2, Resistance: 1, Broken S: 0, Broken R: 0
2025-08-25 10:13:41,732 - INFO - GBPJPY.s: Price: 198.90900, Trend: BEARISH, Support: 12, Resistance: 11, Broken S: 12, Broken R: 0
2025-08-25 10:13:41,869 - INFO - EURUSD.s: Price: 1.17141, Trend: BEARISH, Support: 2, Resistance: 2, Broken S: 0, Broken R: 0
2025-08-25 10:13:42,880 - INFO - USDJPY.s: Price: 147.22000, Trend: BULLISH, Support: 13, Resistance: 11, Broken S: 9, Broken R: 3
2025-08-25 10:13:42,952 - INFO - GBPUSD.s: Price: 1.35109, Trend: BEARISH, Support: 2, Resistance: 1, Broken S: 0, Broken R: 0
2025-08-25 10:13:46,471 - INFO - GBPJPY.s: Price: 198.90800, Trend: BEARISH, Support: 12, Resistance: 11, Broken S: 12, Broken R: 0
2025-08-25 10:13:46,540 - INFO - EURUSD.s: Price: 1.17141, Trend: BEARISH, Support: 2, Resistance: 2, Broken S: 0, Broken R: 0
2025-08-25 10:13:47,161 - INFO - USDJPY.s: Price: 147.21900, Trend: BULLISH, Support: 13, Resistance: 11, Broken S: 9, Broken R: 3
2025-08-25 10:13:47,225 - INFO - GBPUSD.s: Price: 1.35109, Trend: BEARISH, Support: 2, Resistance: 1, Broken S: 0, Broken R: 0
2025-08-25 10:13:50,817 - INFO - GBPJPY.s: Price: 198.90800, Trend: BEARISH, Support: 12, Resistance: 11, Broken S: 12, Broken R: 0
2025-08-25 10:13:50,906 - INFO - EURUSD.s: Price: 1.17140, Trend: BEARISH, Support: 2, Resistance: 2, Broken S: 0, Broken R: 0
2025-08-25 10:13:51,614 - INFO - USDJPY.s: Price: 147.22000, Trend: BULLISH, Support: 13, Resistance: 11, Broken S: 9, Broken R: 3
2025-08-25 10:13:51,676 - INFO - GBPUSD.s: Price: 1.35109, Trend: BEARISH, Support: 2, Resistance: 1, Broken S: 0, Broken R: 0
2025-08-25 10:13:55,348 - INFO - GBPJPY.s: Price: 198.90700, Trend: BEARISH, Support: 12, Resistance: 11, Broken S: 12, Broken R: 0
2025-08-25 10:13:55,434 - INFO - EURUSD.s: Price: 1.17140, Trend: BEARISH, Support: 2, Resistance: 2, Broken S: 0, Broken R: 0
2025-08-25 10:13:56,732 - INFO - USDJPY.s: Price: 147.21900, Trend: BULLISH, Support: 13, Resistance: 11, Broken S: 9, Broken R: 3
2025-08-25 10:13:56,816 - INFO - GBPUSD.s: Price: 1.35109, Trend: BEARISH, Support: 2, Resistance: 1, Broken S: 0, Broken R: 0
2025-08-25 10:14:00,349 - INFO - GBPJPY.s: Price: 198.90700, Trend: BEARISH, Support: 12, Resistance: 12, Broken S: 12, Broken R: 0
2025-08-25 10:14:00,420 - INFO - EURUSD.s: Price: 1.17144, Trend: BEARISH, Support: 2, Resistance: 2, Broken S: 0, Broken R: 0
2025-08-25 10:14:01,284 - INFO - USDJPY.s: Price: 147.21600, Trend: BULLISH, Support: 13, Resistance: 11, Broken S: 9, Broken R: 3
2025-08-25 10:14:01,353 - INFO - GBPUSD.s: Price: 1.35110, Trend: BEARISH, Support: 2, Resistance: 1, Broken S: 0, Broken R: 0
2025-08-25 10:14:04,905 - INFO - GBPJPY.s: Price: 198.89900, Trend: BEARISH, Support: 12, Resistance: 12, Broken S: 12, Broken R: 0
2025-08-25 10:14:04,977 - INFO - EURUSD.s: Price: 1.17144, Trend: BEARISH, Support: 2, Resistance: 2, Broken S: 0, Broken R: 0
2025-08-25 10:14:05,607 - INFO - USDJPY.s: Support 147.21500 broken - now resistance
2025-08-25 10:14:05,608 - INFO - USDJPY.s: Price: 147.21000, Trend: BULLISH, Support: 13, Resistance: 11, Broken S: 10, Broken R: 3
2025-08-25 10:14:05,664 - INFO - GBPUSD.s: Price: 1.35110, Trend: BEARISH, Support: 2, Resistance: 1, Broken S: 0, Broken R: 0
2025-08-25 10:14:09,321 - INFO - GBPJPY.s: Price: 198.90200, Trend: BEARISH, Support: 12, Resistance: 12, Broken S: 12, Broken R: 0
2025-08-25 10:14:09,400 - INFO - EURUSD.s: Price: 1.17145, Trend: BEARISH, Support: 2, Resistance: 2, Broken S: 0, Broken R: 0
2025-08-25 10:14:10,169 - INFO - USDJPY.s: Price: 147.21100, Trend: BULLISH, Support: 13, Resistance: 11, Broken S: 10, Broken R: 3
2025-08-25 10:14:10,227 - INFO - GBPUSD.s: Price: 1.35114, Trend: BEARISH, Support: 2, Resistance: 1, Broken S: 0, Broken R: 0
2025-08-25 10:14:13,871 - INFO - GBPJPY.s: Price: 198.89200, Trend: BEARISH, Support: 12, Resistance: 12, Broken S: 12, Broken R: 0
2025-08-25 10:14:13,951 - ERROR - Error processing EURUSD.s: 'NoneType' object has no attribute 'retcode'
2025-08-25 10:14:15,092 - INFO - USDJPY.s: Price: 147.20500, Trend: BULLISH, Support: 14, Resistance: 11, Broken S: 10, Broken R: 3
2025-08-25 10:14:15,183 - INFO - GBPUSD.s: Price: 1.35112, Trend: BEARISH, Support: 2, Resistance: 1, Broken S: 0, Broken R: 0
2025-08-25 10:14:18,750 - INFO - GBPJPY.s: Price: 198.89700, Trend: BEARISH, Support: 12, Resistance: 12, Broken S: 12, Broken R: 0
2025-08-25 10:14:18,814 - ERROR - Error processing EURUSD.s: 'NoneType' object has no attribute 'retcode'
2025-08-25 10:14:19,437 - INFO - USDJPY.s: Price: 147.20900, Trend: BULLISH, Support: 14, Resistance: 11, Broken S: 10, Broken R: 3
2025-08-25 10:14:19,488 - INFO - GBPUSD.s: Price: 1.35112, Trend: BEARISH, Support: 2, Resistance: 1, Broken S: 0, Broken R: 0
2025-08-25 10:14:23,145 - INFO - GBPJPY.s: Price: 198.90100, Trend: BEARISH, Support: 12, Resistance: 12, Broken S: 12, Broken R: 0
2025-08-25 10:14:23,253 - INFO - EURUSD.s: Price: 1.17143, Trend: BEARISH, Support: 2, Resistance: 2, Broken S: 0, Broken R: 0
2025-08-25 10:14:24,010 - INFO - USDJPY.s: Price: 147.21000, Trend: BULLISH, Support: 14, Resistance: 11, Broken S: 10, Broken R: 3
2025-08-25 10:14:24,065 - INFO - GBPUSD.s: Price: 1.35111, Trend: BEARISH, Support: 2, Resistance: 1, Broken S: 0, Broken R: 0
2025-08-25 10:14:27,659 - INFO - GBPJPY.s: Price: 198.90100, Trend: BEARISH, Support: 12, Resistance: 12, Broken S: 12, Broken R: 0
2025-08-25 10:14:27,731 - INFO - EURUSD.s: Price: 1.17143, Trend: BEARISH, Support: 2, Resistance: 2, Broken S: 0, Broken R: 0
2025-08-25 10:14:28,454 - INFO - USDJPY.s: Price: 147.21000, Trend: BULLISH, Support: 14, Resistance: 11, Broken S: 10, Broken R: 3
2025-08-25 10:14:28,517 - INFO - GBPUSD.s: Price: 1.35111, Trend: BEARISH, Support: 2, Resistance: 1, Broken S: 0, Broken R: 0
2025-08-25 10:14:32,768 - INFO - GBPJPY.s: Price: 198.90500, Trend: BEARISH, Support: 12, Resistance: 12, Broken S: 12, Broken R: 0
2025-08-25 10:14:32,900 - INFO - EURUSD.s: Price: 1.17144, Trend: BEARISH, Support: 2, Resistance: 2, Broken S: 0, Broken R: 0
2025-08-25 10:14:33,881 - INFO - USDJPY.s: Price: 147.21000, Trend: BULLISH, Support: 14, Resistance: 11, Broken S: 10, Broken R: 3
2025-08-25 10:14:33,954 - INFO - GBPUSD.s: Price: 1.35113, Trend: BEARISH, Support: 2, Resistance: 1, Broken S: 0, Broken R: 0
2025-08-25 10:14:37,547 - INFO - GBPJPY.s: Price: 198.89800, Trend: BEARISH, Support: 12, Resistance: 12, Broken S: 12, Broken R: 0
2025-08-25 10:14:37,619 - INFO - EURUSD.s: Price: 1.17143, Trend: BEARISH, Support: 2, Resistance: 2, Broken S: 0, Broken R: 0
2025-08-25 10:14:38,286 - INFO - USDJPY.s: Price: 147.21200, Trend: BULLISH, Support: 14, Resistance: 11, Broken S: 10, Broken R: 3
2025-08-25 10:14:38,360 - INFO - GBPUSD.s: Price: 1.35109, Trend: BEARISH, Support: 2, Resistance: 1, Broken S: 0, Broken R: 0
2025-08-25 10:14:41,972 - INFO - GBPJPY.s: Price: 198.90000, Trend: BEARISH, Support: 12, Resistance: 12, Broken S: 12, Broken R: 0
2025-08-25 10:14:42,046 - INFO - EURUSD.s: Price: 1.17143, Trend: BEARISH, Support: 2, Resistance: 2, Broken S: 0, Broken R: 0
2025-08-25 10:14:42,773 - INFO - USDJPY.s: Price: 147.21100, Trend: BULLISH, Support: 14, Resistance: 11, Broken S: 10, Broken R: 3
2025-08-25 10:14:42,832 - INFO - GBPUSD.s: Price: 1.35109, Trend: BEARISH, Support: 2, Resistance: 1, Broken S: 0, Broken R: 0
2025-08-25 10:14:46,468 - INFO - GBPJPY.s: Price: 198.89500, Trend: BEARISH, Support: 12, Resistance: 12, Broken S: 12, Broken R: 0
2025-08-25 10:14:46,547 - INFO - EURUSD.s: Price: 1.17135, Trend: BEARISH, Support: 2, Resistance: 2, Broken S: 0, Broken R: 0
2025-08-25 10:14:47,262 - INFO - USDJPY.s: Price: 147.21400, Trend: BULLISH, Support: 14, Resistance: 11, Broken S: 10, Broken R: 3
2025-08-25 10:14:47,316 - INFO - GBPUSD.s: Price: 1.35103, Trend: BEARISH, Support: 2, Resistance: 1, Broken S: 0, Broken R: 0
2025-08-25 10:14:50,924 - INFO - GBPJPY.s: Price: 198.89200, Trend: BEARISH, Support: 12, Resistance: 12, Broken S: 12, Broken R: 0
2025-08-25 10:14:50,998 - INFO - EURUSD.s: Price: 1.17138, Trend: BEARISH, Support: 2, Resistance: 2, Broken S: 0, Broken R: 0
2025-08-25 10:14:51,688 - INFO - USDJPY.s: Price: 147.21000, Trend: BULLISH, Support: 14, Resistance: 11, Broken S: 10, Broken R: 3
2025-08-25 10:14:51,750 - INFO - GBPUSD.s: Price: 1.35104, Trend: BEARISH, Support: 2, Resistance: 1, Broken S: 0, Broken R: 0
2025-08-25 10:14:55,281 - INFO - GBPJPY.s: Price: 198.89000, Trend: BEARISH, Support: 12, Resistance: 12, Broken S: 12, Broken R: 0
2025-08-25 10:14:55,352 - INFO - EURUSD.s: Price: 1.17138, Trend: BEARISH, Support: 2, Resistance: 2, Broken S: 0, Broken R: 0
2025-08-25 10:14:56,041 - INFO - USDJPY.s: Price: 147.21100, Trend: BULLISH, Support: 14, Resistance: 11, Broken S: 10, Broken R: 3
2025-08-25 10:14:56,098 - INFO - GBPUSD.s: Price: 1.35106, Trend: BEARISH, Support: 2, Resistance: 1, Broken S: 0, Broken R: 0
2025-08-25 10:15:00,370 - INFO - GBPJPY.s: Price: 198.89200, Trend: BEARISH, Support: 12, Resistance: 12, Broken S: 12, Broken R: 0
2025-08-25 10:15:00,530 - INFO - EURUSD.s: Price: 1.17138, Trend: BEARISH, Support: 2, Resistance: 2, Broken S: 0, Broken R: 0
2025-08-25 10:15:02,015 - INFO - USDJPY.s: Price: 147.21200, Trend: BULLISH, Support: 14, Resistance: 11, Broken S: 10, Broken R: 3
2025-08-25 10:15:02,120 - INFO - GBPUSD.s: Price: 1.35102, Trend: BEARISH, Support: 2, Resistance: 1, Broken S: 0, Broken R: 0
2025-08-25 10:15:06,169 - INFO - GBPJPY.s: Price: 198.89400, Trend: BEARISH, Support: 12, Resistance: 12, Broken S: 12, Broken R: 0
2025-08-25 10:15:06,296 - INFO - EURUSD.s: Price: 1.17134, Trend: BEARISH, Support: 2, Resistance: 2, Broken S: 0, Broken R: 0
2025-08-25 10:15:07,317 - INFO - USDJPY.s: Price: 147.21900, Trend: BULLISH, Support: 14, Resistance: 11, Broken S: 10, Broken R: 3
2025-08-25 10:15:07,401 - INFO - GBPUSD.s: Price: 1.35101, Trend: BEARISH, Support: 2, Resistance: 1, Broken S: 0, Broken R: 0
2025-08-25 10:15:11,425 - INFO - GBPJPY.s: Price: 198.88600, Trend: BEARISH, Support: 12, Resistance: 12, Broken S: 12, Broken R: 0
2025-08-25 10:15:11,558 - INFO - EURUSD.s: Price: 1.17139, Trend: BEARISH, Support: 2, Resistance: 2, Broken S: 0, Broken R: 0
2025-08-25 10:15:12,614 - INFO - USDJPY.s: Price: 147.21100, Trend: BULLISH, Support: 14, Resistance: 11, Broken S: 10, Broken R: 3
2025-08-25 10:15:12,685 - INFO - GBPUSD.s: Price: 1.35104, Trend: BEARISH, Support: 2, Resistance: 1, Broken S: 0, Broken R: 0
2025-08-25 10:15:16,566 - INFO - GBPJPY.s: Price: 198.88700, Trend: BEARISH, Support: 12, Resistance: 12, Broken S: 12, Broken R: 0
2025-08-25 10:15:16,654 - INFO - EURUSD.s: Price: 1.17139, Trend: BEARISH, Support: 2, Resistance: 2, Broken S: 0, Broken R: 0
2025-08-25 10:15:17,516 - INFO - USDJPY.s: Price: 147.20900, Trend: BULLISH, Support: 14, Resistance: 11, Broken S: 10, Broken R: 3
2025-08-25 10:15:17,591 - INFO - GBPUSD.s: Price: 1.35105, Trend: BEARISH, Support: 2, Resistance: 1, Broken S: 0, Broken R: 0
2025-08-25 10:15:21,249 - INFO - GBPJPY.s: Price: 198.88900, Trend: BEARISH, Support: 12, Resistance: 12, Broken S: 12, Broken R: 0
2025-08-25 10:15:21,340 - INFO - EURUSD.s: Price: 1.17142, Trend: BEARISH, Support: 2, Resistance: 2, Broken S: 0, Broken R: 0
2025-08-25 10:15:22,094 - INFO - USDJPY.s: Price: 147.21000, Trend: BULLISH, Support: 14, Resistance: 11, Broken S: 10, Broken R: 3
2025-08-25 10:15:22,157 - INFO - GBPUSD.s: Price: 1.35105, Trend: BEARISH, Support: 2, Resistance: 1, Broken S: 0, Broken R: 0
2025-08-25 10:15:25,816 - INFO - GBPJPY.s: Price: 198.88800, Trend: BEARISH, Support: 12, Resistance: 12, Broken S: 12, Broken R: 0
2025-08-25 10:15:25,892 - INFO - EURUSD.s: Price: 1.17142, Trend: BEARISH, Support: 2, Resistance: 2, Broken S: 0, Broken R: 0
2025-08-25 10:15:26,632 - INFO - USDJPY.s: Price: 147.21000, Trend: BULLISH, Support: 14, Resistance: 11, Broken S: 10, Broken R: 3
2025-08-25 10:15:26,705 - INFO - GBPUSD.s: Price: 1.35104, Trend: BEARISH, Support: 2, Resistance: 1, Broken S: 0, Broken R: 0
2025-08-25 10:15:30,427 - INFO - GBPJPY.s: Price: 198.88700, Trend: BEARISH, Support: 12, Resistance: 12, Broken S: 12, Broken R: 0
2025-08-25 10:15:30,509 - INFO - EURUSD.s: Price: 1.17140, Trend: BEARISH, Support: 2, Resistance: 2, Broken S: 0, Broken R: 0
2025-08-25 10:15:31,328 - INFO - USDJPY.s: Price: 147.21100, Trend: BULLISH, Support: 14, Resistance: 11, Broken S: 10, Broken R: 3
2025-08-25 10:15:31,424 - INFO - GBPUSD.s: Price: 1.35102, Trend: BEARISH, Support: 2, Resistance: 1, Broken S: 0, Broken R: 0
2025-08-25 10:15:35,211 - INFO - GBPJPY.s: Price: 198.88900, Trend: BEARISH, Support: 12, Resistance: 12, Broken S: 12, Broken R: 0
2025-08-25 10:15:35,312 - INFO - EURUSD.s: Price: 1.17141, Trend: BEARISH, Support: 2, Resistance: 2, Broken S: 0, Broken R: 0
2025-08-25 10:15:36,139 - INFO - USDJPY.s: Price: 147.21200, Trend: BULLISH, Support: 14, Resistance: 11, Broken S: 10, Broken R: 3
2025-08-25 10:15:36,206 - INFO - GBPUSD.s: Price: 1.35104, Trend: BEARISH, Support: 2, Resistance: 1, Broken S: 0, Broken R: 0
2025-08-25 10:15:39,772 - INFO - GBPJPY.s: Price: 198.89000, Trend: BEARISH, Support: 12, Resistance: 12, Broken S: 12, Broken R: 0
2025-08-25 10:15:39,846 - INFO - EURUSD.s: Price: 1.17139, Trend: BEARISH, Support: 2, Resistance: 2, Broken S: 0, Broken R: 0
2025-08-25 10:15:40,522 - INFO - USDJPY.s: Price: 147.21300, Trend: BULLISH, Support: 14, Resistance: 11, Broken S: 10, Broken R: 3
2025-08-25 10:15:40,582 - INFO - GBPUSD.s: Price: 1.35103, Trend: BEARISH, Support: 2, Resistance: 1, Broken S: 0, Broken R: 0
2025-08-25 10:15:44,098 - INFO - GBPJPY.s: Price: 198.89200, Trend: BEARISH, Support: 12, Resistance: 12, Broken S: 12, Broken R: 0
2025-08-25 10:15:44,152 - INFO - EURUSD.s: Price: 1.17139, Trend: BEARISH, Support: 2, Resistance: 2, Broken S: 0, Broken R: 0
2025-08-25 10:15:44,761 - INFO - USDJPY.s: Price: 147.21400, Trend: BULLISH, Support: 14, Resistance: 11, Broken S: 10, Broken R: 3
2025-08-25 10:15:44,815 - INFO - GBPUSD.s: Price: 1.35103, Trend: BEARISH, Support: 2, Resistance: 1, Broken S: 0, Broken R: 0
2025-08-25 10:15:48,434 - INFO - GBPJPY.s: Price: 198.90100, Trend: BEARISH, Support: 12, Resistance: 12, Broken S: 12, Broken R: 0
2025-08-25 10:15:48,508 - INFO - EURUSD.s: Price: 1.17130, Trend: BEARISH, Support: 2, Resistance: 2, Broken S: 0, Broken R: 0
2025-08-25 10:15:49,235 - INFO - USDJPY.s: Price: 147.22300, Trend: BULLISH, Support: 14, Resistance: 11, Broken S: 10, Broken R: 3
2025-08-25 10:15:49,297 - INFO - GBPUSD.s: Price: 1.35099, Trend: BEARISH, Support: 2, Resistance: 1, Broken S: 0, Broken R: 0
2025-08-25 10:15:52,888 - INFO - GBPJPY.s: Price: 198.89600, Trend: BEARISH, Support: 12, Resistance: 12, Broken S: 12, Broken R: 0
2025-08-25 10:15:52,963 - INFO - EURUSD.s: Price: 1.17132, Trend: BEARISH, Support: 2, Resistance: 2, Broken S: 0, Broken R: 0
2025-08-25 10:15:53,804 - INFO - USDJPY.s: Price: 147.22100, Trend: BULLISH, Support: 14, Resistance: 11, Broken S: 10, Broken R: 3
2025-08-25 10:15:53,877 - INFO - GBPUSD.s: Price: 1.35098, Trend: BEARISH, Support: 2, Resistance: 1, Broken S: 0, Broken R: 0
2025-08-25 10:15:57,420 - INFO - GBPJPY.s: Price: 198.89600, Trend: BEARISH, Support: 12, Resistance: 12, Broken S: 12, Broken R: 0
2025-08-25 10:15:57,480 - INFO - EURUSD.s: Price: 1.17133, Trend: BEARISH, Support: 2, Resistance: 2, Broken S: 0, Broken R: 0
2025-08-25 10:15:58,150 - INFO - USDJPY.s: Price: 147.22200, Trend: BULLISH, Support: 14, Resistance: 11, Broken S: 10, Broken R: 3
2025-08-25 10:15:58,207 - INFO - GBPUSD.s: Price: 1.35101, Trend: BEARISH, Support: 2, Resistance: 1, Broken S: 0, Broken R: 0
2025-08-25 10:16:01,762 - INFO - GBPJPY.s: Price: 198.89700, Trend: BEARISH, Support: 12, Resistance: 12, Broken S: 12, Broken R: 0
2025-08-25 10:16:01,828 - INFO - EURUSD.s: Price: 1.17133, Trend: BEARISH, Support: 2, Resistance: 2, Broken S: 0, Broken R: 0
2025-08-25 10:16:02,506 - INFO - USDJPY.s: Price: 147.22100, Trend: BULLISH, Support: 14, Resistance: 11, Broken S: 10, Broken R: 3
2025-08-25 10:16:02,570 - INFO - GBPUSD.s: Price: 1.35100, Trend: BEARISH, Support: 2, Resistance: 1, Broken S: 0, Broken R: 0
2025-08-25 10:16:06,155 - INFO - GBPJPY.s: Price: 198.90200, Trend: BEARISH, Support: 12, Resistance: 12, Broken S: 12, Broken R: 0
2025-08-25 10:16:06,231 - INFO - EURUSD.s: Price: 1.17131, Trend: BEARISH, Support: 2, Resistance: 2, Broken S: 0, Broken R: 0
2025-08-25 10:16:06,962 - INFO - USDJPY.s: Price: 147.22500, Trend: BULLISH, Support: 14, Resistance: 11, Broken S: 10, Broken R: 3
2025-08-25 10:16:07,023 - INFO - GBPUSD.s: Price: 1.35100, Trend: BEARISH, Support: 2, Resistance: 1, Broken S: 0, Broken R: 0
2025-08-25 10:16:11,182 - INFO - GBPJPY.s: Price: 198.90100, Trend: BEARISH, Support: 12, Resistance: 12, Broken S: 12, Broken R: 0
2025-08-25 10:16:11,314 - INFO - EURUSD.s: Price: 1.17130, Trend: BEARISH, Support: 2, Resistance: 2, Broken S: 0, Broken R: 0
2025-08-25 10:16:12,403 - INFO - USDJPY.s: Price: 147.22800, Trend: BULLISH, Support: 14, Resistance: 11, Broken S: 10, Broken R: 3
2025-08-25 10:16:12,481 - INFO - GBPUSD.s: Price: 1.35098, Trend: BEARISH, Support: 2, Resistance: 1, Broken S: 0, Broken R: 0
2025-08-25 10:16:21,712 - INFO - Connected to MT5: JustMarkets-Demo
2025-08-25 10:16:21,713 - INFO - Starting Enhanced Smart Trading Bot for symbols: GBPJPY.s, EURUSD.s, USDJPY.s, GBPUSD.s
2025-08-25 10:16:22,536 - INFO - GBPJPY.s: Support 198.92200 broken - now resistance
2025-08-25 10:16:22,536 - INFO - GBPJPY.s: Support 198.93500 broken - now resistance
2025-08-25 10:16:22,536 - INFO - GBPJPY.s: Support 198.96800 broken - now resistance
2025-08-25 10:16:22,537 - INFO - GBPJPY.s: Support 198.97300 broken - now resistance
2025-08-25 10:16:22,537 - INFO - GBPJPY.s: Support 198.99000 broken - now resistance
2025-08-25 10:16:22,537 - INFO - GBPJPY.s: Support 199.00400 broken - now resistance
2025-08-25 10:16:22,538 - INFO - GBPJPY.s: Support 199.01100 broken - now resistance
2025-08-25 10:16:22,538 - INFO - GBPJPY.s: Support 199.01200 broken - now resistance
2025-08-25 10:16:22,538 - INFO - GBPJPY.s: Support 199.01600 broken - now resistance
2025-08-25 10:16:22,538 - INFO - GBPJPY.s: Support 199.02200 broken - now resistance
2025-08-25 10:16:22,539 - INFO - GBPJPY.s: Support 199.03500 broken - now resistance
2025-08-25 10:16:22,539 - INFO - GBPJPY.s: Support 199.04500 broken - now resistance
2025-08-25 10:16:22,540 - INFO - GBPJPY.s: Price: 198.89500, Trend: BEARISH, Support: 12, Resistance: 12, Broken S: 12, Broken R: 0
2025-08-25 10:16:22,620 - INFO - EURUSD.s: Price: 1.17132, Trend: BEARISH, Support: 2, Resistance: 2, Broken S: 0, Broken R: 0
2025-08-25 10:16:23,402 - INFO - USDJPY.s: Support 147.26100 broken - now resistance
2025-08-25 10:16:23,403 - INFO - USDJPY.s: Support 147.26700 broken - now resistance
2025-08-25 10:16:23,403 - INFO - USDJPY.s: Support 147.27600 broken - now resistance
2025-08-25 10:16:23,403 - INFO - USDJPY.s: Support 147.28900 broken - now resistance
2025-08-25 10:16:23,404 - INFO - USDJPY.s: Support 147.30600 broken - now resistance
2025-08-25 10:16:23,404 - INFO - USDJPY.s: Support 147.31000 broken - now resistance
2025-08-25 10:16:23,404 - INFO - USDJPY.s: Support 147.31100 broken - now resistance
2025-08-25 10:16:23,405 - INFO - USDJPY.s: Support 147.31700 broken - now resistance
2025-08-25 10:16:23,405 - INFO - USDJPY.s: Support 147.31900 broken - now resistance
2025-08-25 10:16:23,405 - INFO - USDJPY.s: Resistance 147.18000 broken - now support
2025-08-25 10:16:23,406 - INFO - USDJPY.s: Resistance 147.18500 broken - now support
2025-08-25 10:16:23,407 - INFO - USDJPY.s: Price: 147.22000, Trend: BULLISH, Support: 14, Resistance: 11, Broken S: 9, Broken R: 2
2025-08-25 10:16:23,478 - ERROR - Error processing GBPUSD.s: 'NoneType' object has no attribute 'retcode'
2025-08-25 10:16:26,997 - INFO - GBPJPY.s: Price: 198.89300, Trend: BEARISH, Support: 12, Resistance: 12, Broken S: 12, Broken R: 0
2025-08-25 10:16:27,062 - INFO - EURUSD.s: Price: 1.17139, Trend: BEARISH, Support: 2, Resistance: 2, Broken S: 0, Broken R: 0
2025-08-25 10:16:27,667 - INFO - USDJPY.s: Support 147.21500 broken - now resistance
2025-08-25 10:16:27,668 - INFO - USDJPY.s: Price: 147.21300, Trend: BULLISH, Support: 14, Resistance: 11, Broken S: 10, Broken R: 2
2025-08-25 10:16:27,718 - ERROR - Error processing GBPUSD.s: 'NoneType' object has no attribute 'retcode'
2025-08-25 10:16:31,784 - INFO - GBPJPY.s: Price: 198.89500, Trend: BEARISH, Support: 12, Resistance: 12, Broken S: 12, Broken R: 0
2025-08-25 10:16:31,891 - INFO - EURUSD.s: Price: 1.17137, Trend: BEARISH, Support: 2, Resistance: 2, Broken S: 0, Broken R: 0
2025-08-25 10:16:32,869 - INFO - USDJPY.s: Price: 147.21900, Trend: BULLISH, Support: 14, Resistance: 11, Broken S: 10, Broken R: 2
2025-08-25 10:16:32,943 - INFO - GBPUSD.s: Price: 1.35099, Trend: BEARISH, Support: 2, Resistance: 1, Broken S: 0, Broken R: 0
2025-08-25 10:16:36,661 - INFO - GBPJPY.s: Price: 198.89900, Trend: BEARISH, Support: 12, Resistance: 12, Broken S: 12, Broken R: 0
2025-08-25 10:16:36,743 - INFO - EURUSD.s: Price: 1.17136, Trend: BEARISH, Support: 2, Resistance: 2, Broken S: 0, Broken R: 0
2025-08-25 10:16:37,758 - INFO - USDJPY.s: Price: 147.22100, Trend: BULLISH, Support: 14, Resistance: 11, Broken S: 10, Broken R: 2
2025-08-25 10:16:37,838 - INFO - GBPUSD.s: Price: 1.35100, Trend: BEARISH, Support: 2, Resistance: 1, Broken S: 0, Broken R: 0
2025-08-25 10:16:41,605 - INFO - GBPJPY.s: Price: 198.89800, Trend: BEARISH, Support: 12, Resistance: 12, Broken S: 12, Broken R: 0
2025-08-25 10:16:41,682 - ERROR - Error processing EURUSD.s: 'NoneType' object has no attribute 'retcode'
2025-08-25 10:16:42,485 - INFO - USDJPY.s: Price: 147.22200, Trend: BULLISH, Support: 14, Resistance: 11, Broken S: 10, Broken R: 2
2025-08-25 10:16:42,559 - INFO - GBPUSD.s: Price: 1.35101, Trend: BEARISH, Support: 2, Resistance: 1, Broken S: 0, Broken R: 0
2025-08-25 10:16:46,367 - INFO - GBPJPY.s: Price: 198.89900, Trend: BEARISH, Support: 12, Resistance: 12, Broken S: 12, Broken R: 0
2025-08-25 10:16:46,473 - ERROR - Error processing EURUSD.s: 'NoneType' object has no attribute 'retcode'
2025-08-25 10:16:47,337 - INFO - USDJPY.s: Price: 147.22000, Trend: BULLISH, Support: 14, Resistance: 11, Broken S: 10, Broken R: 2
2025-08-25 10:16:47,400 - INFO - GBPUSD.s: Price: 1.35100, Trend: BEARISH, Support: 2, Resistance: 1, Broken S: 0, Broken R: 0
2025-08-25 10:16:51,020 - INFO - GBPJPY.s: Price: 198.89600, Trend: BEARISH, Support: 12, Resistance: 12, Broken S: 12, Broken R: 0
2025-08-25 10:16:51,102 - ERROR - Error processing EURUSD.s: 'NoneType' object has no attribute 'retcode'
2025-08-25 10:16:51,844 - INFO - USDJPY.s: Price: 147.22000, Trend: BULLISH, Support: 14, Resistance: 11, Broken S: 10, Broken R: 2
2025-08-25 10:16:51,926 - INFO - GBPUSD.s: Price: 1.35100, Trend: BEARISH, Support: 2, Resistance: 1, Broken S: 0, Broken R: 0
2025-08-25 10:16:55,510 - INFO - GBPJPY.s: Price: 198.89100, Trend: BEARISH, Support: 12, Resistance: 12, Broken S: 12, Broken R: 0
2025-08-25 10:16:55,589 - ERROR - Error processing EURUSD.s: 'NoneType' object has no attribute 'retcode'
2025-08-25 10:16:56,327 - INFO - USDJPY.s: Price: 147.21900, Trend: BULLISH, Support: 14, Resistance: 11, Broken S: 10, Broken R: 2
2025-08-25 10:16:56,392 - ERROR - Error processing GBPUSD.s: 'NoneType' object has no attribute 'retcode'
2025-08-25 10:16:59,943 - INFO - GBPJPY.s: Price: 198.89400, Trend: BEARISH, Support: 12, Resistance: 12, Broken S: 12, Broken R: 0
2025-08-25 10:17:00,018 - INFO - EURUSD.s: Price: 1.17132, Trend: BEARISH, Support: 2, Resistance: 2, Broken S: 0, Broken R: 0
2025-08-25 10:17:00,660 - INFO - USDJPY.s: Price: 147.21900, Trend: BULLISH, Support: 14, Resistance: 11, Broken S: 10, Broken R: 2
2025-08-25 10:17:00,721 - INFO - GBPUSD.s: Price: 1.35100, Trend: BEARISH, Support: 2, Resistance: 1, Broken S: 0, Broken R: 0
2025-08-25 10:17:04,246 - INFO - GBPJPY.s: Price: 198.89200, Trend: BEARISH, Support: 12, Resistance: 12, Broken S: 12, Broken R: 0
2025-08-25 10:17:04,314 - INFO - EURUSD.s: Price: 1.17132, Trend: BEARISH, Support: 2, Resistance: 2, Broken S: 0, Broken R: 0
2025-08-25 10:17:04,968 - INFO - USDJPY.s: Price: 147.21800, Trend: BULLISH, Support: 14, Resistance: 11, Broken S: 10, Broken R: 2
2025-08-25 10:17:05,027 - ERROR - Error processing GBPUSD.s: 'NoneType' object has no attribute 'retcode'
2025-08-25 10:17:08,686 - INFO - GBPJPY.s: Price: 198.89600, Trend: BEARISH, Support: 12, Resistance: 12, Broken S: 12, Broken R: 0
2025-08-25 10:17:08,759 - INFO - EURUSD.s: Price: 1.17133, Trend: BEARISH, Support: 2, Resistance: 2, Broken S: 0, Broken R: 0
2025-08-25 10:17:09,443 - INFO - USDJPY.s: Price: 147.22300, Trend: BULLISH, Support: 14, Resistance: 11, Broken S: 10, Broken R: 2
2025-08-25 10:17:09,510 - INFO - GBPUSD.s: Price: 1.35100, Trend: BEARISH, Support: 2, Resistance: 1, Broken S: 0, Broken R: 0
2025-08-25 10:17:13,200 - INFO - GBPJPY.s: Price: 198.90000, Trend: BEARISH, Support: 12, Resistance: 12, Broken S: 12, Broken R: 0
2025-08-25 10:17:13,278 - INFO - EURUSD.s: Price: 1.17133, Trend: BEARISH, Support: 2, Resistance: 2, Broken S: 0, Broken R: 0
2025-08-25 10:17:13,998 - INFO - USDJPY.s: Price: 147.22400, Trend: BULLISH, Support: 14, Resistance: 11, Broken S: 10, Broken R: 2
2025-08-25 10:17:14,063 - INFO - GBPUSD.s: Price: 1.35100, Trend: BEARISH, Support: 2, Resistance: 1, Broken S: 0, Broken R: 0
2025-08-25 10:17:17,556 - INFO - GBPJPY.s: Price: 198.90000, Trend: BEARISH, Support: 12, Resistance: 12, Broken S: 12, Broken R: 0
2025-08-25 10:17:17,616 - INFO - EURUSD.s: Price: 1.17133, Trend: BEARISH, Support: 2, Resistance: 2, Broken S: 0, Broken R: 0
2025-08-25 10:17:18,247 - INFO - USDJPY.s: Price: 147.22300, Trend: BULLISH, Support: 14, Resistance: 11, Broken S: 10, Broken R: 2
2025-08-25 10:17:18,309 - INFO - GBPUSD.s: Price: 1.35100, Trend: BEARISH, Support: 2, Resistance: 1, Broken S: 0, Broken R: 0
2025-08-25 10:17:21,857 - INFO - GBPJPY.s: Price: 198.90300, Trend: BEARISH, Support: 12, Resistance: 12, Broken S: 12, Broken R: 0
2025-08-25 10:17:21,928 - ERROR - Error processing EURUSD.s: 'NoneType' object has no attribute 'retcode'
2025-08-25 10:17:22,579 - INFO - USDJPY.s: Price: 147.22200, Trend: BULLISH, Support: 14, Resistance: 11, Broken S: 10, Broken R: 2
2025-08-25 10:17:22,640 - ERROR - Error processing GBPUSD.s: 'NoneType' object has no attribute 'retcode'
2025-08-25 10:17:26,164 - INFO - GBPJPY.s: Price: 198.90200, Trend: BEARISH, Support: 12, Resistance: 12, Broken S: 12, Broken R: 0
2025-08-25 10:17:26,232 - ERROR - Error processing EURUSD.s: 'NoneType' object has no attribute 'retcode'
2025-08-25 10:17:26,864 - INFO - USDJPY.s: Price: 147.22300, Trend: BULLISH, Support: 14, Resistance: 11, Broken S: 10, Broken R: 2
2025-08-25 10:17:26,926 - ERROR - Error processing GBPUSD.s: 'NoneType' object has no attribute 'retcode'
2025-08-25 10:17:30,456 - INFO - GBPJPY.s: Price: 198.90200, Trend: BEARISH, Support: 12, Resistance: 12, Broken S: 12, Broken R: 0
2025-08-25 10:17:30,512 - ERROR - Error processing EURUSD.s: 'NoneType' object has no attribute 'retcode'
2025-08-25 10:17:31,075 - INFO - USDJPY.s: Price: 147.22300, Trend: BULLISH, Support: 14, Resistance: 11, Broken S: 10, Broken R: 2
2025-08-25 10:17:31,129 - ERROR - Error processing GBPUSD.s: 'NoneType' object has no attribute 'retcode'
2025-08-25 10:17:34,644 - INFO - GBPJPY.s: Price: 198.90200, Trend: BEARISH, Support: 12, Resistance: 12, Broken S: 12, Broken R: 0
2025-08-25 10:17:34,705 - ERROR - Error processing EURUSD.s: 'NoneType' object has no attribute 'retcode'
2025-08-25 10:17:35,314 - INFO - USDJPY.s: Price: 147.22300, Trend: BULLISH, Support: 14, Resistance: 11, Broken S: 10, Broken R: 2
2025-08-25 10:17:35,370 - ERROR - Error processing GBPUSD.s: 'NoneType' object has no attribute 'retcode'
2025-08-25 10:17:38,920 - INFO - GBPJPY.s: Price: 198.90400, Trend: BEARISH, Support: 12, Resistance: 12, Broken S: 12, Broken R: 0
2025-08-25 10:17:38,988 - ERROR - Error processing EURUSD.s: 'NoneType' object has no attribute 'retcode'
2025-08-25 10:17:39,627 - INFO - USDJPY.s: Price: 147.22400, Trend: BULLISH, Support: 14, Resistance: 11, Broken S: 10, Broken R: 2
2025-08-25 10:17:39,687 - INFO - GBPUSD.s: Price: 1.35101, Trend: BEARISH, Support: 2, Resistance: 1, Broken S: 0, Broken R: 0
2025-08-25 10:17:43,197 - INFO - GBPJPY.s: Price: 198.90100, Trend: BEARISH, Support: 12, Resistance: 12, Broken S: 12, Broken R: 0
2025-08-25 10:17:43,262 - ERROR - Error processing EURUSD.s: 'NoneType' object has no attribute 'retcode'
2025-08-25 10:17:43,870 - INFO - USDJPY.s: Price: 147.22300, Trend: BULLISH, Support: 14, Resistance: 11, Broken S: 10, Broken R: 2
2025-08-25 10:17:43,933 - INFO - GBPUSD.s: Price: 1.35101, Trend: BEARISH, Support: 2, Resistance: 1, Broken S: 0, Broken R: 0
2025-08-25 10:17:47,518 - INFO - GBPJPY.s: Price: 198.89200, Trend: BEARISH, Support: 12, Resistance: 12, Broken S: 12, Broken R: 0
2025-08-25 10:17:47,590 - ERROR - Error processing EURUSD.s: 'NoneType' object has no attribute 'retcode'
2025-08-25 10:17:48,269 - INFO - USDJPY.s: Price: 147.21300, Trend: BULLISH, Support: 14, Resistance: 11, Broken S: 10, Broken R: 2
2025-08-25 10:17:48,325 - INFO - GBPUSD.s: Price: 1.35101, Trend: BEARISH, Support: 2, Resistance: 1, Broken S: 0, Broken R: 0
2025-08-25 10:17:51,854 - INFO - GBPJPY.s: Price: 198.89100, Trend: BEARISH, Support: 12, Resistance: 12, Broken S: 12, Broken R: 0
2025-08-25 10:17:51,914 - ERROR - Error processing EURUSD.s: 'NoneType' object has no attribute 'retcode'
2025-08-25 10:17:52,508 - INFO - USDJPY.s: Price: 147.21600, Trend: BULLISH, Support: 14, Resistance: 11, Broken S: 10, Broken R: 2
2025-08-25 10:17:52,567 - INFO - GBPUSD.s: Price: 1.35101, Trend: BEARISH, Support: 2, Resistance: 1, Broken S: 0, Broken R: 0
2025-08-25 10:17:56,375 - INFO - GBPJPY.s: Price: 198.89300, Trend: BEARISH, Support: 12, Resistance: 12, Broken S: 12, Broken R: 0
2025-08-25 10:17:56,454 - ERROR - Error processing EURUSD.s: 'NoneType' object has no attribute 'retcode'
2025-08-25 10:17:57,175 - INFO - USDJPY.s: Price: 147.21600, Trend: BULLISH, Support: 14, Resistance: 11, Broken S: 10, Broken R: 2
2025-08-25 10:17:57,246 - INFO - GBPUSD.s: Price: 1.35101, Trend: BEARISH, Support: 2, Resistance: 1, Broken S: 0, Broken R: 0
2025-08-25 10:18:00,858 - INFO - GBPJPY.s: Price: 198.90500, Trend: BEARISH, Support: 12, Resistance: 12, Broken S: 12, Broken R: 0
2025-08-25 10:18:00,949 - ERROR - Error processing EURUSD.s: 'NoneType' object has no attribute 'retcode'
2025-08-25 10:18:01,657 - INFO - USDJPY.s: Resistance 147.22400 broken - now support
2025-08-25 10:18:01,657 - INFO - USDJPY.s: Price: 147.23400, Trend: BULLISH, Support: 14, Resistance: 11, Broken S: 10, Broken R: 3
2025-08-25 10:18:01,711 - INFO - GBPUSD.s: Price: 1.35094, Trend: BEARISH, Support: 2, Resistance: 1, Broken S: 0, Broken R: 0
2025-08-25 10:18:05,319 - INFO - GBPJPY.s: Price: 198.91000, Trend: BEARISH, Support: 12, Resistance: 12, Broken S: 12, Broken R: 0
2025-08-25 10:18:05,409 - ERROR - Error processing EURUSD.s: 'NoneType' object has no attribute 'retcode'
2025-08-25 10:18:06,096 - INFO - USDJPY.s: Resistance 147.23700 broken - now support
2025-08-25 10:18:06,098 - INFO - USDJPY.s: Price: 147.24000, Trend: BULLISH, Support: 14, Resistance: 12, Broken S: 10, Broken R: 4
2025-08-25 10:18:06,154 - INFO - GBPUSD.s: Price: 1.35094, Trend: BEARISH, Support: 2, Resistance: 1, Broken S: 0, Broken R: 0
2025-08-25 10:18:09,738 - INFO - GBPJPY.s: Price: 198.91900, Trend: BEARISH, Support: 12, Resistance: 12, Broken S: 12, Broken R: 0
2025-08-25 10:18:09,815 - ERROR - Error processing EURUSD.s: 'NoneType' object has no attribute 'retcode'
2025-08-25 10:18:10,538 - INFO - USDJPY.s: Resistance 147.24500 broken - now support
2025-08-25 10:18:10,539 - INFO - USDJPY.s: Price: 147.24800, Trend: BULLISH, Support: 14, Resistance: 11, Broken S: 10, Broken R: 5
2025-08-25 10:18:10,602 - INFO - GBPUSD.s: Support 1.35194 broken - now resistance
2025-08-25 10:18:10,607 - INFO - GBPUSD.s: Price: 1.35092, Trend: BEARISH, Support: 2, Resistance: 1, Broken S: 1, Broken R: 0
2025-08-25 10:18:14,114 - INFO - GBPJPY.s: Price: 198.91900, Trend: BEARISH, Support: 12, Resistance: 12, Broken S: 12, Broken R: 0
2025-08-25 10:18:14,171 - ERROR - Error processing EURUSD.s: 'NoneType' object has no attribute 'retcode'
2025-08-25 10:18:14,769 - INFO - USDJPY.s: Price: 147.24700, Trend: BULLISH, Support: 14, Resistance: 11, Broken S: 10, Broken R: 5
2025-08-25 10:18:14,825 - INFO - GBPUSD.s: Price: 1.35092, Trend: BEARISH, Support: 2, Resistance: 1, Broken S: 1, Broken R: 0
2025-08-25 10:18:18,413 - INFO - GBPJPY.s: Price: 198.92700, Trend: BEARISH, Support: 12, Resistance: 12, Broken S: 12, Broken R: 0
2025-08-25 10:18:18,488 - ERROR - Error processing EURUSD.s: 'NoneType' object has no attribute 'retcode'
2025-08-25 10:18:19,168 - INFO - USDJPY.s: Price: 147.25000, Trend: BULLISH, Support: 14, Resistance: 11, Broken S: 10, Broken R: 5
2025-08-25 10:18:19,229 - INFO - GBPUSD.s: Price: 1.35094, Trend: BEARISH, Support: 2, Resistance: 1, Broken S: 1, Broken R: 0
2025-08-25 10:18:22,821 - INFO - GBPJPY.s: Price: 198.92700, Trend: BEARISH, Support: 12, Resistance: 12, Broken S: 12, Broken R: 0
2025-08-25 10:18:22,892 - ERROR - Error processing EURUSD.s: 'NoneType' object has no attribute 'retcode'
2025-08-25 10:18:23,573 - INFO - USDJPY.s: Price: 147.25000, Trend: BULLISH, Support: 14, Resistance: 11, Broken S: 10, Broken R: 5
2025-08-25 10:18:23,628 - INFO - GBPUSD.s: Price: 1.35093, Trend: BEARISH, Support: 2, Resistance: 1, Broken S: 1, Broken R: 0
2025-08-25 10:18:27,184 - INFO - GBPJPY.s: Price: 198.92700, Trend: BEARISH, Support: 12, Resistance: 12, Broken S: 12, Broken R: 0
2025-08-25 10:18:27,262 - ERROR - Error processing EURUSD.s: 'NoneType' object has no attribute 'retcode'
2025-08-25 10:18:27,886 - INFO - USDJPY.s: Price: 147.24900, Trend: BULLISH, Support: 14, Resistance: 11, Broken S: 10, Broken R: 5
2025-08-25 10:18:27,949 - INFO - GBPUSD.s: Price: 1.35094, Trend: BEARISH, Support: 2, Resistance: 1, Broken S: 1, Broken R: 0
2025-08-25 10:18:31,594 - INFO - GBPJPY.s: Price: 198.92800, Trend: BEARISH, Support: 12, Resistance: 12, Broken S: 12, Broken R: 0
2025-08-25 10:18:31,673 - ERROR - Error processing EURUSD.s: 'NoneType' object has no attribute 'retcode'
2025-08-25 10:18:32,388 - INFO - USDJPY.s: Price: 147.26300, Trend: BULLISH, Support: 14, Resistance: 11, Broken S: 10, Broken R: 5
2025-08-25 10:18:32,447 - INFO - GBPUSD.s: Price: 1.35081, Trend: BEARISH, Support: 2, Resistance: 1, Broken S: 1, Broken R: 0
2025-08-25 10:18:36,051 - INFO - GBPJPY.s: Price: 198.92800, Trend: BEARISH, Support: 12, Resistance: 12, Broken S: 12, Broken R: 0
2025-08-25 10:18:36,157 - ERROR - Error processing EURUSD.s: 'NoneType' object has no attribute 'retcode'
2025-08-25 10:18:37,558 - INFO - USDJPY.s: Price: 147.26300, Trend: BULLISH, Support: 14, Resistance: 11, Broken S: 10, Broken R: 5
2025-08-25 10:18:37,667 - INFO - GBPUSD.s: Price: 1.35077, Trend: BEARISH, Support: 2, Resistance: 1, Broken S: 1, Broken R: 0
2025-08-25 10:18:42,310 - INFO - GBPJPY.s: Price: 198.92600, Trend: BEARISH, Support: 12, Resistance: 12, Broken S: 12, Broken R: 0
2025-08-25 10:18:42,510 - INFO - EURUSD.s: Price: 1.17119, Trend: BEARISH, Support: 2, Resistance: 2, Broken S: 0, Broken R: 0
2025-08-25 10:18:43,821 - INFO - USDJPY.s: Price: 147.26600, Trend: BULLISH, Support: 14, Resistance: 11, Broken S: 10, Broken R: 5
2025-08-25 10:18:44,015 - INFO - GBPUSD.s: Price: 1.35078, Trend: BEARISH, Support: 2, Resistance: 1, Broken S: 1, Broken R: 0
2025-08-25 10:18:48,533 - INFO - GBPJPY.s: Price: 198.91700, Trend: BEARISH, Support: 12, Resistance: 12, Broken S: 12, Broken R: 0
2025-08-25 10:18:48,713 - INFO - EURUSD.s: Price: 1.17115, Trend: BEARISH, Support: 2, Resistance: 2, Broken S: 0, Broken R: 0
2025-08-25 10:18:49,998 - INFO - USDJPY.s: Price: 147.26400, Trend: BULLISH, Support: 14, Resistance: 11, Broken S: 10, Broken R: 5
2025-08-25 10:18:50,103 - INFO - GBPUSD.s: Price: 1.35073, Trend: BEARISH, Support: 2, Resistance: 1, Broken S: 1, Broken R: 0
2025-08-25 10:18:54,657 - INFO - GBPJPY.s: Price: 198.91900, Trend: BEARISH, Support: 12, Resistance: 12, Broken S: 12, Broken R: 0
2025-08-25 10:18:54,916 - INFO - EURUSD.s: Price: 1.17115, Trend: BEARISH, Support: 2, Resistance: 2, Broken S: 0, Broken R: 0
2025-08-25 10:18:56,828 - INFO - USDJPY.s: Price: 147.26000, Trend: BULLISH, Support: 14, Resistance: 11, Broken S: 10, Broken R: 5
2025-08-25 10:18:57,010 - INFO - GBPUSD.s: Price: 1.35074, Trend: BEARISH, Support: 2, Resistance: 1, Broken S: 1, Broken R: 0
2025-08-25 10:19:01,996 - INFO - GBPJPY.s: Price: 198.91500, Trend: BEARISH, Support: 12, Resistance: 12, Broken S: 12, Broken R: 0
2025-08-25 10:19:02,309 - INFO - EURUSD.s: Price: 1.17115, Trend: BEARISH, Support: 2, Resistance: 2, Broken S: 0, Broken R: 0
2025-08-25 10:19:04,148 - INFO - USDJPY.s: Price: 147.26300, Trend: BULLISH, Support: 14, Resistance: 11, Broken S: 10, Broken R: 5
2025-08-25 10:19:04,333 - INFO - GBPUSD.s: Price: 1.35074, Trend: BEARISH, Support: 2, Resistance: 1, Broken S: 1, Broken R: 0
2025-08-25 10:19:09,246 - INFO - GBPJPY.s: Price: 198.91700, Trend: BEARISH, Support: 12, Resistance: 12, Broken S: 12, Broken R: 0
2025-08-25 10:19:09,432 - INFO - EURUSD.s: Price: 1.17114, Trend: BEARISH, Support: 2, Resistance: 2, Broken S: 0, Broken R: 0
2025-08-25 10:19:11,217 - INFO - USDJPY.s: Price: 147.26400, Trend: BULLISH, Support: 14, Resistance: 11, Broken S: 10, Broken R: 5
2025-08-25 10:19:11,377 - INFO - GBPUSD.s: Price: 1.35074, Trend: BEARISH, Support: 2, Resistance: 1, Broken S: 1, Broken R: 0
2025-08-25 10:19:15,936 - INFO - GBPJPY.s: Price: 198.91800, Trend: BEARISH, Support: 12, Resistance: 12, Broken S: 12, Broken R: 0
2025-08-25 10:19:16,058 - ERROR - Error processing EURUSD.s: 'NoneType' object has no attribute 'retcode'
2025-08-25 10:19:17,559 - INFO - USDJPY.s: Price: 147.26300, Trend: BULLISH, Support: 14, Resistance: 11, Broken S: 10, Broken R: 5
2025-08-25 10:19:17,634 - ERROR - Error processing GBPUSD.s: 'NoneType' object has no attribute 'retcode'
2025-08-25 10:19:21,549 - INFO - GBPJPY.s: Price: 198.91400, Trend: BEARISH, Support: 12, Resistance: 12, Broken S: 12, Broken R: 0
2025-08-25 10:19:21,648 - ERROR - Error processing EURUSD.s: 'NoneType' object has no attribute 'retcode'
2025-08-25 10:19:22,387 - INFO - USDJPY.s: Price: 147.26900, Trend: BULLISH, Support: 14, Resistance: 11, Broken S: 10, Broken R: 5
2025-08-25 10:19:22,449 - ERROR - Error processing GBPUSD.s: 'NoneType' object has no attribute 'retcode'
2025-08-25 10:19:26,079 - INFO - GBPJPY.s: Price: 198.91500, Trend: BEARISH, Support: 12, Resistance: 12, Broken S: 12, Broken R: 0
2025-08-25 10:19:26,148 - ERROR - Error processing EURUSD.s: 'NoneType' object has no attribute 'retcode'
2025-08-25 10:19:26,934 - INFO - USDJPY.s: Price: 147.26200, Trend: BULLISH, Support: 14, Resistance: 11, Broken S: 10, Broken R: 5
2025-08-25 10:19:27,005 - ERROR - Error processing GBPUSD.s: 'NoneType' object has no attribute 'retcode'
2025-08-25 10:19:30,673 - INFO - GBPJPY.s: Price: 198.91400, Trend: BEARISH, Support: 12, Resistance: 12, Broken S: 12, Broken R: 0
2025-08-25 10:19:30,762 - ERROR - Error processing EURUSD.s: 'NoneType' object has no attribute 'retcode'
2025-08-25 10:19:31,535 - INFO - USDJPY.s: Price: 147.26300, Trend: BULLISH, Support: 14, Resistance: 11, Broken S: 10, Broken R: 5
2025-08-25 10:19:31,594 - INFO - GBPUSD.s: Price: 1.35074, Trend: BEARISH, Support: 2, Resistance: 1, Broken S: 1, Broken R: 0
2025-08-25 10:19:35,312 - INFO - GBPJPY.s: Price: 198.92400, Trend: BEARISH, Support: 12, Resistance: 12, Broken S: 12, Broken R: 0
2025-08-25 10:19:35,386 - ERROR - Error processing EURUSD.s: 'NoneType' object has no attribute 'retcode'
2025-08-25 10:19:36,291 - INFO - USDJPY.s: Price: 147.26800, Trend: BULLISH, Support: 14, Resistance: 11, Broken S: 10, Broken R: 5
2025-08-25 10:19:36,364 - INFO - GBPUSD.s: Price: 1.35074, Trend: BEARISH, Support: 2, Resistance: 1, Broken S: 1, Broken R: 0
2025-08-25 10:19:40,090 - INFO - GBPJPY.s: Price: 198.92500, Trend: BEARISH, Support: 12, Resistance: 12, Broken S: 12, Broken R: 0
2025-08-25 10:19:40,183 - ERROR - Error processing EURUSD.s: 'NoneType' object has no attribute 'retcode'
2025-08-25 10:19:41,125 - INFO - USDJPY.s: Price: 147.26900, Trend: BULLISH, Support: 14, Resistance: 11, Broken S: 10, Broken R: 5
2025-08-25 10:19:41,208 - ERROR - Error processing GBPUSD.s: 'NoneType' object has no attribute 'retcode'
2025-08-25 10:19:45,137 - INFO - GBPJPY.s: Price: 198.93900, Trend: BULLISH, Support: 12, Resistance: 12, Broken S: 12, Broken R: 0
2025-08-25 10:19:45,262 - ERROR - Error processing EURUSD.s: 'NoneType' object has no attribute 'retcode'
2025-08-25 10:19:46,270 - INFO - USDJPY.s: Price: 147.26100, Trend: BULLISH, Support: 14, Resistance: 11, Broken S: 10, Broken R: 5
2025-08-25 10:19:46,360 - ERROR - Error processing GBPUSD.s: 'NoneType' object has no attribute 'retcode'
2025-08-25 10:19:50,006 - INFO - GBPJPY.s: Price: 198.94500, Trend: BULLISH, Support: 12, Resistance: 12, Broken S: 12, Broken R: 0
2025-08-25 10:19:50,078 - ERROR - Error processing EURUSD.s: 'NoneType' object has no attribute 'retcode'
2025-08-25 10:19:50,880 - INFO - USDJPY.s: Price: 147.26300, Trend: BULLISH, Support: 14, Resistance: 11, Broken S: 10, Broken R: 5
2025-08-25 10:19:50,947 - ERROR - Error processing GBPUSD.s: 'NoneType' object has no attribute 'retcode'
2025-08-25 10:19:54,553 - INFO - GBPJPY.s: Price: 198.94600, Trend: BULLISH, Support: 12, Resistance: 12, Broken S: 12, Broken R: 0
2025-08-25 10:19:54,633 - ERROR - Error processing EURUSD.s: 'NoneType' object has no attribute 'retcode'
2025-08-25 10:19:55,580 - INFO - USDJPY.s: Price: 147.26000, Trend: BULLISH, Support: 14, Resistance: 11, Broken S: 10, Broken R: 5
2025-08-25 10:19:55,654 - ERROR - Error processing GBPUSD.s: 'NoneType' object has no attribute 'retcode'
2025-08-25 10:20:00,109 - INFO - GBPJPY.s: Price: 198.94400, Trend: BULLISH, Support: 12, Resistance: 12, Broken S: 12, Broken R: 0
2025-08-25 10:20:00,230 - INFO - EURUSD.s: Price: 1.17139, Trend: BEARISH, Support: 2, Resistance: 2, Broken S: 0, Broken R: 0
2025-08-25 10:20:01,207 - INFO - USDJPY.s: Price: 147.25900, Trend: BULLISH, Support: 14, Resistance: 11, Broken S: 10, Broken R: 5
2025-08-25 10:20:01,280 - INFO - GBPUSD.s: Price: 1.35089, Trend: BEARISH, Support: 2, Resistance: 1, Broken S: 1, Broken R: 0
2025-08-25 10:20:05,278 - INFO - GBPJPY.s: Price: 198.93400, Trend: BULLISH, Support: 12, Resistance: 12, Broken S: 12, Broken R: 0
2025-08-25 10:20:05,365 - INFO - EURUSD.s: Price: 1.17140, Trend: BEARISH, Support: 2, Resistance: 2, Broken S: 0, Broken R: 0
2025-08-25 10:20:06,852 - INFO - USDJPY.s: Price: 147.25800, Trend: BULLISH, Support: 14, Resistance: 11, Broken S: 10, Broken R: 5
2025-08-25 10:20:07,503 - INFO - BUY order placed: ['HAMMER'], Strength: 4, SL: 1.35016, TP: 1.35301
2025-08-25 10:20:07,503 - INFO - BUY signal for GBPUSD.s: ['HAMMER'], Strength: 4
2025-08-25 10:20:07,504 - INFO - GBPUSD.s: Price: 1.35097, Trend: BEARISH, Support: 2, Resistance: 1, Broken S: 1, Broken R: 0
2025-08-25 10:20:11,282 - ERROR - Error processing GBPJPY.s: 'NoneType' object has no attribute 'retcode'
2025-08-25 10:20:11,352 - INFO - EURUSD.s: Price: 1.17143, Trend: BULLISH, Support: 2, Resistance: 2, Broken S: 0, Broken R: 0
2025-08-25 10:20:12,261 - INFO - USDJPY.s: Price: 147.22600, Trend: BULLISH, Support: 14, Resistance: 11, Broken S: 10, Broken R: 5
2025-08-25 10:20:12,350 - INFO - GBPUSD.s: Price: 1.35108, Trend: BEARISH, Support: 2, Resistance: 1, Broken S: 1, Broken R: 0
2025-08-25 10:20:16,227 - INFO - GBPJPY.s: Price: 198.91400, Trend: BEARISH, Support: 13, Resistance: 12, Broken S: 12, Broken R: 0
2025-08-25 10:20:16,346 - INFO - EURUSD.s: Price: 1.17144, Trend: BULLISH, Support: 2, Resistance: 2, Broken S: 0, Broken R: 0
2025-08-25 10:20:17,419 - ERROR - Error processing USDJPY.s: 'NoneType' object has no attribute 'retcode'
2025-08-25 10:20:17,503 - INFO - GBPUSD.s: Price: 1.35108, Trend: BEARISH, Support: 2, Resistance: 1, Broken S: 1, Broken R: 0
2025-08-25 10:20:21,052 - INFO - GBPJPY.s: Price: 198.91600, Trend: BEARISH, Support: 13, Resistance: 12, Broken S: 12, Broken R: 0
2025-08-25 10:20:21,115 - INFO - EURUSD.s: Price: 1.17144, Trend: BULLISH, Support: 2, Resistance: 2, Broken S: 0, Broken R: 0
2025-08-25 10:20:21,962 - INFO - USDJPY.s: Price: 147.22500, Trend: BULLISH, Support: 14, Resistance: 11, Broken S: 10, Broken R: 5
2025-08-25 10:20:22,055 - INFO - GBPUSD.s: Price: 1.35114, Trend: BEARISH, Support: 2, Resistance: 1, Broken S: 1, Broken R: 0
2025-08-25 10:20:25,825 - INFO - GBPJPY.s: Price: 198.92200, Trend: BEARISH, Support: 13, Resistance: 12, Broken S: 12, Broken R: 0
2025-08-25 10:20:25,910 - INFO - EURUSD.s: Price: 1.17145, Trend: BULLISH, Support: 2, Resistance: 2, Broken S: 0, Broken R: 0
2025-08-25 10:20:26,864 - ERROR - Error processing USDJPY.s: 'NoneType' object has no attribute 'retcode'
2025-08-25 10:20:26,973 - INFO - GBPUSD.s: Price: 1.35113, Trend: BEARISH, Support: 2, Resistance: 1, Broken S: 1, Broken R: 0
2025-08-25 10:20:30,740 - INFO - GBPJPY.s: Price: 198.93100, Trend: BULLISH, Support: 13, Resistance: 12, Broken S: 12, Broken R: 0
2025-08-25 10:20:30,832 - INFO - EURUSD.s: Price: 1.17144, Trend: BULLISH, Support: 2, Resistance: 2, Broken S: 0, Broken R: 0
2025-08-25 10:20:31,721 - INFO - USDJPY.s: Price: 147.23400, Trend: BULLISH, Support: 14, Resistance: 11, Broken S: 10, Broken R: 5
2025-08-25 10:20:31,788 - INFO - GBPUSD.s: Price: 1.35112, Trend: BEARISH, Support: 2, Resistance: 1, Broken S: 1, Broken R: 0
2025-08-25 10:20:35,466 - INFO - GBPJPY.s: Price: 198.93100, Trend: BULLISH, Support: 13, Resistance: 12, Broken S: 12, Broken R: 0
2025-08-25 10:20:35,536 - INFO - EURUSD.s: Price: 1.17143, Trend: BULLISH, Support: 2, Resistance: 2, Broken S: 0, Broken R: 0
2025-08-25 10:20:36,286 - INFO - USDJPY.s: Price: 147.23400, Trend: BULLISH, Support: 14, Resistance: 11, Broken S: 10, Broken R: 5
2025-08-25 10:20:36,347 - INFO - GBPUSD.s: Price: 1.35111, Trend: BEARISH, Support: 2, Resistance: 1, Broken S: 1, Broken R: 0
2025-08-25 10:20:39,960 - INFO - GBPJPY.s: Price: 198.92900, Trend: BULLISH, Support: 13, Resistance: 12, Broken S: 12, Broken R: 0
2025-08-25 10:20:40,031 - INFO - EURUSD.s: Price: 1.17139, Trend: BEARISH, Support: 2, Resistance: 2, Broken S: 0, Broken R: 0
2025-08-25 10:20:40,756 - INFO - USDJPY.s: Price: 147.23400, Trend: BULLISH, Support: 14, Resistance: 11, Broken S: 10, Broken R: 5
2025-08-25 10:20:40,810 - INFO - GBPUSD.s: Price: 1.35110, Trend: BEARISH, Support: 2, Resistance: 1, Broken S: 1, Broken R: 0
2025-08-25 10:20:44,354 - INFO - GBPJPY.s: Price: 198.93200, Trend: BULLISH, Support: 13, Resistance: 12, Broken S: 12, Broken R: 0
2025-08-25 10:20:44,409 - INFO - EURUSD.s: Price: 1.17139, Trend: BEARISH, Support: 2, Resistance: 2, Broken S: 0, Broken R: 0
2025-08-25 10:20:45,155 - INFO - USDJPY.s: Price: 147.23500, Trend: BULLISH, Support: 14, Resistance: 11, Broken S: 10, Broken R: 5
2025-08-25 10:20:45,221 - INFO - GBPUSD.s: Price: 1.35110, Trend: BEARISH, Support: 2, Resistance: 1, Broken S: 1, Broken R: 0
2025-08-25 10:20:48,804 - INFO - GBPJPY.s: Price: 198.93500, Trend: BULLISH, Support: 13, Resistance: 12, Broken S: 12, Broken R: 0
2025-08-25 10:20:48,864 - INFO - EURUSD.s: Price: 1.17139, Trend: BEARISH, Support: 2, Resistance: 2, Broken S: 0, Broken R: 0
2025-08-25 10:20:49,577 - INFO - USDJPY.s: Price: 147.23600, Trend: BULLISH, Support: 14, Resistance: 11, Broken S: 10, Broken R: 5
2025-08-25 10:20:49,645 - INFO - GBPUSD.s: Price: 1.35110, Trend: BEARISH, Support: 2, Resistance: 1, Broken S: 1, Broken R: 0
2025-08-25 10:20:53,386 - INFO - GBPJPY.s: Price: 198.93500, Trend: BULLISH, Support: 13, Resistance: 12, Broken S: 12, Broken R: 0
2025-08-25 10:20:53,495 - INFO - EURUSD.s: Price: 1.17137, Trend: BEARISH, Support: 2, Resistance: 2, Broken S: 0, Broken R: 0
2025-08-25 10:20:54,440 - INFO - USDJPY.s: Price: 147.23600, Trend: BULLISH, Support: 14, Resistance: 11, Broken S: 10, Broken R: 5
2025-08-25 10:20:54,530 - INFO - GBPUSD.s: Price: 1.35112, Trend: BEARISH, Support: 2, Resistance: 1, Broken S: 1, Broken R: 0
2025-08-25 10:20:58,129 - INFO - GBPJPY.s: Price: 198.93400, Trend: BULLISH, Support: 13, Resistance: 12, Broken S: 12, Broken R: 0
2025-08-25 10:20:58,192 - INFO - EURUSD.s: Price: 1.17138, Trend: BEARISH, Support: 2, Resistance: 2, Broken S: 0, Broken R: 0
2025-08-25 10:20:58,948 - INFO - USDJPY.s: Price: 147.23500, Trend: BULLISH, Support: 14, Resistance: 10, Broken S: 10, Broken R: 5
2025-08-25 10:20:59,010 - INFO - GBPUSD.s: Price: 1.35112, Trend: BEARISH, Support: 2, Resistance: 1, Broken S: 1, Broken R: 0
2025-08-25 10:21:02,561 - INFO - GBPJPY.s: Price: 198.93700, Trend: BULLISH, Support: 13, Resistance: 12, Broken S: 12, Broken R: 0
2025-08-25 10:21:02,622 - ERROR - Error processing EURUSD.s: 'NoneType' object has no attribute 'retcode'
2025-08-25 10:21:03,331 - INFO - USDJPY.s: Price: 147.23300, Trend: BULLISH, Support: 14, Resistance: 10, Broken S: 10, Broken R: 5
2025-08-25 10:21:03,399 - ERROR - Error processing GBPUSD.s: 'NoneType' object has no attribute 'retcode'
2025-08-25 10:21:06,900 - INFO - GBPJPY.s: Price: 198.93700, Trend: BULLISH, Support: 13, Resistance: 12, Broken S: 12, Broken R: 0
2025-08-25 10:21:06,954 - ERROR - Error processing EURUSD.s: 'NoneType' object has no attribute 'retcode'
2025-08-25 10:21:07,523 - INFO - USDJPY.s: Price: 147.23300, Trend: BULLISH, Support: 14, Resistance: 10, Broken S: 10, Broken R: 5
2025-08-25 10:21:07,566 - ERROR - Error processing GBPUSD.s: 'NoneType' object has no attribute 'retcode'
2025-08-25 10:21:11,077 - INFO - GBPJPY.s: Price: 198.94000, Trend: BULLISH, Support: 13, Resistance: 12, Broken S: 12, Broken R: 0
2025-08-25 10:21:11,137 - ERROR - Error processing EURUSD.s: 'NoneType' object has no attribute 'retcode'
2025-08-25 10:21:11,724 - INFO - USDJPY.s: Price: 147.23300, Trend: BULLISH, Support: 14, Resistance: 10, Broken S: 10, Broken R: 5
2025-08-25 10:21:11,776 - ERROR - Error processing GBPUSD.s: 'NoneType' object has no attribute 'retcode'
2025-08-25 10:21:15,361 - INFO - GBPJPY.s: Price: 198.93800, Trend: BULLISH, Support: 13, Resistance: 12, Broken S: 12, Broken R: 0
2025-08-25 10:21:15,422 - INFO - EURUSD.s: Price: 1.17139, Trend: BEARISH, Support: 2, Resistance: 2, Broken S: 0, Broken R: 0
2025-08-25 10:21:16,452 - INFO - USDJPY.s: Price: 147.23300, Trend: BULLISH, Support: 14, Resistance: 10, Broken S: 10, Broken R: 5
2025-08-25 10:21:16,529 - ERROR - Error processing GBPUSD.s: 'NoneType' object has no attribute 'retcode'
2025-08-25 10:21:20,100 - INFO - GBPJPY.s: Price: 198.94500, Trend: BULLISH, Support: 13, Resistance: 12, Broken S: 12, Broken R: 0
2025-08-25 10:21:20,192 - INFO - EURUSD.s: Price: 1.17139, Trend: BEARISH, Support: 2, Resistance: 2, Broken S: 0, Broken R: 0
2025-08-25 10:21:20,902 - INFO - USDJPY.s: Price: 147.23400, Trend: BULLISH, Support: 14, Resistance: 10, Broken S: 10, Broken R: 5
2025-08-25 10:21:20,988 - ERROR - Error processing GBPUSD.s: 'NoneType' object has no attribute 'retcode'
2025-08-25 10:21:24,556 - INFO - GBPJPY.s: Price: 198.94500, Trend: BULLISH, Support: 13, Resistance: 12, Broken S: 12, Broken R: 0
2025-08-25 10:21:24,626 - INFO - EURUSD.s: Price: 1.17139, Trend: BEARISH, Support: 2, Resistance: 2, Broken S: 0, Broken R: 0
2025-08-25 10:21:25,473 - INFO - USDJPY.s: Price: 147.23400, Trend: BULLISH, Support: 14, Resistance: 10, Broken S: 10, Broken R: 5
2025-08-25 10:21:25,536 - ERROR - Error processing GBPUSD.s: 'NoneType' object has no attribute 'retcode'
2025-08-25 10:21:29,277 - INFO - GBPJPY.s: Price: 198.94500, Trend: BULLISH, Support: 13, Resistance: 12, Broken S: 12, Broken R: 0
2025-08-25 10:21:29,367 - ERROR - Error processing EURUSD.s: 'NoneType' object has no attribute 'retcode'
2025-08-25 10:21:30,163 - INFO - USDJPY.s: Price: 147.23400, Trend: BULLISH, Support: 14, Resistance: 10, Broken S: 10, Broken R: 5
2025-08-25 10:21:30,243 - INFO - GBPUSD.s: Price: 1.35125, Trend: BEARISH, Support: 2, Resistance: 1, Broken S: 1, Broken R: 0
2025-08-25 10:21:33,918 - INFO - GBPJPY.s: Price: 198.94500, Trend: BULLISH, Support: 13, Resistance: 12, Broken S: 12, Broken R: 0
2025-08-25 10:21:34,058 - ERROR - Error processing EURUSD.s: 'NoneType' object has no attribute 'retcode'
2025-08-25 10:21:35,037 - INFO - USDJPY.s: Price: 147.23400, Trend: BULLISH, Support: 14, Resistance: 10, Broken S: 10, Broken R: 5
2025-08-25 10:21:35,119 - ERROR - Error processing GBPUSD.s: 'NoneType' object has no attribute 'retcode'
2025-08-25 10:21:38,779 - INFO - GBPJPY.s: Price: 198.94500, Trend: BULLISH, Support: 13, Resistance: 12, Broken S: 12, Broken R: 0
2025-08-25 10:21:38,847 - ERROR - Error processing EURUSD.s: 'NoneType' object has no attribute 'retcode'
2025-08-25 10:21:39,833 - INFO - USDJPY.s: Price: 147.23200, Trend: BULLISH, Support: 14, Resistance: 10, Broken S: 10, Broken R: 5
2025-08-25 10:21:39,910 - ERROR - Error processing GBPUSD.s: 'NoneType' object has no attribute 'retcode'
2025-08-25 10:21:43,713 - INFO - GBPJPY.s: Price: 198.94500, Trend: BULLISH, Support: 13, Resistance: 12, Broken S: 12, Broken R: 0
2025-08-25 10:21:43,811 - ERROR - Error processing EURUSD.s: 'NoneType' object has no attribute 'retcode'
2025-08-25 10:21:44,736 - INFO - USDJPY.s: Price: 147.23100, Trend: BULLISH, Support: 14, Resistance: 10, Broken S: 10, Broken R: 5
2025-08-25 10:21:44,813 - ERROR - Error processing GBPUSD.s: 'NoneType' object has no attribute 'retcode'
2025-08-25 10:21:48,421 - INFO - GBPJPY.s: Price: 198.95200, Trend: BULLISH, Support: 13, Resistance: 12, Broken S: 12, Broken R: 0
2025-08-25 10:21:48,496 - ERROR - Error processing EURUSD.s: 'NoneType' object has no attribute 'retcode'
2025-08-25 10:21:49,269 - INFO - USDJPY.s: Price: 147.22900, Trend: BULLISH, Support: 14, Resistance: 10, Broken S: 10, Broken R: 5
2025-08-25 10:21:49,339 - INFO - GBPUSD.s: Price: 1.35130, Trend: BULLISH, Support: 2, Resistance: 1, Broken S: 1, Broken R: 0
2025-08-25 10:21:52,927 - INFO - GBPJPY.s: Price: 198.95100, Trend: BULLISH, Support: 13, Resistance: 12, Broken S: 12, Broken R: 0
2025-08-25 10:21:53,003 - ERROR - Error processing EURUSD.s: 'NoneType' object has no attribute 'retcode'
2025-08-25 10:21:53,842 - INFO - USDJPY.s: Price: 147.22700, Trend: BULLISH, Support: 14, Resistance: 10, Broken S: 10, Broken R: 5
2025-08-25 10:21:53,924 - INFO - GBPUSD.s: Price: 1.35131, Trend: BULLISH, Support: 2, Resistance: 1, Broken S: 1, Broken R: 0
2025-08-25 10:21:57,709 - INFO - GBPJPY.s: Price: 198.94700, Trend: BULLISH, Support: 13, Resistance: 12, Broken S: 12, Broken R: 0
2025-08-25 10:21:57,814 - ERROR - Error processing EURUSD.s: 'NoneType' object has no attribute 'retcode'
2025-08-25 10:21:58,750 - INFO - USDJPY.s: Price: 147.22300, Trend: BULLISH, Support: 14, Resistance: 10, Broken S: 10, Broken R: 5
2025-08-25 10:21:58,847 - INFO - GBPUSD.s: Price: 1.35132, Trend: BULLISH, Support: 2, Resistance: 1, Broken S: 1, Broken R: 0
2025-08-25 10:22:02,538 - INFO - GBPJPY.s: Price: 198.93200, Trend: BULLISH, Support: 13, Resistance: 12, Broken S: 12, Broken R: 0
2025-08-25 10:22:02,603 - INFO - EURUSD.s: Resistance 1.17049 broken - now support
2025-08-25 10:22:02,606 - ERROR - Error processing EURUSD.s: 'NoneType' object has no attribute 'retcode'
2025-08-25 10:22:03,335 - INFO - USDJPY.s: Price: 147.20400, Trend: BEARISH, Support: 14, Resistance: 10, Broken S: 10, Broken R: 5
2025-08-25 10:22:03,397 - INFO - GBPUSD.s: Price: 1.35139, Trend: BULLISH, Support: 2, Resistance: 1, Broken S: 1, Broken R: 0
2025-08-25 10:22:07,086 - INFO - GBPJPY.s: Price: 198.92900, Trend: BULLISH, Support: 13, Resistance: 12, Broken S: 12, Broken R: 0
2025-08-25 10:22:07,169 - ERROR - Error processing EURUSD.s: 'NoneType' object has no attribute 'retcode'
2025-08-25 10:22:07,894 - INFO - USDJPY.s: Support 147.20500 broken - now resistance
2025-08-25 10:22:07,894 - INFO - USDJPY.s: Price: 147.20300, Trend: BEARISH, Support: 14, Resistance: 10, Broken S: 11, Broken R: 5
2025-08-25 10:22:07,951 - INFO - GBPUSD.s: Price: 1.35138, Trend: BULLISH, Support: 2, Resistance: 1, Broken S: 1, Broken R: 0
2025-08-25 10:22:11,534 - INFO - GBPJPY.s: Price: 198.92700, Trend: BULLISH, Support: 13, Resistance: 12, Broken S: 12, Broken R: 0
2025-08-25 10:22:11,608 - ERROR - Error processing EURUSD.s: 'NoneType' object has no attribute 'retcode'
2025-08-25 10:22:12,358 - INFO - USDJPY.s: Price: 147.20300, Trend: BEARISH, Support: 14, Resistance: 10, Broken S: 11, Broken R: 5
2025-08-25 10:22:12,413 - INFO - GBPUSD.s: Price: 1.35137, Trend: BULLISH, Support: 2, Resistance: 1, Broken S: 1, Broken R: 0
2025-08-25 10:22:15,973 - INFO - GBPJPY.s: Price: 198.92900, Trend: BULLISH, Support: 13, Resistance: 12, Broken S: 12, Broken R: 0
2025-08-25 10:22:16,038 - ERROR - Error processing EURUSD.s: 'NoneType' object has no attribute 'retcode'
2025-08-25 10:22:16,733 - INFO - USDJPY.s: Price: 147.20400, Trend: BEARISH, Support: 14, Resistance: 10, Broken S: 11, Broken R: 5
2025-08-25 10:22:16,802 - INFO - GBPUSD.s: Price: 1.35139, Trend: BULLISH, Support: 2, Resistance: 1, Broken S: 1, Broken R: 0
2025-08-25 10:22:20,440 - INFO - GBPJPY.s: Price: 198.93000, Trend: BULLISH, Support: 13, Resistance: 12, Broken S: 12, Broken R: 0
2025-08-25 10:22:20,510 - ERROR - Error processing EURUSD.s: 'NoneType' object has no attribute 'retcode'
2025-08-25 10:22:21,227 - INFO - USDJPY.s: Price: 147.20300, Trend: BEARISH, Support: 14, Resistance: 10, Broken S: 11, Broken R: 5
2025-08-25 10:22:21,291 - INFO - GBPUSD.s: Price: 1.35138, Trend: BULLISH, Support: 2, Resistance: 1, Broken S: 1, Broken R: 0
2025-08-25 10:22:25,015 - INFO - GBPJPY.s: Price: 198.92200, Trend: BEARISH, Support: 13, Resistance: 12, Broken S: 12, Broken R: 0
2025-08-25 10:22:25,123 - ERROR - Error processing EURUSD.s: 'NoneType' object has no attribute 'retcode'
2025-08-25 10:22:26,092 - INFO - USDJPY.s: Price: 147.19900, Trend: BEARISH, Support: 14, Resistance: 10, Broken S: 11, Broken R: 5
2025-08-25 10:22:26,155 - INFO - GBPUSD.s: Price: 1.35138, Trend: BULLISH, Support: 2, Resistance: 1, Broken S: 1, Broken R: 0
2025-08-25 10:22:29,777 - INFO - GBPJPY.s: Price: 198.91500, Trend: BEARISH, Support: 13, Resistance: 12, Broken S: 12, Broken R: 0
2025-08-25 10:22:29,852 - INFO - EURUSD.s: Price: 1.17141, Trend: BEARISH, Support: 2, Resistance: 2, Broken S: 0, Broken R: 1
2025-08-25 10:22:30,551 - INFO - USDJPY.s: Price: 147.20900, Trend: BEARISH, Support: 14, Resistance: 10, Broken S: 11, Broken R: 5
2025-08-25 10:22:30,619 - ERROR - Error processing GBPUSD.s: 'NoneType' object has no attribute 'retcode'
2025-08-25 10:22:34,253 - INFO - GBPJPY.s: Price: 198.91100, Trend: BEARISH, Support: 13, Resistance: 12, Broken S: 12, Broken R: 0
2025-08-25 10:22:34,335 - INFO - EURUSD.s: Price: 1.17142, Trend: BEARISH, Support: 2, Resistance: 2, Broken S: 0, Broken R: 1
2025-08-25 10:22:35,035 - INFO - USDJPY.s: Price: 147.20800, Trend: BEARISH, Support: 14, Resistance: 10, Broken S: 11, Broken R: 5
2025-08-25 10:22:35,110 - ERROR - Error processing GBPUSD.s: 'NoneType' object has no attribute 'retcode'
2025-08-25 10:22:38,755 - INFO - GBPJPY.s: Price: 198.90900, Trend: BEARISH, Support: 13, Resistance: 12, Broken S: 12, Broken R: 0
2025-08-25 10:22:38,838 - INFO - EURUSD.s: Price: 1.17141, Trend: BEARISH, Support: 2, Resistance: 2, Broken S: 0, Broken R: 1
2025-08-25 10:22:39,553 - INFO - USDJPY.s: Price: 147.20900, Trend: BEARISH, Support: 14, Resistance: 10, Broken S: 11, Broken R: 5
2025-08-25 10:22:39,617 - ERROR - Error processing GBPUSD.s: 'NoneType' object has no attribute 'retcode'
2025-08-25 10:22:43,151 - INFO - GBPJPY.s: Price: 198.91000, Trend: BEARISH, Support: 13, Resistance: 12, Broken S: 12, Broken R: 0
2025-08-25 10:22:43,213 - INFO - EURUSD.s: Price: 1.17143, Trend: BEARISH, Support: 2, Resistance: 2, Broken S: 0, Broken R: 1
2025-08-25 10:22:43,834 - INFO - USDJPY.s: Price: 147.20900, Trend: BEARISH, Support: 14, Resistance: 10, Broken S: 11, Broken R: 5
2025-08-25 10:22:43,896 - ERROR - Error processing GBPUSD.s: 'NoneType' object has no attribute 'retcode'
2025-08-25 10:22:47,479 - INFO - GBPJPY.s: Price: 198.91000, Trend: BEARISH, Support: 13, Resistance: 12, Broken S: 12, Broken R: 0
2025-08-25 10:22:47,555 - INFO - EURUSD.s: Price: 1.17140, Trend: BEARISH, Support: 2, Resistance: 2, Broken S: 0, Broken R: 1
2025-08-25 10:22:48,252 - INFO - USDJPY.s: Price: 147.20900, Trend: BEARISH, Support: 14, Resistance: 10, Broken S: 11, Broken R: 5
2025-08-25 10:22:48,310 - ERROR - Error processing GBPUSD.s: 'NoneType' object has no attribute 'retcode'
2025-08-25 10:22:51,924 - INFO - GBPJPY.s: Support 198.90900 broken - now resistance
2025-08-25 10:22:51,925 - INFO - GBPJPY.s: Price: 198.90300, Trend: BEARISH, Support: 13, Resistance: 12, Broken S: 13, Broken R: 0
2025-08-25 10:22:51,999 - INFO - EURUSD.s: Price: 1.17140, Trend: BEARISH, Support: 2, Resistance: 2, Broken S: 0, Broken R: 1
2025-08-25 10:22:52,674 - INFO - USDJPY.s: Price: 147.20300, Trend: BEARISH, Support: 14, Resistance: 10, Broken S: 11, Broken R: 5
2025-08-25 10:22:52,740 - ERROR - Error processing GBPUSD.s: 'NoneType' object has no attribute 'retcode'
2025-08-25 10:22:56,240 - INFO - GBPJPY.s: Price: 198.90500, Trend: BEARISH, Support: 13, Resistance: 12, Broken S: 13, Broken R: 0
2025-08-25 10:22:56,301 - INFO - EURUSD.s: Price: 1.17140, Trend: BEARISH, Support: 2, Resistance: 2, Broken S: 0, Broken R: 1
2025-08-25 10:22:56,901 - INFO - USDJPY.s: Price: 147.20400, Trend: BEARISH, Support: 14, Resistance: 10, Broken S: 11, Broken R: 5
2025-08-25 10:22:56,971 - ERROR - Error processing GBPUSD.s: 'NoneType' object has no attribute 'retcode'
2025-08-25 10:23:00,594 - INFO - GBPJPY.s: Price: 198.90400, Trend: BEARISH, Support: 13, Resistance: 12, Broken S: 13, Broken R: 0
2025-08-25 10:23:00,667 - ERROR - Error processing EURUSD.s: 'NoneType' object has no attribute 'retcode'
2025-08-25 10:23:01,330 - INFO - USDJPY.s: Price: 147.20300, Trend: BEARISH, Support: 14, Resistance: 10, Broken S: 11, Broken R: 5
2025-08-25 10:23:01,389 - INFO - GBPUSD.s: Price: 1.35121, Trend: BEARISH, Support: 2, Resistance: 1, Broken S: 1, Broken R: 0
2025-08-25 10:23:05,333 - INFO - GBPJPY.s: Price: 198.90400, Trend: BEARISH, Support: 13, Resistance: 12, Broken S: 13, Broken R: 0
2025-08-25 10:23:05,433 - ERROR - Error processing EURUSD.s: 'NoneType' object has no attribute 'retcode'
2025-08-25 10:23:06,274 - INFO - USDJPY.s: Price: 147.20300, Trend: BEARISH, Support: 14, Resistance: 10, Broken S: 11, Broken R: 5
2025-08-25 10:23:06,352 - INFO - GBPUSD.s: Price: 1.35121, Trend: BEARISH, Support: 2, Resistance: 1, Broken S: 1, Broken R: 0
2025-08-25 10:23:10,088 - INFO - GBPJPY.s: Price: 198.90700, Trend: BEARISH, Support: 13, Resistance: 12, Broken S: 13, Broken R: 0
2025-08-25 10:23:10,186 - ERROR - Error processing EURUSD.s: 'NoneType' object has no attribute 'retcode'
2025-08-25 10:23:10,922 - INFO - USDJPY.s: Price: 147.20600, Trend: BEARISH, Support: 14, Resistance: 10, Broken S: 11, Broken R: 5
2025-08-25 10:23:10,990 - INFO - GBPUSD.s: Price: 1.35122, Trend: BEARISH, Support: 2, Resistance: 1, Broken S: 1, Broken R: 0
2025-08-25 10:23:14,592 - INFO - GBPJPY.s: Price: 198.90600, Trend: BEARISH, Support: 13, Resistance: 12, Broken S: 13, Broken R: 0
2025-08-25 10:23:14,663 - ERROR - Error processing EURUSD.s: 'NoneType' object has no attribute 'retcode'
2025-08-25 10:23:15,351 - INFO - USDJPY.s: Price: 147.20300, Trend: BEARISH, Support: 14, Resistance: 10, Broken S: 11, Broken R: 5
2025-08-25 10:23:15,432 - INFO - GBPUSD.s: Price: 1.35122, Trend: BEARISH, Support: 2, Resistance: 1, Broken S: 1, Broken R: 0
2025-08-25 10:23:19,144 - INFO - GBPJPY.s: Price: 198.89000, Trend: BEARISH, Support: 13, Resistance: 12, Broken S: 13, Broken R: 0
2025-08-25 10:23:19,254 - ERROR - Error processing EURUSD.s: 'NoneType' object has no attribute 'retcode'
2025-08-25 10:23:19,974 - INFO - USDJPY.s: Price: 147.19100, Trend: BEARISH, Support: 14, Resistance: 10, Broken S: 11, Broken R: 5
2025-08-25 10:23:20,046 - ERROR - Error processing GBPUSD.s: 'NoneType' object has no attribute 'retcode'
2025-08-25 10:23:23,599 - INFO - GBPJPY.s: Price: 198.89000, Trend: BEARISH, Support: 13, Resistance: 12, Broken S: 13, Broken R: 0
2025-08-25 10:23:23,662 - ERROR - Error processing EURUSD.s: 'NoneType' object has no attribute 'retcode'
2025-08-25 10:23:24,371 - INFO - USDJPY.s: Price: 147.19000, Trend: BEARISH, Support: 14, Resistance: 10, Broken S: 11, Broken R: 5
2025-08-25 10:23:24,441 - ERROR - Error processing GBPUSD.s: 'NoneType' object has no attribute 'retcode'
2025-08-25 10:23:28,111 - INFO - GBPJPY.s: Price: 198.88700, Trend: BEARISH, Support: 13, Resistance: 12, Broken S: 13, Broken R: 0
2025-08-25 10:23:28,202 - ERROR - Error processing EURUSD.s: 'NoneType' object has no attribute 'retcode'
2025-08-25 10:23:28,893 - INFO - USDJPY.s: Price: 147.19200, Trend: BEARISH, Support: 14, Resistance: 10, Broken S: 11, Broken R: 5
2025-08-25 10:23:28,965 - INFO - GBPUSD.s: Price: 1.35121, Trend: BEARISH, Support: 2, Resistance: 1, Broken S: 1, Broken R: 0
2025-08-25 10:23:32,568 - INFO - GBPJPY.s: Price: 198.89200, Trend: BEARISH, Support: 13, Resistance: 12, Broken S: 13, Broken R: 0
2025-08-25 10:23:32,648 - ERROR - Error processing EURUSD.s: 'NoneType' object has no attribute 'retcode'
2025-08-25 10:23:33,378 - INFO - USDJPY.s: Price: 147.19100, Trend: BEARISH, Support: 14, Resistance: 10, Broken S: 11, Broken R: 5
2025-08-25 10:23:33,449 - INFO - GBPUSD.s: Price: 1.35125, Trend: BULLISH, Support: 2, Resistance: 1, Broken S: 1, Broken R: 0
2025-08-25 10:23:37,122 - INFO - GBPJPY.s: Price: 198.88400, Trend: BEARISH, Support: 14, Resistance: 12, Broken S: 13, Broken R: 0
2025-08-25 10:23:37,225 - ERROR - Error processing EURUSD.s: 'NoneType' object has no attribute 'retcode'
2025-08-25 10:23:37,909 - INFO - USDJPY.s: Price: 147.18400, Trend: BEARISH, Support: 14, Resistance: 10, Broken S: 11, Broken R: 5
2025-08-25 10:23:37,964 - INFO - GBPUSD.s: Price: 1.35127, Trend: BULLISH, Support: 2, Resistance: 1, Broken S: 1, Broken R: 0
2025-08-25 10:23:41,584 - INFO - GBPJPY.s: Price: 198.88200, Trend: BEARISH, Support: 13, Resistance: 12, Broken S: 13, Broken R: 0
2025-08-25 10:23:41,680 - ERROR - Error processing EURUSD.s: 'NoneType' object has no attribute 'retcode'
2025-08-25 10:23:42,400 - INFO - USDJPY.s: Price: 147.18700, Trend: BEARISH, Support: 14, Resistance: 10, Broken S: 11, Broken R: 5
2025-08-25 10:23:42,486 - ERROR - Error processing GBPUSD.s: 'NoneType' object has no attribute 'retcode'
2025-08-25 10:23:46,176 - INFO - GBPJPY.s: Price: 198.88500, Trend: BEARISH, Support: 13, Resistance: 12, Broken S: 13, Broken R: 0
2025-08-25 10:23:46,275 - ERROR - Error processing EURUSD.s: 'NoneType' object has no attribute 'retcode'
2025-08-25 10:23:46,997 - INFO - USDJPY.s: Price: 147.18900, Trend: BEARISH, Support: 14, Resistance: 10, Broken S: 11, Broken R: 5
2025-08-25 10:23:47,075 - ERROR - Error processing GBPUSD.s: 'NoneType' object has no attribute 'retcode'
2025-08-25 10:23:50,642 - INFO - GBPJPY.s: Price: 198.87400, Trend: BEARISH, Support: 13, Resistance: 12, Broken S: 13, Broken R: 0
2025-08-25 10:23:50,717 - ERROR - Error processing EURUSD.s: 'NoneType' object has no attribute 'retcode'
2025-08-25 10:23:51,440 - ERROR - Error processing USDJPY.s: 'NoneType' object has no attribute 'retcode'
2025-08-25 10:23:51,515 - ERROR - Error processing GBPUSD.s: 'NoneType' object has no attribute 'retcode'
2025-08-25 10:23:55,208 - INFO - GBPJPY.s: Price: 198.87700, Trend: BEARISH, Support: 13, Resistance: 12, Broken S: 13, Broken R: 0
2025-08-25 10:23:55,287 - ERROR - Error processing EURUSD.s: 'NoneType' object has no attribute 'retcode'
2025-08-25 10:23:55,999 - INFO - USDJPY.s: Price: 147.18100, Trend: BEARISH, Support: 14, Resistance: 10, Broken S: 11, Broken R: 5
2025-08-25 10:23:56,061 - ERROR - Error processing GBPUSD.s: 'NoneType' object has no attribute 'retcode'
2025-08-25 10:23:59,635 - INFO - GBPJPY.s: Price: 198.87800, Trend: BEARISH, Support: 13, Resistance: 12, Broken S: 13, Broken R: 0
2025-08-25 10:23:59,704 - ERROR - Error processing EURUSD.s: 'NoneType' object has no attribute 'retcode'
2025-08-25 10:24:00,367 - INFO - USDJPY.s: Price: 147.18200, Trend: BEARISH, Support: 15, Resistance: 10, Broken S: 11, Broken R: 5
2025-08-25 10:24:00,439 - ERROR - Error processing GBPUSD.s: 'NoneType' object has no attribute 'retcode'
2025-08-25 10:24:04,075 - INFO - GBPJPY.s: Price: 198.88100, Trend: BEARISH, Support: 13, Resistance: 12, Broken S: 13, Broken R: 0
2025-08-25 10:24:04,164 - ERROR - Error processing EURUSD.s: 'NoneType' object has no attribute 'retcode'
2025-08-25 10:24:04,858 - INFO - USDJPY.s: Price: 147.18600, Trend: BEARISH, Support: 15, Resistance: 10, Broken S: 11, Broken R: 5
2025-08-25 10:24:04,927 - ERROR - Error processing GBPUSD.s: 'NoneType' object has no attribute 'retcode'
2025-08-25 10:24:08,477 - INFO - GBPJPY.s: Price: 198.88600, Trend: BEARISH, Support: 13, Resistance: 12, Broken S: 13, Broken R: 0
2025-08-25 10:24:08,543 - ERROR - Error processing EURUSD.s: 'NoneType' object has no attribute 'retcode'
2025-08-25 10:24:09,245 - INFO - USDJPY.s: Price: 147.18900, Trend: BEARISH, Support: 15, Resistance: 10, Broken S: 11, Broken R: 5
2025-08-25 10:24:09,326 - ERROR - Error processing GBPUSD.s: 'NoneType' object has no attribute 'retcode'
2025-08-25 10:24:13,051 - INFO - GBPJPY.s: Price: 198.88500, Trend: BEARISH, Support: 13, Resistance: 12, Broken S: 13, Broken R: 0
2025-08-25 10:24:13,132 - ERROR - Error processing EURUSD.s: 'NoneType' object has no attribute 'retcode'
2025-08-25 10:24:14,006 - INFO - USDJPY.s: Price: 147.19000, Trend: BEARISH, Support: 15, Resistance: 10, Broken S: 11, Broken R: 5
2025-08-25 10:24:14,073 - INFO - GBPUSD.s: Price: 1.35119, Trend: BEARISH, Support: 2, Resistance: 1, Broken S: 1, Broken R: 0
2025-08-25 10:24:17,666 - INFO - GBPJPY.s: Price: 198.88700, Trend: BEARISH, Support: 13, Resistance: 12, Broken S: 13, Broken R: 0
2025-08-25 10:24:17,750 - INFO - EURUSD.s: Price: 1.17140, Trend: BEARISH, Support: 2, Resistance: 2, Broken S: 0, Broken R: 1
2025-08-25 10:24:18,464 - INFO - USDJPY.s: Price: 147.19500, Trend: BEARISH, Support: 15, Resistance: 10, Broken S: 11, Broken R: 5
2025-08-25 10:24:18,534 - INFO - GBPUSD.s: Price: 1.35120, Trend: BEARISH, Support: 2, Resistance: 1, Broken S: 1, Broken R: 0
2025-08-25 10:24:22,171 - INFO - GBPJPY.s: Price: 198.89800, Trend: BEARISH, Support: 13, Resistance: 12, Broken S: 13, Broken R: 0
2025-08-25 10:24:22,247 - ERROR - Error processing EURUSD.s: 'NoneType' object has no attribute 'retcode'
2025-08-25 10:24:22,886 - INFO - USDJPY.s: Price: 147.19900, Trend: BEARISH, Support: 15, Resistance: 10, Broken S: 11, Broken R: 5
2025-08-25 10:24:22,955 - INFO - GBPUSD.s: Price: 1.35120, Trend: BEARISH, Support: 2, Resistance: 1, Broken S: 1, Broken R: 0
2025-08-25 10:24:26,490 - INFO - GBPJPY.s: Price: 198.89600, Trend: BEARISH, Support: 13, Resistance: 12, Broken S: 13, Broken R: 0
2025-08-25 10:24:26,555 - ERROR - Error processing EURUSD.s: 'NoneType' object has no attribute 'retcode'
2025-08-25 10:24:27,183 - INFO - USDJPY.s: Price: 147.19900, Trend: BEARISH, Support: 15, Resistance: 10, Broken S: 11, Broken R: 5
2025-08-25 10:24:27,236 - INFO - GBPUSD.s: Price: 1.35120, Trend: BEARISH, Support: 2, Resistance: 1, Broken S: 1, Broken R: 0
2025-08-25 10:24:30,859 - INFO - GBPJPY.s: Price: 198.89700, Trend: BEARISH, Support: 13, Resistance: 12, Broken S: 13, Broken R: 0
2025-08-25 10:24:30,933 - ERROR - Error processing EURUSD.s: 'NoneType' object has no attribute 'retcode'
2025-08-25 10:24:31,650 - INFO - USDJPY.s: Price: 147.19900, Trend: BEARISH, Support: 15, Resistance: 10, Broken S: 11, Broken R: 5
2025-08-25 10:24:31,719 - INFO - GBPUSD.s: Price: 1.35120, Trend: BEARISH, Support: 2, Resistance: 1, Broken S: 1, Broken R: 0
2025-08-25 10:24:35,510 - INFO - GBPJPY.s: Price: 198.89800, Trend: BEARISH, Support: 13, Resistance: 12, Broken S: 13, Broken R: 0
2025-08-25 10:24:35,591 - ERROR - Error processing EURUSD.s: 'NoneType' object has no attribute 'retcode'
2025-08-25 10:24:36,373 - INFO - USDJPY.s: Price: 147.19900, Trend: BEARISH, Support: 15, Resistance: 10, Broken S: 11, Broken R: 5
2025-08-25 10:24:36,441 - INFO - GBPUSD.s: Price: 1.35120, Trend: BEARISH, Support: 2, Resistance: 1, Broken S: 1, Broken R: 0
2025-08-25 10:24:40,550 - INFO - GBPJPY.s: Price: 198.90000, Trend: BEARISH, Support: 13, Resistance: 12, Broken S: 13, Broken R: 0
2025-08-25 10:24:40,672 - ERROR - Error processing EURUSD.s: 'NoneType' object has no attribute 'retcode'
2025-08-25 10:24:41,492 - INFO - USDJPY.s: Price: 147.19900, Trend: BEARISH, Support: 15, Resistance: 10, Broken S: 11, Broken R: 5
2025-08-25 10:24:41,567 - ERROR - Error processing GBPUSD.s: 'NoneType' object has no attribute 'retcode'
2025-08-25 10:24:45,191 - INFO - GBPJPY.s: Price: 198.89800, Trend: BEARISH, Support: 13, Resistance: 12, Broken S: 13, Broken R: 0
2025-08-25 10:24:45,536 - INFO - BUY order placed: ['HAMMER', 'TWEEZERS_BOTTOM'], Strength: 8, SL: 1.17068, TP: 1.17348
2025-08-25 10:24:45,536 - INFO - BUY signal for EURUSD.s: ['HAMMER', 'TWEEZERS_BOTTOM'], Strength: 8
2025-08-25 10:24:45,537 - INFO - EURUSD.s: Price: 1.17148, Trend: BULLISH, Support: 2, Resistance: 2, Broken S: 0, Broken R: 1
2025-08-25 10:24:45,538 - INFO - Maximum open trades reached: 3
2025-08-25 10:24:48,538 - INFO - Maximum open trades reached: 3
2025-08-25 10:24:51,539 - INFO - Maximum open trades reached: 3
2025-08-25 10:24:54,540 - INFO - Maximum open trades reached: 3
2025-08-25 10:24:57,541 - INFO - Maximum open trades reached: 3
2025-08-25 10:25:00,542 - INFO - Maximum open trades reached: 3
2025-08-25 10:25:03,542 - INFO - Maximum open trades reached: 3
2025-08-25 10:25:06,544 - INFO - Maximum open trades reached: 3
2025-08-25 10:25:09,545 - INFO - Maximum open trades reached: 3
2025-08-25 10:25:12,546 - INFO - Maximum open trades reached: 3
2025-08-25 10:25:15,547 - INFO - Maximum open trades reached: 3
2025-08-25 10:25:18,547 - INFO - Maximum open trades reached: 3
2025-08-25 10:25:21,548 - INFO - Maximum open trades reached: 3
2025-08-25 10:25:24,549 - INFO - Maximum open trades reached: 3
2025-08-25 10:25:27,549 - INFO - Maximum open trades reached: 3
2025-08-25 10:25:30,551 - INFO - Maximum open trades reached: 3
2025-08-25 10:25:33,551 - INFO - Maximum open trades reached: 3
2025-08-25 10:25:36,552 - INFO - Maximum open trades reached: 3
2025-08-25 10:25:39,553 - INFO - Maximum open trades reached: 3
2025-08-25 10:25:42,554 - INFO - Maximum open trades reached: 3
2025-08-25 10:25:45,555 - INFO - Maximum open trades reached: 3
2025-08-25 10:25:48,555 - INFO - Maximum open trades reached: 3
2025-08-25 10:25:51,556 - INFO - Maximum open trades reached: 3
2025-08-25 10:25:54,557 - INFO - Maximum open trades reached: 3
2025-08-25 10:25:57,558 - INFO - Maximum open trades reached: 3
2025-08-25 10:26:00,559 - INFO - Maximum open trades reached: 3
2025-08-25 10:26:03,560 - INFO - Maximum open trades reached: 3
2025-08-25 10:26:06,561 - INFO - Maximum open trades reached: 3
2025-08-25 10:26:09,562 - INFO - Maximum open trades reached: 3
2025-08-25 10:26:12,563 - INFO - Maximum open trades reached: 3
2025-08-25 10:26:15,564 - INFO - Maximum open trades reached: 3
2025-08-25 10:26:18,565 - INFO - Maximum open trades reached: 3
2025-08-25 10:26:21,565 - INFO - Maximum open trades reached: 3
2025-08-25 10:26:24,566 - INFO - Maximum open trades reached: 3
2025-08-25 10:26:27,567 - INFO - Maximum open trades reached: 3
2025-08-25 10:26:30,569 - INFO - Maximum open trades reached: 3
2025-08-25 10:26:33,572 - INFO - Maximum open trades reached: 3
2025-08-25 10:26:36,573 - INFO - Maximum open trades reached: 3
2025-08-25 10:26:39,574 - INFO - Maximum open trades reached: 3
2025-08-25 10:26:42,574 - INFO - Maximum open trades reached: 3
2025-08-25 10:26:45,575 - INFO - Maximum open trades reached: 3
2025-08-25 10:26:48,576 - INFO - Maximum open trades reached: 3
2025-08-25 10:26:51,577 - INFO - Maximum open trades reached: 3
2025-08-25 10:26:54,578 - INFO - Maximum open trades reached: 3
2025-08-25 10:26:57,579 - INFO - Maximum open trades reached: 3
2025-08-25 10:27:00,580 - INFO - Maximum open trades reached: 3
2025-08-25 10:27:03,581 - INFO - Maximum open trades reached: 3
2025-08-25 10:27:06,582 - INFO - Maximum open trades reached: 3
2025-08-25 10:27:09,583 - INFO - Maximum open trades reached: 3
2025-08-25 10:27:12,583 - INFO - Maximum open trades reached: 3
2025-08-25 10:27:15,584 - INFO - Maximum open trades reached: 3
2025-08-25 10:27:18,585 - INFO - Maximum open trades reached: 3
2025-08-25 10:27:21,586 - INFO - Maximum open trades reached: 3
2025-08-25 10:27:24,587 - INFO - Maximum open trades reached: 3
2025-08-25 10:27:27,588 - INFO - Maximum open trades reached: 3
2025-08-25 10:27:30,589 - INFO - Maximum open trades reached: 3
2025-08-25 10:27:33,590 - INFO - Maximum open trades reached: 3
2025-08-25 10:27:36,591 - INFO - Maximum open trades reached: 3
2025-08-25 10:27:39,592 - INFO - Maximum open trades reached: 3
2025-08-25 10:27:42,593 - INFO - Maximum open trades reached: 3
2025-08-25 10:27:45,596 - INFO - Maximum open trades reached: 3
2025-08-25 10:27:48,596 - INFO - Maximum open trades reached: 3
2025-08-25 10:27:51,597 - INFO - Maximum open trades reached: 3
2025-08-25 10:27:54,598 - INFO - Maximum open trades reached: 3
2025-08-25 10:27:57,599 - INFO - Maximum open trades reached: 3
2025-08-25 10:28:00,600 - INFO - Maximum open trades reached: 3
2025-08-25 10:28:03,601 - INFO - Maximum open trades reached: 3
2025-08-25 10:28:06,602 - INFO - Maximum open trades reached: 3
2025-08-25 10:28:09,603 - INFO - Maximum open trades reached: 3
2025-08-25 10:28:12,604 - INFO - Maximum open trades reached: 3
2025-08-25 10:28:15,604 - INFO - Maximum open trades reached: 3
2025-08-25 10:28:18,605 - INFO - Maximum open trades reached: 3
2025-08-25 10:28:21,606 - INFO - Maximum open trades reached: 3
2025-08-25 10:28:24,607 - INFO - Maximum open trades reached: 3
2025-08-25 10:28:27,608 - INFO - Maximum open trades reached: 3
2025-08-25 10:28:30,609 - INFO - Maximum open trades reached: 3
2025-08-25 10:28:33,609 - INFO - Maximum open trades reached: 3
2025-08-25 10:28:36,610 - INFO - Maximum open trades reached: 3
2025-08-25 10:28:39,612 - INFO - Maximum open trades reached: 3
2025-08-25 10:28:42,612 - INFO - Maximum open trades reached: 3
2025-08-25 10:28:45,613 - INFO - Maximum open trades reached: 3
2025-08-25 10:28:48,614 - INFO - Maximum open trades reached: 3
2025-08-25 10:28:51,615 - INFO - Maximum open trades reached: 3
2025-08-25 10:28:54,616 - INFO - Maximum open trades reached: 3
2025-08-25 10:28:57,617 - INFO - Maximum open trades reached: 3
2025-08-25 10:29:00,618 - INFO - Maximum open trades reached: 3
2025-08-25 10:29:03,618 - INFO - Maximum open trades reached: 3
2025-08-25 10:29:06,619 - INFO - Maximum open trades reached: 3
2025-08-25 10:29:09,620 - INFO - Maximum open trades reached: 3
2025-08-25 10:29:12,621 - INFO - Maximum open trades reached: 3
2025-08-25 10:29:15,622 - INFO - Maximum open trades reached: 3
2025-08-25 10:29:18,623 - INFO - Maximum open trades reached: 3
2025-08-25 10:29:21,624 - INFO - Maximum open trades reached: 3
2025-08-25 10:29:24,625 - INFO - Maximum open trades reached: 3
2025-08-25 10:29:27,626 - INFO - Maximum open trades reached: 3
2025-08-25 10:29:30,627 - INFO - Maximum open trades reached: 3
2025-08-25 10:29:33,628 - INFO - Maximum open trades reached: 3
2025-08-25 10:29:36,630 - INFO - Maximum open trades reached: 3
2025-08-25 10:29:39,631 - INFO - Maximum open trades reached: 3
2025-08-25 10:29:42,632 - INFO - Maximum open trades reached: 3
2025-08-25 10:29:45,633 - INFO - Maximum open trades reached: 3
2025-08-25 10:29:48,634 - INFO - Maximum open trades reached: 3
2025-08-25 10:29:51,634 - INFO - Maximum open trades reached: 3
2025-08-25 10:29:54,636 - INFO - Maximum open trades reached: 3
2025-08-25 10:29:57,636 - INFO - Maximum open trades reached: 3
2025-08-25 10:30:00,637 - INFO - Maximum open trades reached: 3
2025-08-25 10:30:03,638 - INFO - Maximum open trades reached: 3
2025-08-25 10:30:06,639 - INFO - Maximum open trades reached: 3
2025-08-25 10:30:09,640 - INFO - Maximum open trades reached: 3
2025-08-25 10:30:12,641 - INFO - Maximum open trades reached: 3
2025-08-25 10:30:15,642 - INFO - Maximum open trades reached: 3
2025-08-25 10:30:18,644 - INFO - Maximum open trades reached: 3
2025-08-25 10:30:21,645 - INFO - Maximum open trades reached: 3
2025-08-25 10:30:24,648 - INFO - Maximum open trades reached: 3
2025-08-25 10:30:27,649 - INFO - Maximum open trades reached: 3
2025-08-25 10:30:30,651 - INFO - Maximum open trades reached: 3
2025-08-25 10:30:33,653 - INFO - Maximum open trades reached: 3
2025-08-25 10:30:36,655 - INFO - Maximum open trades reached: 3
2025-08-25 10:30:39,657 - INFO - Maximum open trades reached: 3
2025-08-25 10:30:42,658 - INFO - Maximum open trades reached: 3
2025-08-25 10:30:45,660 - INFO - Maximum open trades reached: 3
2025-08-25 10:30:48,661 - INFO - Maximum open trades reached: 3
2025-08-25 10:30:51,662 - INFO - Maximum open trades reached: 3
2025-08-25 10:30:54,663 - INFO - Maximum open trades reached: 3
2025-08-25 10:30:57,664 - INFO - Maximum open trades reached: 3
2025-08-25 10:31:00,666 - INFO - Maximum open trades reached: 3
2025-08-25 10:31:03,668 - INFO - Maximum open trades reached: 3
2025-08-25 10:31:06,668 - INFO - Maximum open trades reached: 3
2025-08-25 10:31:09,669 - INFO - Maximum open trades reached: 3
2025-08-25 10:31:12,671 - INFO - Maximum open trades reached: 3
2025-08-25 10:31:15,672 - INFO - Maximum open trades reached: 3
2025-08-25 10:31:18,673 - INFO - Maximum open trades reached: 3
2025-08-25 10:31:21,674 - INFO - Maximum open trades reached: 3
2025-08-25 10:31:24,676 - INFO - Maximum open trades reached: 3
2025-08-25 10:31:27,757 - INFO - Maximum open trades reached: 3
2025-08-25 10:31:30,758 - INFO - Maximum open trades reached: 3
2025-08-25 10:31:33,759 - INFO - Maximum open trades reached: 3
2025-08-25 10:31:36,761 - INFO - Maximum open trades reached: 3
2025-08-25 10:31:39,762 - INFO - Maximum open trades reached: 3
2025-08-25 10:31:42,763 - INFO - Maximum open trades reached: 3
2025-08-25 10:31:45,765 - INFO - Maximum open trades reached: 3
2025-08-25 10:31:48,767 - INFO - Maximum open trades reached: 3
2025-08-25 10:31:51,768 - INFO - Maximum open trades reached: 3
2025-08-25 10:31:54,769 - INFO - Maximum open trades reached: 3
2025-08-25 10:31:57,770 - INFO - Maximum open trades reached: 3
2025-08-25 10:32:00,771 - INFO - Maximum open trades reached: 3
2025-08-25 10:32:03,772 - INFO - Maximum open trades reached: 3
2025-08-25 10:32:06,774 - INFO - Maximum open trades reached: 3
2025-08-25 10:32:09,775 - INFO - Maximum open trades reached: 3
2025-08-25 10:32:12,777 - INFO - Maximum open trades reached: 3
2025-08-25 10:32:15,781 - INFO - Maximum open trades reached: 3
2025-08-25 10:32:18,783 - INFO - Maximum open trades reached: 3
2025-08-25 10:32:21,785 - INFO - Maximum open trades reached: 3
2025-08-25 10:32:24,786 - INFO - Maximum open trades reached: 3
2025-08-25 10:32:27,787 - INFO - Maximum open trades reached: 3
2025-08-25 10:32:30,790 - INFO - Maximum open trades reached: 3
2025-08-25 10:32:33,791 - INFO - Maximum open trades reached: 3
2025-08-25 10:32:36,792 - INFO - Maximum open trades reached: 3
2025-08-25 10:32:39,793 - INFO - Maximum open trades reached: 3
2025-08-25 10:32:42,795 - INFO - Maximum open trades reached: 3
2025-08-25 10:32:45,797 - INFO - Maximum open trades reached: 3
2025-08-25 10:32:48,799 - INFO - Maximum open trades reached: 3
2025-08-25 10:32:51,801 - INFO - Maximum open trades reached: 3
2025-08-25 10:32:54,802 - INFO - Maximum open trades reached: 3
2025-08-25 10:32:57,803 - INFO - Maximum open trades reached: 3
2025-08-25 10:33:00,805 - INFO - Maximum open trades reached: 3
2025-08-25 10:33:03,805 - INFO - Maximum open trades reached: 3
2025-08-25 10:33:06,806 - INFO - Maximum open trades reached: 3
2025-08-25 10:33:09,807 - INFO - Maximum open trades reached: 3
2025-08-25 10:33:12,808 - INFO - Maximum open trades reached: 3
2025-08-25 10:33:15,810 - INFO - Maximum open trades reached: 3
2025-08-25 10:33:18,811 - INFO - Maximum open trades reached: 3
2025-08-25 10:33:21,812 - INFO - Maximum open trades reached: 3
2025-08-25 10:33:24,813 - INFO - Maximum open trades reached: 3
2025-08-25 10:33:27,813 - INFO - Maximum open trades reached: 3
2025-08-25 10:33:30,814 - INFO - Maximum open trades reached: 3
2025-08-25 10:33:33,815 - INFO - Maximum open trades reached: 3
2025-08-25 10:33:36,816 - INFO - Maximum open trades reached: 3
2025-08-25 10:33:39,816 - INFO - Maximum open trades reached: 3
2025-08-25 10:33:42,817 - INFO - Maximum open trades reached: 3
2025-08-25 10:33:45,818 - INFO - Maximum open trades reached: 3
2025-08-25 10:33:48,819 - INFO - Maximum open trades reached: 3
2025-08-25 10:33:51,820 - INFO - Maximum open trades reached: 3
2025-08-25 10:33:54,821 - INFO - Maximum open trades reached: 3
2025-08-25 10:33:57,821 - INFO - Maximum open trades reached: 3
2025-08-25 10:34:00,822 - INFO - Maximum open trades reached: 3
2025-08-25 10:34:03,823 - INFO - Maximum open trades reached: 3
2025-08-25 10:34:06,824 - INFO - Maximum open trades reached: 3
2025-08-25 10:34:09,825 - INFO - Maximum open trades reached: 3
2025-08-25 10:34:12,826 - INFO - Maximum open trades reached: 3
2025-08-25 10:34:15,827 - INFO - Maximum open trades reached: 3
2025-08-25 10:34:18,828 - INFO - Maximum open trades reached: 3
2025-08-25 10:34:21,828 - INFO - Maximum open trades reached: 3
2025-08-25 10:34:24,829 - INFO - Maximum open trades reached: 3
2025-08-25 10:34:27,830 - INFO - Maximum open trades reached: 3
2025-08-25 10:34:30,831 - INFO - Maximum open trades reached: 3
2025-08-25 10:34:33,832 - INFO - Maximum open trades reached: 3
2025-08-25 10:34:36,833 - INFO - Maximum open trades reached: 3
2025-08-25 10:34:39,834 - INFO - Maximum open trades reached: 3
2025-08-25 10:34:42,835 - INFO - Maximum open trades reached: 3
2025-08-25 10:34:45,836 - INFO - Maximum open trades reached: 3
2025-08-25 10:34:48,837 - INFO - Maximum open trades reached: 3
2025-08-25 10:34:51,838 - INFO - Maximum open trades reached: 3
2025-08-25 10:34:54,839 - INFO - Maximum open trades reached: 3
2025-08-25 10:34:57,840 - INFO - Maximum open trades reached: 3
2025-08-25 10:35:00,841 - INFO - Maximum open trades reached: 3
2025-08-25 10:35:03,842 - INFO - Maximum open trades reached: 3
2025-08-25 10:35:06,843 - INFO - Maximum open trades reached: 3
2025-08-25 10:35:09,844 - INFO - Maximum open trades reached: 3
2025-08-25 10:35:12,845 - INFO - Maximum open trades reached: 3
2025-08-25 10:35:15,846 - INFO - Maximum open trades reached: 3
2025-08-25 10:35:18,847 - INFO - Maximum open trades reached: 3
2025-08-25 10:35:21,849 - INFO - Maximum open trades reached: 3
2025-08-25 10:35:24,850 - INFO - Maximum open trades reached: 3
2025-08-25 10:35:27,851 - INFO - Maximum open trades reached: 3
2025-08-25 10:35:30,852 - INFO - Maximum open trades reached: 3
2025-08-25 10:35:33,853 - INFO - Maximum open trades reached: 3
2025-08-25 10:35:36,855 - INFO - Maximum open trades reached: 3
2025-08-25 10:35:39,857 - INFO - Maximum open trades reached: 3
2025-08-25 10:35:42,858 - INFO - Maximum open trades reached: 3
2025-08-25 10:35:45,859 - INFO - Maximum open trades reached: 3
2025-08-25 10:35:48,861 - INFO - Maximum open trades reached: 3
2025-08-25 10:35:51,862 - INFO - Maximum open trades reached: 3
2025-08-25 10:35:54,863 - INFO - Maximum open trades reached: 3
2025-08-25 10:35:57,865 - INFO - Maximum open trades reached: 3
2025-08-25 10:36:00,867 - INFO - Maximum open trades reached: 3
2025-08-25 10:36:03,867 - INFO - Maximum open trades reached: 3
2025-08-25 10:36:06,869 - INFO - Maximum open trades reached: 3
2025-08-25 10:36:09,870 - INFO - Maximum open trades reached: 3
2025-08-25 10:36:12,871 - INFO - Maximum open trades reached: 3
2025-08-25 10:36:15,873 - INFO - Maximum open trades reached: 3
2025-08-25 10:36:18,875 - INFO - Maximum open trades reached: 3
2025-08-25 10:36:21,876 - INFO - Maximum open trades reached: 3
2025-08-25 10:36:24,877 - INFO - Maximum open trades reached: 3
2025-08-25 10:36:27,878 - INFO - Maximum open trades reached: 3
2025-08-25 10:36:30,879 - INFO - Maximum open trades reached: 3
2025-08-25 10:36:33,880 - INFO - Maximum open trades reached: 3
2025-08-25 10:36:36,881 - INFO - Maximum open trades reached: 3
2025-08-25 10:36:39,882 - INFO - Maximum open trades reached: 3
2025-08-25 10:36:42,883 - INFO - Maximum open trades reached: 3
2025-08-25 10:36:45,886 - INFO - Maximum open trades reached: 3
2025-08-25 10:36:48,887 - INFO - Maximum open trades reached: 3
2025-08-25 10:36:51,888 - INFO - Maximum open trades reached: 3
2025-08-25 10:36:54,890 - INFO - Maximum open trades reached: 3
2025-08-25 10:36:57,892 - INFO - Maximum open trades reached: 3
2025-08-25 10:37:00,893 - INFO - Maximum open trades reached: 3
2025-08-25 10:37:03,894 - INFO - Maximum open trades reached: 3
2025-08-25 10:37:06,896 - INFO - Maximum open trades reached: 3
2025-08-25 10:37:09,897 - INFO - Maximum open trades reached: 3
2025-08-25 10:37:12,899 - INFO - Maximum open trades reached: 3
2025-08-25 10:37:15,900 - INFO - Maximum open trades reached: 3
2025-08-25 10:37:18,902 - INFO - Maximum open trades reached: 3
2025-08-25 10:37:21,903 - INFO - Maximum open trades reached: 3
2025-08-25 10:37:24,904 - INFO - Maximum open trades reached: 3
2025-08-25 10:37:27,905 - INFO - Maximum open trades reached: 3
2025-08-25 10:37:30,906 - INFO - Maximum open trades reached: 3
2025-08-25 10:37:33,907 - INFO - Maximum open trades reached: 3
2025-08-25 10:37:36,909 - INFO - Maximum open trades reached: 3
2025-08-25 10:37:39,910 - INFO - Maximum open trades reached: 3
2025-08-25 10:37:42,911 - INFO - Maximum open trades reached: 3
2025-08-25 10:37:45,912 - INFO - Maximum open trades reached: 3
2025-08-25 10:37:48,913 - INFO - Maximum open trades reached: 3
2025-08-25 10:37:51,915 - INFO - Maximum open trades reached: 3
2025-08-25 10:37:54,916 - INFO - Maximum open trades reached: 3
2025-08-25 10:37:57,918 - INFO - Maximum open trades reached: 3
2025-08-25 10:38:00,920 - INFO - Maximum open trades reached: 3
2025-08-25 10:38:03,921 - INFO - Maximum open trades reached: 3
2025-08-25 10:38:06,923 - INFO - Maximum open trades reached: 3
2025-08-25 10:38:09,924 - INFO - Maximum open trades reached: 3
2025-08-25 10:38:12,925 - INFO - Maximum open trades reached: 3
2025-08-25 10:38:15,926 - INFO - Maximum open trades reached: 3
2025-08-25 10:38:18,927 - INFO - Maximum open trades reached: 3
2025-08-25 10:38:21,929 - INFO - Maximum open trades reached: 3
2025-08-25 10:38:24,931 - INFO - Maximum open trades reached: 3
2025-08-25 10:38:27,932 - INFO - Maximum open trades reached: 3
2025-08-25 10:38:30,933 - INFO - Maximum open trades reached: 3
2025-08-25 10:38:33,935 - INFO - Maximum open trades reached: 3
2025-08-25 10:38:36,936 - INFO - Maximum open trades reached: 3
2025-08-25 10:38:39,937 - INFO - Maximum open trades reached: 3
2025-08-25 10:38:42,938 - INFO - Maximum open trades reached: 3
2025-08-25 10:38:45,939 - INFO - Maximum open trades reached: 3
2025-08-25 10:38:48,941 - INFO - Maximum open trades reached: 3
2025-08-25 10:38:51,943 - INFO - Maximum open trades reached: 3
2025-08-25 10:38:54,944 - INFO - Maximum open trades reached: 3
2025-08-25 10:38:57,946 - INFO - Maximum open trades reached: 3
2025-08-25 10:39:00,947 - INFO - Maximum open trades reached: 3
2025-08-25 10:39:03,949 - INFO - Maximum open trades reached: 3
2025-08-25 10:39:06,951 - INFO - Maximum open trades reached: 3
2025-08-25 10:39:09,952 - INFO - Maximum open trades reached: 3
2025-08-25 10:39:12,954 - INFO - Maximum open trades reached: 3
2025-08-25 10:39:15,955 - INFO - Maximum open trades reached: 3
2025-08-25 10:39:18,956 - INFO - Maximum open trades reached: 3
2025-08-25 10:39:21,957 - INFO - Maximum open trades reached: 3
2025-08-25 10:39:24,959 - INFO - Maximum open trades reached: 3
2025-08-25 10:39:27,961 - INFO - Maximum open trades reached: 3
2025-08-25 10:39:32,711 - INFO - GBPJPY.s: Resistance 198.91500 broken - now support
2025-08-25 10:39:32,712 - INFO - GBPJPY.s: Price: 198.92100, Trend: BULLISH, Support: 11, Resistance: 11, Broken S: 13, Broken R: 1
2025-08-25 10:39:32,903 - ERROR - Error processing EURUSD.s: 'NoneType' object has no attribute 'retcode'
2025-08-25 10:39:34,485 - INFO - USDJPY.s: Price: 147.28700, Trend: BULLISH, Support: 15, Resistance: 9, Broken S: 11, Broken R: 5
2025-08-25 10:39:34,617 - INFO - GBPUSD.s: Price: 1.35056, Trend: BEARISH, Support: 2, Resistance: 1, Broken S: 1, Broken R: 0
2025-08-25 10:39:39,604 - INFO - GBPJPY.s: Price: 198.92700, Trend: BULLISH, Support: 11, Resistance: 11, Broken S: 13, Broken R: 1
2025-08-25 10:39:39,795 - ERROR - Error processing EURUSD.s: 'NoneType' object has no attribute 'retcode'
2025-08-25 10:39:41,614 - INFO - USDJPY.s: Price: 147.28800, Trend: BULLISH, Support: 15, Resistance: 9, Broken S: 11, Broken R: 5
2025-08-25 10:39:41,769 - INFO - GBPUSD.s: Price: 1.35062, Trend: BEARISH, Support: 2, Resistance: 1, Broken S: 1, Broken R: 0
2025-08-25 10:39:46,531 - INFO - GBPJPY.s: Price: 198.93000, Trend: BULLISH, Support: 11, Resistance: 11, Broken S: 13, Broken R: 1
2025-08-25 10:39:46,770 - ERROR - Error processing EURUSD.s: 'NoneType' object has no attribute 'retcode'
2025-08-25 10:39:48,826 - INFO - USDJPY.s: Price: 147.28600, Trend: BULLISH, Support: 15, Resistance: 9, Broken S: 11, Broken R: 5
2025-08-25 10:39:48,971 - INFO - GBPUSD.s: Price: 1.35063, Trend: BEARISH, Support: 2, Resistance: 1, Broken S: 1, Broken R: 0
2025-08-25 10:39:53,911 - INFO - GBPJPY.s: Price: 198.93200, Trend: BULLISH, Support: 11, Resistance: 11, Broken S: 13, Broken R: 1
2025-08-25 10:39:54,100 - ERROR - Error processing EURUSD.s: 'NoneType' object has no attribute 'retcode'
2025-08-25 10:39:55,872 - INFO - USDJPY.s: Price: 147.28700, Trend: BULLISH, Support: 15, Resistance: 9, Broken S: 11, Broken R: 5
2025-08-25 10:39:56,036 - INFO - GBPUSD.s: Price: 1.35062, Trend: BEARISH, Support: 2, Resistance: 1, Broken S: 1, Broken R: 0
2025-08-25 10:40:01,442 - INFO - GBPJPY.s: Price: 198.93000, Trend: BULLISH, Support: 11, Resistance: 11, Broken S: 13, Broken R: 1
2025-08-25 10:40:01,657 - ERROR - Error processing EURUSD.s: 'NoneType' object has no attribute 'retcode'
2025-08-25 10:40:03,676 - INFO - USDJPY.s: Price: 147.28600, Trend: BULLISH, Support: 15, Resistance: 9, Broken S: 11, Broken R: 5
2025-08-25 10:40:03,816 - INFO - GBPUSD.s: Price: 1.35062, Trend: BEARISH, Support: 2, Resistance: 1, Broken S: 1, Broken R: 0
2025-08-25 10:40:08,777 - INFO - GBPJPY.s: Price: 198.93000, Trend: BULLISH, Support: 11, Resistance: 11, Broken S: 13, Broken R: 1
2025-08-25 10:40:08,976 - ERROR - Error processing EURUSD.s: 'NoneType' object has no attribute 'retcode'
2025-08-25 10:40:10,807 - INFO - USDJPY.s: Price: 147.28500, Trend: BULLISH, Support: 15, Resistance: 9, Broken S: 11, Broken R: 5
2025-08-25 10:40:10,942 - INFO - GBPUSD.s: Price: 1.35062, Trend: BEARISH, Support: 2, Resistance: 1, Broken S: 1, Broken R: 0
2025-08-25 10:40:15,940 - INFO - GBPJPY.s: Price: 198.93200, Trend: BULLISH, Support: 11, Resistance: 11, Broken S: 13, Broken R: 1
2025-08-25 10:40:16,134 - ERROR - Error processing EURUSD.s: 'NoneType' object has no attribute 'retcode'
2025-08-25 10:40:17,974 - INFO - USDJPY.s: Price: 147.28700, Trend: BULLISH, Support: 15, Resistance: 9, Broken S: 11, Broken R: 5
2025-08-25 10:40:18,111 - INFO - GBPUSD.s: Price: 1.35063, Trend: BEARISH, Support: 2, Resistance: 1, Broken S: 1, Broken R: 0
2025-08-25 10:40:23,258 - INFO - GBPJPY.s: Price: 198.93100, Trend: BULLISH, Support: 11, Resistance: 11, Broken S: 13, Broken R: 1
2025-08-25 10:40:23,443 - ERROR - Error processing EURUSD.s: 'NoneType' object has no attribute 'retcode'
2025-08-25 10:40:25,297 - INFO - USDJPY.s: Price: 147.27800, Trend: BULLISH, Support: 15, Resistance: 9, Broken S: 11, Broken R: 5
2025-08-25 10:40:25,439 - INFO - GBPUSD.s: Price: 1.35063, Trend: BEARISH, Support: 2, Resistance: 1, Broken S: 1, Broken R: 0
2025-08-25 10:40:30,404 - INFO - GBPJPY.s: Price: 198.92300, Trend: BULLISH, Support: 11, Resistance: 11, Broken S: 13, Broken R: 1
2025-08-25 10:40:30,592 - ERROR - Error processing EURUSD.s: 'NoneType' object has no attribute 'retcode'
2025-08-25 10:40:32,387 - INFO - USDJPY.s: Price: 147.27900, Trend: BULLISH, Support: 15, Resistance: 9, Broken S: 11, Broken R: 5
2025-08-25 10:40:32,532 - INFO - GBPUSD.s: Price: 1.35064, Trend: BEARISH, Support: 2, Resistance: 1, Broken S: 1, Broken R: 0
2025-08-25 10:40:37,700 - INFO - GBPJPY.s: Price: 198.92300, Trend: BULLISH, Support: 11, Resistance: 11, Broken S: 13, Broken R: 1
2025-08-25 10:40:37,948 - ERROR - Error processing EURUSD.s: 'NoneType' object has no attribute 'retcode'
2025-08-25 10:40:39,947 - INFO - USDJPY.s: Price: 147.26600, Trend: BULLISH, Support: 15, Resistance: 9, Broken S: 11, Broken R: 5
2025-08-25 10:40:40,103 - ERROR - Error processing GBPUSD.s: 'NoneType' object has no attribute 'retcode'
2025-08-25 10:40:45,178 - INFO - GBPJPY.s: Price: 198.91200, Trend: BULLISH, Support: 11, Resistance: 11, Broken S: 13, Broken R: 1
2025-08-25 10:40:45,366 - INFO - EURUSD.s: Price: 1.17080, Trend: BEARISH, Support: 2, Resistance: 2, Broken S: 0, Broken R: 1
2025-08-25 10:40:47,259 - INFO - USDJPY.s: Price: 147.27000, Trend: BULLISH, Support: 15, Resistance: 9, Broken S: 11, Broken R: 5
2025-08-25 10:40:47,412 - ERROR - Error processing GBPUSD.s: 'NoneType' object has no attribute 'retcode'
2025-08-25 10:40:52,451 - INFO - GBPJPY.s: Price: 198.91300, Trend: BULLISH, Support: 11, Resistance: 11, Broken S: 13, Broken R: 1
2025-08-25 10:40:52,616 - INFO - EURUSD.s: Price: 1.17082, Trend: BEARISH, Support: 2, Resistance: 2, Broken S: 0, Broken R: 1
2025-08-25 10:40:54,437 - INFO - USDJPY.s: Price: 147.27100, Trend: BULLISH, Support: 15, Resistance: 9, Broken S: 11, Broken R: 5
2025-08-25 10:40:54,583 - ERROR - Error processing GBPUSD.s: 'NoneType' object has no attribute 'retcode'
2025-08-25 10:40:59,647 - INFO - GBPJPY.s: Price: 198.92100, Trend: BULLISH, Support: 11, Resistance: 11, Broken S: 13, Broken R: 1
2025-08-25 10:40:59,831 - INFO - EURUSD.s: Price: 1.17080, Trend: BEARISH, Support: 2, Resistance: 2, Broken S: 0, Broken R: 1
2025-08-25 10:41:01,697 - INFO - USDJPY.s: Price: 147.27200, Trend: BULLISH, Support: 15, Resistance: 9, Broken S: 11, Broken R: 5
2025-08-25 10:41:01,879 - ERROR - Error processing GBPUSD.s: 'NoneType' object has no attribute 'retcode'
2025-08-25 10:41:06,948 - INFO - GBPJPY.s: Price: 198.92600, Trend: BULLISH, Support: 11, Resistance: 12, Broken S: 13, Broken R: 1
2025-08-25 10:41:07,119 - INFO - EURUSD.s: Price: 1.17080, Trend: BEARISH, Support: 2, Resistance: 2, Broken S: 0, Broken R: 1
2025-08-25 10:41:09,071 - INFO - USDJPY.s: Price: 147.27300, Trend: BULLISH, Support: 15, Resistance: 9, Broken S: 11, Broken R: 5
2025-08-25 10:41:09,243 - ERROR - Error processing GBPUSD.s: 'NoneType' object has no attribute 'retcode'
2025-08-25 10:41:14,342 - INFO - GBPJPY.s: Price: 198.93000, Trend: BULLISH, Support: 11, Resistance: 12, Broken S: 13, Broken R: 1
2025-08-25 10:41:14,515 - INFO - EURUSD.s: Price: 1.17081, Trend: BEARISH, Support: 2, Resistance: 2, Broken S: 0, Broken R: 1
2025-08-25 10:41:16,287 - INFO - USDJPY.s: Price: 147.26800, Trend: BULLISH, Support: 15, Resistance: 9, Broken S: 11, Broken R: 5
2025-08-25 10:41:16,439 - ERROR - Error processing GBPUSD.s: 'NoneType' object has no attribute 'retcode'
2025-08-25 10:41:21,558 - INFO - GBPJPY.s: Price: 198.92600, Trend: BULLISH, Support: 11, Resistance: 12, Broken S: 13, Broken R: 1
2025-08-25 10:41:21,718 - INFO - EURUSD.s: Price: 1.17081, Trend: BEARISH, Support: 2, Resistance: 2, Broken S: 0, Broken R: 1
2025-08-25 10:41:23,569 - INFO - USDJPY.s: Price: 147.26800, Trend: BULLISH, Support: 15, Resistance: 9, Broken S: 11, Broken R: 5
2025-08-25 10:41:23,717 - ERROR - Error processing GBPUSD.s: 'NoneType' object has no attribute 'retcode'
2025-08-25 10:41:28,981 - INFO - GBPJPY.s: Price: 198.93100, Trend: BULLISH, Support: 11, Resistance: 12, Broken S: 13, Broken R: 1
2025-08-25 10:41:29,193 - ERROR - Error processing EURUSD.s: 'NoneType' object has no attribute 'retcode'
2025-08-25 10:41:30,949 - INFO - USDJPY.s: Price: 147.28000, Trend: BULLISH, Support: 15, Resistance: 9, Broken S: 11, Broken R: 5
2025-08-25 10:41:31,096 - INFO - GBPUSD.s: Price: 1.35068, Trend: BEARISH, Support: 2, Resistance: 1, Broken S: 1, Broken R: 0
2025-08-25 10:41:36,144 - INFO - GBPJPY.s: Price: 198.93400, Trend: BULLISH, Support: 11, Resistance: 12, Broken S: 13, Broken R: 1
2025-08-25 10:41:36,329 - ERROR - Error processing EURUSD.s: 'NoneType' object has no attribute 'retcode'
2025-08-25 10:41:38,178 - INFO - USDJPY.s: Price: 147.28400, Trend: BULLISH, Support: 15, Resistance: 9, Broken S: 11, Broken R: 5
2025-08-25 10:41:38,330 - INFO - GBPUSD.s: Price: 1.35068, Trend: BEARISH, Support: 2, Resistance: 1, Broken S: 1, Broken R: 0
2025-08-25 10:41:43,453 - INFO - GBPJPY.s: Price: 198.93400, Trend: BULLISH, Support: 11, Resistance: 12, Broken S: 13, Broken R: 1
2025-08-25 10:41:43,662 - ERROR - Error processing EURUSD.s: 'NoneType' object has no attribute 'retcode'
2025-08-25 10:41:45,528 - INFO - USDJPY.s: Price: 147.28200, Trend: BULLISH, Support: 15, Resistance: 9, Broken S: 11, Broken R: 5
2025-08-25 10:41:45,667 - ERROR - Error processing GBPUSD.s: 'NoneType' object has no attribute 'retcode'
2025-08-25 10:41:50,682 - INFO - GBPJPY.s: Price: 198.93600, Trend: BULLISH, Support: 11, Resistance: 12, Broken S: 13, Broken R: 1
2025-08-25 10:41:50,882 - ERROR - Error processing EURUSD.s: 'NoneType' object has no attribute 'retcode'
2025-08-25 10:41:52,671 - INFO - USDJPY.s: Price: 147.28500, Trend: BULLISH, Support: 15, Resistance: 9, Broken S: 11, Broken R: 5
2025-08-25 10:41:52,798 - ERROR - Error processing GBPUSD.s: 'NoneType' object has no attribute 'retcode'
2025-08-25 10:41:57,832 - INFO - GBPJPY.s: Price: 198.94800, Trend: BULLISH, Support: 11, Resistance: 12, Broken S: 13, Broken R: 1
2025-08-25 10:41:58,031 - ERROR - Error processing EURUSD.s: 'NoneType' object has no attribute 'retcode'
2025-08-25 10:41:59,773 - ERROR - Error processing USDJPY.s: 'NoneType' object has no attribute 'retcode'
2025-08-25 10:41:59,910 - INFO - GBPUSD.s: Price: 1.35067, Trend: BEARISH, Support: 2, Resistance: 1, Broken S: 1, Broken R: 0
2025-08-25 10:42:04,907 - INFO - GBPJPY.s: Price: 198.93700, Trend: BULLISH, Support: 11, Resistance: 12, Broken S: 13, Broken R: 1
2025-08-25 10:42:05,094 - INFO - EURUSD.s: Price: 1.17067, Trend: BEARISH, Support: 2, Resistance: 2, Broken S: 0, Broken R: 1
2025-08-25 10:42:06,949 - INFO - USDJPY.s: Price: 147.28500, Trend: BULLISH, Support: 14, Resistance: 10, Broken S: 11, Broken R: 5
2025-08-25 10:42:07,092 - ERROR - Error processing GBPUSD.s: 'NoneType' object has no attribute 'retcode'
2025-08-25 10:42:12,107 - INFO - GBPJPY.s: Price: 198.93600, Trend: BULLISH, Support: 11, Resistance: 12, Broken S: 13, Broken R: 1
2025-08-25 10:42:12,300 - INFO - EURUSD.s: Price: 1.17067, Trend: BEARISH, Support: 2, Resistance: 2, Broken S: 0, Broken R: 1
2025-08-25 10:42:14,182 - INFO - USDJPY.s: Price: 147.28500, Trend: BULLISH, Support: 14, Resistance: 10, Broken S: 11, Broken R: 5
2025-08-25 10:42:14,328 - INFO - GBPUSD.s: Price: 1.35062, Trend: BEARISH, Support: 2, Resistance: 1, Broken S: 1, Broken R: 0
2025-08-25 10:42:19,271 - INFO - GBPJPY.s: Price: 198.92900, Trend: BULLISH, Support: 11, Resistance: 12, Broken S: 13, Broken R: 1
2025-08-25 10:42:19,421 - INFO - EURUSD.s: Price: 1.17067, Trend: BEARISH, Support: 2, Resistance: 2, Broken S: 0, Broken R: 1
2025-08-25 10:42:21,320 - INFO - USDJPY.s: Price: 147.28400, Trend: BULLISH, Support: 14, Resistance: 10, Broken S: 11, Broken R: 5
2025-08-25 10:42:21,504 - ERROR - Error processing GBPUSD.s: 'NoneType' object has no attribute 'retcode'
2025-08-25 10:42:26,534 - INFO - GBPJPY.s: Price: 198.94000, Trend: BULLISH, Support: 11, Resistance: 12, Broken S: 13, Broken R: 1
2025-08-25 10:42:26,722 - INFO - EURUSD.s: Price: 1.17067, Trend: BEARISH, Support: 2, Resistance: 2, Broken S: 0, Broken R: 1
2025-08-25 10:42:28,472 - ERROR - Error processing USDJPY.s: 'NoneType' object has no attribute 'retcode'
2025-08-25 10:42:28,627 - ERROR - Error processing GBPUSD.s: 'NoneType' object has no attribute 'retcode'
2025-08-25 10:42:33,499 - INFO - GBPJPY.s: Price: 198.93900, Trend: BULLISH, Support: 11, Resistance: 12, Broken S: 13, Broken R: 1
2025-08-25 10:42:33,682 - INFO - EURUSD.s: Price: 1.17067, Trend: BEARISH, Support: 2, Resistance: 2, Broken S: 0, Broken R: 1
2025-08-25 10:42:35,383 - ERROR - Error processing USDJPY.s: 'NoneType' object has no attribute 'retcode'
2025-08-25 10:42:35,524 - ERROR - Error processing GBPUSD.s: 'NoneType' object has no attribute 'retcode'
2025-08-25 10:42:40,407 - INFO - GBPJPY.s: Price: 198.93900, Trend: BULLISH, Support: 11, Resistance: 12, Broken S: 13, Broken R: 1
2025-08-25 10:42:40,594 - INFO - EURUSD.s: Price: 1.17067, Trend: BEARISH, Support: 2, Resistance: 2, Broken S: 0, Broken R: 1
2025-08-25 10:42:42,541 - ERROR - Error processing USDJPY.s: 'NoneType' object has no attribute 'retcode'
2025-08-25 10:42:42,679 - INFO - GBPUSD.s: Price: 1.35064, Trend: BEARISH, Support: 2, Resistance: 1, Broken S: 1, Broken R: 0
2025-08-25 10:42:47,628 - INFO - GBPJPY.s: Price: 198.93300, Trend: BULLISH, Support: 11, Resistance: 12, Broken S: 13, Broken R: 1
2025-08-25 10:42:47,829 - INFO - EURUSD.s: Price: 1.17067, Trend: BEARISH, Support: 2, Resistance: 2, Broken S: 0, Broken R: 1
2025-08-25 10:42:49,728 - ERROR - Error processing USDJPY.s: 'NoneType' object has no attribute 'retcode'
2025-08-25 10:42:49,872 - INFO - GBPUSD.s: Price: 1.35063, Trend: BEARISH, Support: 2, Resistance: 1, Broken S: 1, Broken R: 0
2025-08-25 10:42:54,916 - INFO - GBPJPY.s: Price: 198.92900, Trend: BULLISH, Support: 11, Resistance: 12, Broken S: 13, Broken R: 1
2025-08-25 10:42:55,109 - INFO - EURUSD.s: Price: 1.17067, Trend: BEARISH, Support: 2, Resistance: 2, Broken S: 0, Broken R: 1
2025-08-25 10:42:56,969 - INFO - USDJPY.s: Price: 147.28600, Trend: BULLISH, Support: 14, Resistance: 10, Broken S: 11, Broken R: 5
2025-08-25 10:42:57,109 - INFO - GBPUSD.s: Price: 1.35060, Trend: BEARISH, Support: 2, Resistance: 1, Broken S: 1, Broken R: 0
2025-08-25 10:43:02,094 - INFO - GBPJPY.s: Price: 198.92600, Trend: BULLISH, Support: 11, Resistance: 12, Broken S: 13, Broken R: 1
2025-08-25 10:43:02,305 - ERROR - Error processing EURUSD.s: 'NoneType' object has no attribute 'retcode'
2025-08-25 10:43:04,105 - INFO - USDJPY.s: Price: 147.28500, Trend: BULLISH, Support: 14, Resistance: 10, Broken S: 11, Broken R: 5
2025-08-25 10:43:04,239 - INFO - GBPUSD.s: Price: 1.35060, Trend: BEARISH, Support: 2, Resistance: 1, Broken S: 1, Broken R: 0
2025-08-25 10:43:09,382 - INFO - GBPJPY.s: Price: 198.92700, Trend: BULLISH, Support: 11, Resistance: 12, Broken S: 13, Broken R: 1
2025-08-25 10:43:09,637 - ERROR - Error processing EURUSD.s: 'NoneType' object has no attribute 'retcode'
2025-08-25 10:43:11,544 - INFO - USDJPY.s: Price: 147.28500, Trend: BULLISH, Support: 14, Resistance: 10, Broken S: 11, Broken R: 5
2025-08-25 10:43:11,710 - INFO - GBPUSD.s: Price: 1.35061, Trend: BEARISH, Support: 2, Resistance: 1, Broken S: 1, Broken R: 0
2025-08-25 10:43:16,778 - INFO - GBPJPY.s: Price: 198.93400, Trend: BULLISH, Support: 11, Resistance: 12, Broken S: 13, Broken R: 1
2025-08-25 10:43:16,969 - ERROR - Error processing EURUSD.s: 'NoneType' object has no attribute 'retcode'
2025-08-25 10:43:18,943 - INFO - USDJPY.s: Price: 147.28600, Trend: BULLISH, Support: 14, Resistance: 10, Broken S: 11, Broken R: 5
2025-08-25 10:43:19,100 - ERROR - Error processing GBPUSD.s: 'NoneType' object has no attribute 'retcode'
2025-08-25 10:43:24,253 - INFO - GBPJPY.s: Price: 198.94200, Trend: BULLISH, Support: 11, Resistance: 12, Broken S: 13, Broken R: 1
2025-08-25 10:43:24,414 - INFO - EURUSD.s: Price: 1.17079, Trend: BEARISH, Support: 2, Resistance: 2, Broken S: 0, Broken R: 1
2025-08-25 10:43:26,320 - INFO - USDJPY.s: Price: 147.27100, Trend: BULLISH, Support: 14, Resistance: 10, Broken S: 11, Broken R: 5
2025-08-25 10:43:26,493 - ERROR - Error processing GBPUSD.s: 'NoneType' object has no attribute 'retcode'
2025-08-25 10:43:31,690 - INFO - GBPJPY.s: Price: 198.94300, Trend: BULLISH, Support: 11, Resistance: 12, Broken S: 13, Broken R: 1
2025-08-25 10:43:31,906 - INFO - EURUSD.s: Price: 1.17083, Trend: BEARISH, Support: 2, Resistance: 2, Broken S: 0, Broken R: 1
2025-08-25 10:43:33,775 - INFO - USDJPY.s: Price: 147.26600, Trend: BULLISH, Support: 14, Resistance: 10, Broken S: 11, Broken R: 5
2025-08-25 10:43:33,899 - ERROR - Error processing GBPUSD.s: 'NoneType' object has no attribute 'retcode'
2025-08-25 10:43:39,056 - INFO - GBPJPY.s: Price: 198.94400, Trend: BULLISH, Support: 11, Resistance: 12, Broken S: 13, Broken R: 1
2025-08-25 10:43:39,258 - INFO - EURUSD.s: Price: 1.17082, Trend: BEARISH, Support: 2, Resistance: 2, Broken S: 0, Broken R: 1
2025-08-25 10:43:40,993 - INFO - USDJPY.s: Price: 147.26500, Trend: BULLISH, Support: 14, Resistance: 10, Broken S: 11, Broken R: 5
2025-08-25 10:43:41,141 - ERROR - Error processing GBPUSD.s: 'NoneType' object has no attribute 'retcode'
2025-08-25 10:43:46,218 - INFO - GBPJPY.s: Price: 198.94800, Trend: BULLISH, Support: 11, Resistance: 12, Broken S: 13, Broken R: 1
2025-08-25 10:43:46,410 - ERROR - Error processing EURUSD.s: 'NoneType' object has no attribute 'retcode'
2025-08-25 10:43:48,292 - INFO - USDJPY.s: Price: 147.26800, Trend: BULLISH, Support: 14, Resistance: 10, Broken S: 11, Broken R: 5
2025-08-25 10:43:48,410 - ERROR - Error processing GBPUSD.s: 'NoneType' object has no attribute 'retcode'
2025-08-25 10:43:53,556 - INFO - GBPJPY.s: Resistance 198.94800 broken - now support
2025-08-25 10:43:53,557 - INFO - GBPJPY.s: Price: 198.95500, Trend: BULLISH, Support: 11, Resistance: 12, Broken S: 13, Broken R: 2
2025-08-25 10:43:53,756 - ERROR - Error processing EURUSD.s: 'NoneType' object has no attribute 'retcode'
2025-08-25 10:43:55,688 - INFO - USDJPY.s: Price: 147.27700, Trend: BULLISH, Support: 14, Resistance: 10, Broken S: 11, Broken R: 5
2025-08-25 10:43:55,837 - ERROR - Error processing GBPUSD.s: 'NoneType' object has no attribute 'retcode'
2025-08-25 10:44:00,976 - INFO - GBPJPY.s: Price: 198.95300, Trend: BULLISH, Support: 11, Resistance: 13, Broken S: 13, Broken R: 2
2025-08-25 10:44:01,145 - ERROR - Error processing EURUSD.s: 'NoneType' object has no attribute 'retcode'
2025-08-25 10:44:03,110 - INFO - USDJPY.s: Price: 147.27600, Trend: BULLISH, Support: 14, Resistance: 10, Broken S: 11, Broken R: 5
2025-08-25 10:44:03,245 - INFO - GBPUSD.s: Price: 1.35091, Trend: BULLISH, Support: 2, Resistance: 1, Broken S: 1, Broken R: 0
2025-08-25 10:44:08,265 - ERROR - Error processing GBPJPY.s: 'NoneType' object has no attribute 'retcode'
2025-08-25 10:44:08,722 - INFO - BUY order placed: ['HAMMER', 'TWEEZERS_BOTTOM'], Strength: 6, SL: 1.16979, TP: 1.17323
2025-08-25 10:44:08,723 - INFO - BUY signal for EURUSD.s: ['HAMMER', 'TWEEZERS_BOTTOM'], Strength: 6
2025-08-25 10:44:08,723 - INFO - EURUSD.s: Price: 1.17077, Trend: BEARISH, Support: 2, Resistance: 2, Broken S: 0, Broken R: 1
2025-08-25 10:44:08,724 - INFO - Maximum open trades reached: 3
2025-08-25 10:44:11,725 - INFO - Maximum open trades reached: 3
2025-08-25 10:44:14,726 - INFO - Maximum open trades reached: 3
2025-08-25 10:44:17,728 - INFO - Maximum open trades reached: 3
2025-08-25 10:44:20,729 - INFO - Maximum open trades reached: 3
2025-08-25 10:44:23,730 - INFO - Maximum open trades reached: 3
2025-08-25 10:44:26,731 - INFO - Maximum open trades reached: 3
2025-08-25 10:44:29,733 - INFO - Maximum open trades reached: 3
2025-08-25 10:44:32,734 - INFO - Maximum open trades reached: 3
2025-08-25 10:44:35,735 - INFO - Maximum open trades reached: 3
2025-08-25 10:44:38,737 - INFO - Maximum open trades reached: 3
2025-08-25 10:44:41,737 - INFO - Maximum open trades reached: 3
2025-08-25 10:44:44,739 - INFO - Maximum open trades reached: 3
2025-08-25 10:44:47,740 - INFO - Maximum open trades reached: 3
2025-08-25 10:44:50,741 - INFO - Maximum open trades reached: 3
2025-08-25 10:44:53,743 - INFO - Maximum open trades reached: 3
2025-08-25 10:44:56,744 - INFO - Maximum open trades reached: 3
2025-08-25 10:44:59,745 - INFO - Maximum open trades reached: 3
2025-08-25 10:45:02,747 - INFO - Maximum open trades reached: 3
2025-08-25 10:45:05,748 - INFO - Maximum open trades reached: 3
2025-08-25 10:45:08,749 - INFO - Maximum open trades reached: 3
2025-08-25 10:45:11,751 - INFO - Maximum open trades reached: 3
2025-08-25 10:45:14,753 - INFO - Maximum open trades reached: 3
2025-08-25 10:45:17,754 - INFO - Maximum open trades reached: 3
2025-08-25 10:45:20,756 - INFO - Maximum open trades reached: 3
2025-08-25 10:45:23,757 - INFO - Maximum open trades reached: 3
2025-08-25 10:45:26,758 - INFO - Maximum open trades reached: 3
2025-08-25 10:45:29,759 - INFO - Maximum open trades reached: 3
2025-08-25 10:45:32,761 - INFO - Maximum open trades reached: 3
2025-08-25 10:45:35,762 - INFO - Maximum open trades reached: 3
2025-08-25 10:45:38,763 - INFO - Maximum open trades reached: 3
2025-08-25 10:45:41,764 - INFO - Maximum open trades reached: 3
2025-08-25 10:45:44,766 - INFO - Maximum open trades reached: 3
2025-08-25 10:45:47,767 - INFO - Maximum open trades reached: 3
2025-08-25 10:45:50,769 - INFO - Maximum open trades reached: 3
2025-08-25 10:45:53,771 - INFO - Maximum open trades reached: 3
2025-08-25 10:45:56,773 - INFO - Maximum open trades reached: 3
2025-08-25 10:45:59,792 - INFO - Maximum open trades reached: 3
2025-08-25 10:46:02,793 - INFO - Maximum open trades reached: 3
2025-08-25 10:46:05,795 - INFO - Maximum open trades reached: 3
2025-08-25 10:46:08,797 - INFO - Maximum open trades reached: 3
2025-08-25 10:46:11,798 - INFO - Maximum open trades reached: 3
2025-08-25 10:46:14,800 - INFO - Maximum open trades reached: 3
2025-08-25 10:46:17,801 - INFO - Maximum open trades reached: 3
2025-08-25 10:46:20,802 - INFO - Maximum open trades reached: 3
2025-08-25 10:46:23,804 - INFO - Maximum open trades reached: 3
2025-08-25 10:46:26,805 - INFO - Maximum open trades reached: 3
2025-08-25 10:46:29,806 - INFO - Maximum open trades reached: 3
2025-08-25 10:46:32,808 - INFO - Maximum open trades reached: 3
2025-08-25 10:46:35,809 - INFO - Maximum open trades reached: 3
2025-08-25 10:46:38,811 - INFO - Maximum open trades reached: 3
2025-08-25 10:46:41,812 - INFO - Maximum open trades reached: 3
2025-08-25 10:46:44,814 - INFO - Maximum open trades reached: 3
2025-08-25 10:46:47,815 - INFO - Maximum open trades reached: 3
2025-08-25 10:46:50,816 - INFO - Maximum open trades reached: 3
2025-08-25 10:46:53,817 - INFO - Maximum open trades reached: 3
2025-08-25 10:46:56,819 - INFO - Maximum open trades reached: 3
2025-08-25 10:46:59,820 - INFO - Maximum open trades reached: 3
2025-08-25 10:47:02,822 - INFO - Maximum open trades reached: 3
2025-08-25 10:47:05,823 - INFO - Maximum open trades reached: 3
2025-08-25 10:47:08,823 - INFO - Maximum open trades reached: 3
2025-08-25 10:47:11,824 - INFO - Maximum open trades reached: 3
2025-08-25 10:47:14,826 - INFO - Maximum open trades reached: 3
2025-08-25 10:47:17,827 - INFO - Maximum open trades reached: 3
2025-08-25 10:47:20,829 - INFO - Maximum open trades reached: 3
2025-08-25 10:47:23,837 - INFO - Maximum open trades reached: 3
2025-08-25 10:47:26,838 - INFO - Maximum open trades reached: 3
2025-08-25 10:47:29,839 - INFO - Maximum open trades reached: 3
2025-08-25 10:47:32,840 - INFO - Maximum open trades reached: 3
2025-08-25 10:47:35,842 - INFO - Maximum open trades reached: 3
2025-08-25 10:47:38,843 - INFO - Maximum open trades reached: 3
2025-08-25 10:47:41,844 - INFO - Maximum open trades reached: 3
2025-08-25 10:47:44,846 - INFO - Maximum open trades reached: 3
2025-08-25 10:47:47,847 - INFO - Maximum open trades reached: 3
2025-08-25 10:47:50,849 - INFO - Maximum open trades reached: 3
2025-08-25 10:47:53,850 - INFO - Maximum open trades reached: 3
2025-08-25 10:47:56,851 - INFO - Maximum open trades reached: 3
2025-08-25 10:47:59,853 - INFO - Maximum open trades reached: 3
2025-08-25 10:48:02,855 - INFO - Maximum open trades reached: 3
2025-08-25 10:48:05,857 - INFO - Maximum open trades reached: 3
2025-08-25 10:48:08,858 - INFO - Maximum open trades reached: 3
2025-08-25 10:48:11,860 - INFO - Maximum open trades reached: 3
2025-08-25 10:48:14,861 - INFO - Maximum open trades reached: 3
2025-08-25 10:48:17,862 - INFO - Maximum open trades reached: 3
2025-08-25 10:48:20,863 - INFO - Maximum open trades reached: 3
2025-08-25 10:48:23,864 - INFO - Maximum open trades reached: 3
2025-08-25 10:48:26,866 - INFO - Maximum open trades reached: 3
2025-08-25 10:48:29,868 - INFO - Maximum open trades reached: 3
2025-08-25 10:48:32,869 - INFO - Maximum open trades reached: 3
2025-08-25 10:48:35,870 - INFO - Maximum open trades reached: 3
2025-08-25 10:48:38,872 - INFO - Maximum open trades reached: 3
2025-08-25 10:48:41,874 - INFO - Maximum open trades reached: 3
2025-08-25 10:48:44,875 - INFO - Maximum open trades reached: 3
2025-08-25 10:48:47,877 - INFO - Maximum open trades reached: 3
2025-08-25 10:48:50,878 - INFO - Maximum open trades reached: 3
2025-08-25 10:48:53,880 - INFO - Maximum open trades reached: 3
2025-08-25 10:48:56,881 - INFO - Maximum open trades reached: 3
2025-08-25 10:48:59,882 - INFO - Maximum open trades reached: 3
2025-08-25 10:49:02,884 - INFO - Maximum open trades reached: 3
2025-08-25 10:49:05,886 - INFO - Maximum open trades reached: 3
2025-08-25 10:49:08,887 - INFO - Maximum open trades reached: 3
2025-08-25 10:49:11,889 - INFO - Maximum open trades reached: 3
2025-08-25 10:49:14,891 - INFO - Maximum open trades reached: 3
2025-08-25 10:49:17,892 - INFO - Maximum open trades reached: 3
2025-08-25 10:49:20,894 - INFO - Maximum open trades reached: 3
2025-08-25 10:49:23,895 - INFO - Maximum open trades reached: 3
2025-08-25 10:49:26,897 - INFO - Maximum open trades reached: 3
2025-08-25 10:49:29,899 - INFO - Maximum open trades reached: 3
2025-08-25 10:49:32,901 - INFO - Maximum open trades reached: 3
2025-08-25 10:49:35,902 - INFO - Maximum open trades reached: 3
2025-08-25 10:49:38,904 - INFO - Maximum open trades reached: 3
2025-08-25 10:49:41,905 - INFO - Maximum open trades reached: 3
2025-08-25 10:49:44,907 - INFO - Maximum open trades reached: 3
2025-08-25 10:49:47,908 - INFO - Maximum open trades reached: 3
2025-08-25 10:49:50,910 - INFO - Maximum open trades reached: 3
2025-08-25 10:49:53,911 - INFO - Maximum open trades reached: 3
2025-08-25 10:49:56,912 - INFO - Maximum open trades reached: 3
2025-08-25 10:49:59,913 - INFO - Maximum open trades reached: 3
2025-08-25 10:50:02,915 - INFO - Maximum open trades reached: 3
2025-08-25 10:50:05,916 - INFO - Maximum open trades reached: 3
2025-08-25 10:50:08,917 - INFO - Maximum open trades reached: 3
2025-08-25 10:50:11,918 - INFO - Maximum open trades reached: 3
2025-08-25 10:50:14,919 - INFO - Maximum open trades reached: 3
2025-08-25 10:50:17,922 - INFO - Maximum open trades reached: 3
2025-08-25 10:50:20,923 - INFO - Maximum open trades reached: 3
2025-08-25 10:50:23,924 - INFO - Maximum open trades reached: 3
2025-08-25 10:50:26,925 - INFO - Maximum open trades reached: 3
2025-08-25 10:50:29,927 - INFO - Maximum open trades reached: 3
2025-08-25 10:50:32,928 - INFO - Maximum open trades reached: 3
2025-08-25 10:50:35,929 - INFO - Maximum open trades reached: 3
2025-08-25 10:50:38,930 - INFO - Maximum open trades reached: 3
2025-08-25 10:50:41,931 - INFO - Maximum open trades reached: 3
2025-08-25 10:50:44,932 - INFO - Maximum open trades reached: 3
2025-08-25 10:50:47,934 - INFO - Maximum open trades reached: 3
2025-08-25 10:50:50,935 - INFO - Maximum open trades reached: 3
2025-08-25 10:50:53,936 - INFO - Maximum open trades reached: 3
2025-08-25 10:50:56,937 - INFO - Maximum open trades reached: 3
2025-08-25 10:50:59,939 - INFO - Maximum open trades reached: 3
2025-08-25 10:51:02,940 - INFO - Maximum open trades reached: 3
2025-08-25 10:51:05,941 - INFO - Maximum open trades reached: 3
2025-08-25 10:51:08,942 - INFO - Maximum open trades reached: 3
2025-08-25 10:51:11,943 - INFO - Maximum open trades reached: 3
2025-08-25 10:51:14,945 - INFO - Maximum open trades reached: 3
2025-08-25 10:51:17,947 - INFO - Maximum open trades reached: 3
2025-08-25 10:51:20,949 - INFO - Maximum open trades reached: 3
2025-08-25 10:51:23,950 - INFO - Maximum open trades reached: 3
2025-08-25 10:51:26,952 - INFO - Maximum open trades reached: 3
2025-08-25 10:51:29,953 - INFO - Maximum open trades reached: 3
2025-08-25 10:51:32,954 - INFO - Maximum open trades reached: 3
2025-08-25 10:51:35,955 - INFO - Maximum open trades reached: 3
2025-08-25 10:51:38,956 - INFO - Maximum open trades reached: 3
2025-08-25 10:51:41,957 - INFO - Maximum open trades reached: 3
2025-08-25 10:51:44,959 - INFO - Maximum open trades reached: 3
2025-08-25 10:51:47,960 - INFO - Maximum open trades reached: 3
2025-08-25 10:51:50,961 - INFO - Maximum open trades reached: 3
2025-08-25 10:51:53,962 - INFO - Maximum open trades reached: 3
2025-08-25 10:51:56,964 - INFO - Maximum open trades reached: 3
2025-08-25 10:51:59,966 - INFO - Maximum open trades reached: 3
2025-08-25 10:52:02,967 - INFO - Maximum open trades reached: 3
2025-08-25 10:52:05,969 - INFO - Maximum open trades reached: 3
2025-08-25 10:52:08,970 - INFO - Maximum open trades reached: 3
2025-08-25 10:52:11,972 - INFO - Maximum open trades reached: 3
2025-08-25 10:52:14,973 - INFO - Maximum open trades reached: 3
2025-08-25 10:52:17,974 - INFO - Maximum open trades reached: 3
2025-08-25 10:52:20,975 - INFO - Maximum open trades reached: 3
2025-08-25 10:52:23,977 - INFO - Maximum open trades reached: 3
2025-08-25 10:52:26,979 - INFO - Maximum open trades reached: 3
2025-08-25 10:52:29,980 - INFO - Maximum open trades reached: 3
2025-08-25 10:52:32,981 - INFO - Maximum open trades reached: 3
2025-08-25 10:52:35,983 - INFO - Maximum open trades reached: 3
2025-08-25 10:52:38,984 - INFO - Maximum open trades reached: 3
2025-08-25 10:52:41,985 - INFO - Maximum open trades reached: 3
2025-08-25 10:52:44,986 - INFO - Maximum open trades reached: 3
2025-08-25 10:52:47,988 - INFO - Maximum open trades reached: 3
2025-08-25 10:52:50,989 - INFO - Maximum open trades reached: 3
2025-08-25 10:52:53,991 - INFO - Maximum open trades reached: 3
2025-08-25 10:52:56,992 - INFO - Maximum open trades reached: 3
2025-08-25 10:52:59,994 - INFO - Maximum open trades reached: 3
2025-08-25 10:53:02,995 - INFO - Maximum open trades reached: 3
2025-08-25 10:53:05,997 - INFO - Maximum open trades reached: 3
2025-08-25 10:53:08,998 - INFO - Maximum open trades reached: 3
2025-08-25 10:53:11,999 - INFO - Maximum open trades reached: 3
2025-08-25 10:53:15,001 - INFO - Maximum open trades reached: 3
2025-08-25 10:53:18,003 - INFO - Maximum open trades reached: 3
2025-08-25 10:53:21,004 - INFO - Maximum open trades reached: 3
2025-08-25 10:53:24,005 - INFO - Maximum open trades reached: 3
2025-08-25 10:53:27,007 - INFO - Maximum open trades reached: 3
2025-08-25 10:53:30,009 - INFO - Maximum open trades reached: 3
2025-08-25 10:53:33,010 - INFO - Maximum open trades reached: 3
2025-08-25 10:53:36,011 - INFO - Maximum open trades reached: 3
2025-08-25 10:53:39,012 - INFO - Maximum open trades reached: 3
2025-08-25 10:53:42,013 - INFO - Maximum open trades reached: 3
2025-08-25 10:53:45,014 - INFO - Maximum open trades reached: 3
2025-08-25 10:53:48,016 - INFO - Maximum open trades reached: 3
2025-08-25 10:53:51,016 - INFO - Maximum open trades reached: 3
2025-08-25 10:53:54,018 - INFO - Maximum open trades reached: 3
2025-08-25 10:53:57,019 - INFO - Maximum open trades reached: 3
2025-08-25 10:54:00,020 - INFO - Maximum open trades reached: 3
2025-08-25 10:54:03,022 - INFO - Maximum open trades reached: 3
2025-08-25 10:54:06,023 - INFO - Maximum open trades reached: 3
2025-08-25 10:54:09,025 - INFO - Maximum open trades reached: 3
2025-08-25 10:54:12,026 - INFO - Maximum open trades reached: 3
2025-08-25 10:54:15,027 - INFO - Maximum open trades reached: 3
2025-08-25 10:54:18,028 - INFO - Maximum open trades reached: 3
2025-08-25 10:54:21,030 - INFO - Maximum open trades reached: 3
2025-08-25 10:54:24,031 - INFO - Maximum open trades reached: 3
2025-08-25 10:54:27,032 - INFO - Maximum open trades reached: 3
2025-08-25 10:54:30,033 - INFO - Maximum open trades reached: 3
2025-08-25 10:54:33,034 - INFO - Maximum open trades reached: 3
2025-08-25 10:54:36,035 - INFO - Maximum open trades reached: 3
2025-08-25 10:54:39,036 - INFO - Maximum open trades reached: 3
2025-08-25 10:54:42,037 - INFO - Maximum open trades reached: 3
2025-08-25 10:54:45,038 - INFO - Maximum open trades reached: 3
2025-08-25 10:54:48,039 - INFO - Maximum open trades reached: 3
2025-08-25 10:54:51,040 - INFO - Maximum open trades reached: 3
2025-08-25 10:54:54,040 - INFO - Maximum open trades reached: 3
2025-08-25 10:54:57,041 - INFO - Maximum open trades reached: 3
2025-08-25 10:55:00,042 - INFO - Maximum open trades reached: 3
2025-08-25 10:55:03,043 - INFO - Maximum open trades reached: 3
2025-08-25 10:55:06,044 - INFO - Maximum open trades reached: 3
2025-08-25 10:55:09,045 - INFO - Maximum open trades reached: 3
2025-08-25 10:55:13,286 - INFO - GBPJPY.s: Resistance 198.95700 broken - now support
2025-08-25 10:55:13,286 - INFO - GBPJPY.s: Resistance 198.96200 broken - now support
2025-08-25 10:55:13,287 - INFO - GBPJPY.s: Resistance 198.96500 broken - now support
2025-08-25 10:55:13,287 - INFO - GBPJPY.s: Resistance 198.97000 broken - now support
2025-08-25 10:55:13,287 - INFO - GBPJPY.s: Resistance 198.99300 broken - now support
2025-08-25 10:55:13,289 - INFO - GBPJPY.s: Price: 198.99600, Trend: BULLISH, Support: 10, Resistance: 12, Broken S: 13, Broken R: 7
2025-08-25 10:55:13,578 - INFO - EURUSD.s: Support 1.17141 broken - now resistance
2025-08-25 10:55:13,580 - INFO - EURUSD.s: Price: 1.16982, Trend: BEARISH, Support: 2, Resistance: 2, Broken S: 1, Broken R: 1
2025-08-25 10:55:15,007 - INFO - USDJPY.s: Resistance 147.29000 broken - now support
2025-08-25 10:55:15,008 - INFO - USDJPY.s: Resistance 147.34500 broken - now support
2025-08-25 10:55:15,010 - INFO - USDJPY.s: Price: 147.34700, Trend: BULLISH, Support: 12, Resistance: 9, Broken S: 11, Broken R: 7
2025-08-25 10:55:15,169 - INFO - GBPUSD.s: Price: 1.35051, Trend: BEARISH, Support: 2, Resistance: 1, Broken S: 1, Broken R: 0
2025-08-25 10:55:19,514 - INFO - GBPJPY.s: Price: 198.98800, Trend: BULLISH, Support: 10, Resistance: 12, Broken S: 13, Broken R: 7
2025-08-25 10:55:19,668 - INFO - EURUSD.s: Price: 1.16945, Trend: BEARISH, Support: 2, Resistance: 2, Broken S: 1, Broken R: 1
2025-08-25 10:55:21,280 - INFO - USDJPY.s: Resistance 147.35400 broken - now support
2025-08-25 10:55:21,281 - INFO - USDJPY.s: Resistance 147.35900 broken - now support
2025-08-25 10:55:21,282 - INFO - USDJPY.s: Price: 147.36200, Trend: BULLISH, Support: 12, Resistance: 9, Broken S: 11, Broken R: 9
2025-08-25 10:55:21,498 - INFO - GBPUSD.s: Price: 1.35026, Trend: BEARISH, Support: 2, Resistance: 1, Broken S: 1, Broken R: 0
2025-08-25 10:55:25,759 - INFO - GBPJPY.s: Price: 198.98800, Trend: BULLISH, Support: 10, Resistance: 12, Broken S: 13, Broken R: 7
2025-08-25 10:55:25,989 - INFO - EURUSD.s: Price: 1.16962, Trend: BEARISH, Support: 2, Resistance: 2, Broken S: 1, Broken R: 1
2025-08-25 10:55:27,539 - INFO - USDJPY.s: Price: 147.36100, Trend: BULLISH, Support: 12, Resistance: 9, Broken S: 11, Broken R: 9
2025-08-25 10:55:27,814 - INFO - GBPUSD.s: Price: 1.35039, Trend: BEARISH, Support: 2, Resistance: 1, Broken S: 1, Broken R: 0
2025-08-25 10:55:32,862 - INFO - GBPJPY.s: Price: 198.98900, Trend: BULLISH, Support: 10, Resistance: 12, Broken S: 13, Broken R: 7
2025-08-25 10:55:33,033 - INFO - EURUSD.s: Price: 1.16963, Trend: BEARISH, Support: 2, Resistance: 2, Broken S: 1, Broken R: 1
2025-08-25 10:55:34,728 - INFO - USDJPY.s: Price: 147.36200, Trend: BULLISH, Support: 12, Resistance: 9, Broken S: 11, Broken R: 9
2025-08-25 10:55:34,850 - INFO - GBPUSD.s: Price: 1.35034, Trend: BEARISH, Support: 2, Resistance: 1, Broken S: 1, Broken R: 0
2025-08-25 10:55:39,246 - INFO - GBPJPY.s: Price: 198.99000, Trend: BULLISH, Support: 10, Resistance: 12, Broken S: 13, Broken R: 7
2025-08-25 10:55:39,330 - INFO - EURUSD.s: Price: 1.16963, Trend: BEARISH, Support: 2, Resistance: 2, Broken S: 1, Broken R: 1
2025-08-25 10:55:40,139 - INFO - USDJPY.s: Price: 147.36200, Trend: BULLISH, Support: 12, Resistance: 9, Broken S: 11, Broken R: 9
2025-08-25 10:55:40,203 - INFO - GBPUSD.s: Price: 1.35034, Trend: BEARISH, Support: 2, Resistance: 1, Broken S: 1, Broken R: 0
2025-08-25 10:55:43,897 - INFO - GBPJPY.s: Price: 198.99100, Trend: BULLISH, Support: 10, Resistance: 12, Broken S: 13, Broken R: 7
2025-08-25 10:55:43,974 - INFO - EURUSD.s: Price: 1.16971, Trend: BEARISH, Support: 2, Resistance: 2, Broken S: 1, Broken R: 1
2025-08-25 10:55:44,667 - INFO - USDJPY.s: Price: 147.36200, Trend: BULLISH, Support: 12, Resistance: 9, Broken S: 11, Broken R: 9
2025-08-25 10:55:44,725 - INFO - GBPUSD.s: Price: 1.35035, Trend: BEARISH, Support: 2, Resistance: 1, Broken S: 1, Broken R: 0
2025-08-25 10:55:48,805 - INFO - GBPJPY.s: Price: 198.98000, Trend: BULLISH, Support: 10, Resistance: 12, Broken S: 13, Broken R: 7
2025-08-25 10:55:48,931 - INFO - EURUSD.s: Price: 1.16971, Trend: BEARISH, Support: 2, Resistance: 2, Broken S: 1, Broken R: 1
2025-08-25 10:55:50,179 - INFO - USDJPY.s: Price: 147.35300, Trend: BULLISH, Support: 12, Resistance: 9, Broken S: 11, Broken R: 9
2025-08-25 10:55:50,264 - INFO - GBPUSD.s: Price: 1.35033, Trend: BEARISH, Support: 2, Resistance: 1, Broken S: 1, Broken R: 0
2025-08-25 10:55:54,123 - INFO - GBPJPY.s: Price: 198.98000, Trend: BULLISH, Support: 10, Resistance: 12, Broken S: 13, Broken R: 7
2025-08-25 10:55:54,345 - INFO - EURUSD.s: Price: 1.16967, Trend: BEARISH, Support: 2, Resistance: 2, Broken S: 1, Broken R: 1
2025-08-25 10:55:55,299 - INFO - USDJPY.s: Price: 147.35200, Trend: BULLISH, Support: 12, Resistance: 9, Broken S: 11, Broken R: 9
2025-08-25 10:55:55,367 - INFO - GBPUSD.s: Price: 1.35035, Trend: BEARISH, Support: 2, Resistance: 1, Broken S: 1, Broken R: 0
2025-08-25 10:56:00,475 - INFO - GBPJPY.s: Price: 198.97600, Trend: BULLISH, Support: 10, Resistance: 12, Broken S: 13, Broken R: 7
2025-08-25 10:56:00,651 - INFO - EURUSD.s: Price: 1.16974, Trend: BEARISH, Support: 2, Resistance: 2, Broken S: 1, Broken R: 1
2025-08-25 10:56:01,730 - INFO - USDJPY.s: Price: 147.34700, Trend: BULLISH, Support: 13, Resistance: 9, Broken S: 11, Broken R: 9
2025-08-25 10:56:01,813 - INFO - GBPUSD.s: Price: 1.35041, Trend: BEARISH, Support: 2, Resistance: 1, Broken S: 1, Broken R: 0
2025-08-25 10:56:06,436 - INFO - GBPJPY.s: Price: 198.98000, Trend: BULLISH, Support: 10, Resistance: 12, Broken S: 13, Broken R: 7
2025-08-25 10:56:06,625 - INFO - EURUSD.s: Price: 1.16983, Trend: BEARISH, Support: 2, Resistance: 2, Broken S: 1, Broken R: 1
2025-08-25 10:56:08,063 - INFO - USDJPY.s: Price: 147.33400, Trend: BULLISH, Support: 13, Resistance: 9, Broken S: 11, Broken R: 9
2025-08-25 10:56:08,178 - INFO - GBPUSD.s: Price: 1.35049, Trend: BEARISH, Support: 2, Resistance: 1, Broken S: 1, Broken R: 0
2025-08-25 10:56:12,699 - INFO - GBPJPY.s: Price: 198.98200, Trend: BULLISH, Support: 10, Resistance: 12, Broken S: 13, Broken R: 7
2025-08-25 10:56:12,858 - INFO - EURUSD.s: Price: 1.16979, Trend: BEARISH, Support: 2, Resistance: 2, Broken S: 1, Broken R: 1
2025-08-25 10:56:13,932 - INFO - USDJPY.s: Price: 147.34200, Trend: BULLISH, Support: 13, Resistance: 9, Broken S: 11, Broken R: 9
2025-08-25 10:56:14,060 - INFO - GBPUSD.s: Price: 1.35045, Trend: BEARISH, Support: 2, Resistance: 1, Broken S: 1, Broken R: 0
2025-08-25 10:56:18,314 - INFO - GBPJPY.s: Price: 198.98500, Trend: BULLISH, Support: 10, Resistance: 12, Broken S: 13, Broken R: 7
2025-08-25 10:56:18,449 - INFO - EURUSD.s: Price: 1.16981, Trend: BEARISH, Support: 2, Resistance: 2, Broken S: 1, Broken R: 1
2025-08-25 10:56:19,777 - INFO - USDJPY.s: Price: 147.34100, Trend: BULLISH, Support: 13, Resistance: 9, Broken S: 11, Broken R: 9
2025-08-25 10:56:19,859 - INFO - GBPUSD.s: Price: 1.35050, Trend: BEARISH, Support: 2, Resistance: 1, Broken S: 1, Broken R: 0
2025-08-25 10:56:23,876 - INFO - GBPJPY.s: Price: 198.98600, Trend: BULLISH, Support: 10, Resistance: 12, Broken S: 13, Broken R: 7
2025-08-25 10:56:24,049 - INFO - EURUSD.s: Price: 1.16989, Trend: BEARISH, Support: 2, Resistance: 2, Broken S: 1, Broken R: 1
2025-08-25 10:56:25,988 - INFO - USDJPY.s: Price: 147.34200, Trend: BULLISH, Support: 13, Resistance: 9, Broken S: 11, Broken R: 9
2025-08-25 10:56:26,135 - INFO - GBPUSD.s: Price: 1.35047, Trend: BEARISH, Support: 2, Resistance: 1, Broken S: 1, Broken R: 0
2025-08-25 10:56:31,974 - INFO - GBPJPY.s: Price: 198.98500, Trend: BULLISH, Support: 10, Resistance: 13, Broken S: 13, Broken R: 7
2025-08-25 10:56:32,125 - INFO - EURUSD.s: Price: 1.16989, Trend: BEARISH, Support: 2, Resistance: 2, Broken S: 1, Broken R: 1
2025-08-25 10:56:33,230 - INFO - USDJPY.s: Price: 147.34400, Trend: BULLISH, Support: 13, Resistance: 9, Broken S: 11, Broken R: 9
2025-08-25 10:56:33,323 - INFO - GBPUSD.s: Price: 1.35046, Trend: BEARISH, Support: 2, Resistance: 1, Broken S: 1, Broken R: 0
2025-08-25 10:56:37,258 - INFO - GBPJPY.s: Price: 198.99500, Trend: BULLISH, Support: 10, Resistance: 13, Broken S: 13, Broken R: 7
2025-08-25 10:56:37,361 - INFO - EURUSD.s: Price: 1.16992, Trend: BEARISH, Support: 2, Resistance: 2, Broken S: 1, Broken R: 1
2025-08-25 10:56:38,661 - INFO - USDJPY.s: Price: 147.34600, Trend: BULLISH, Support: 13, Resistance: 9, Broken S: 11, Broken R: 9
2025-08-25 10:56:38,718 - INFO - GBPUSD.s: Price: 1.35050, Trend: BEARISH, Support: 2, Resistance: 1, Broken S: 1, Broken R: 0
2025-08-25 10:56:42,653 - INFO - GBPJPY.s: Price: 198.98900, Trend: BULLISH, Support: 10, Resistance: 13, Broken S: 13, Broken R: 7
2025-08-25 10:56:42,771 - INFO - EURUSD.s: Price: 1.16992, Trend: BEARISH, Support: 2, Resistance: 2, Broken S: 1, Broken R: 1
2025-08-25 10:56:43,606 - INFO - USDJPY.s: Price: 147.34600, Trend: BULLISH, Support: 13, Resistance: 9, Broken S: 11, Broken R: 9
2025-08-25 10:56:43,670 - INFO - GBPUSD.s: Price: 1.35050, Trend: BEARISH, Support: 2, Resistance: 1, Broken S: 1, Broken R: 0
2025-08-25 10:56:47,332 - ERROR - Error processing GBPJPY.s: 'NoneType' object has no attribute 'retcode'
2025-08-25 10:56:47,406 - INFO - EURUSD.s: Price: 1.16993, Trend: BEARISH, Support: 2, Resistance: 2, Broken S: 1, Broken R: 1
2025-08-25 10:56:48,107 - INFO - USDJPY.s: Price: 147.34600, Trend: BULLISH, Support: 13, Resistance: 9, Broken S: 11, Broken R: 9
2025-08-25 10:56:48,164 - INFO - GBPUSD.s: Price: 1.35050, Trend: BEARISH, Support: 2, Resistance: 1, Broken S: 1, Broken R: 0
2025-08-25 10:56:51,923 - ERROR - Error processing GBPJPY.s: 'NoneType' object has no attribute 'retcode'
2025-08-25 10:56:52,011 - INFO - EURUSD.s: Price: 1.16987, Trend: BEARISH, Support: 2, Resistance: 2, Broken S: 1, Broken R: 1
2025-08-25 10:56:52,704 - INFO - USDJPY.s: Price: 147.34700, Trend: BULLISH, Support: 13, Resistance: 9, Broken S: 11, Broken R: 9
2025-08-25 10:56:52,774 - INFO - GBPUSD.s: Price: 1.35050, Trend: BEARISH, Support: 2, Resistance: 1, Broken S: 1, Broken R: 0
2025-08-25 10:56:56,456 - INFO - GBPJPY.s: Price: 198.99700, Trend: BULLISH, Support: 10, Resistance: 12, Broken S: 13, Broken R: 7
2025-08-25 10:56:56,526 - INFO - EURUSD.s: Price: 1.16993, Trend: BEARISH, Support: 2, Resistance: 2, Broken S: 1, Broken R: 1
2025-08-25 10:56:57,286 - INFO - USDJPY.s: Price: 147.34600, Trend: BULLISH, Support: 13, Resistance: 9, Broken S: 11, Broken R: 9
2025-08-25 10:56:57,354 - INFO - GBPUSD.s: Price: 1.35048, Trend: BEARISH, Support: 2, Resistance: 1, Broken S: 1, Broken R: 0
2025-08-25 10:57:00,995 - INFO - GBPJPY.s: Price: 198.99300, Trend: BULLISH, Support: 10, Resistance: 11, Broken S: 13, Broken R: 7
2025-08-25 10:57:01,062 - INFO - EURUSD.s: Price: 1.16989, Trend: BEARISH, Support: 2, Resistance: 2, Broken S: 1, Broken R: 1
2025-08-25 10:57:01,709 - INFO - USDJPY.s: Price: 147.34500, Trend: BULLISH, Support: 13, Resistance: 9, Broken S: 11, Broken R: 9
2025-08-25 10:57:01,766 - INFO - GBPUSD.s: Price: 1.35049, Trend: BEARISH, Support: 2, Resistance: 1, Broken S: 1, Broken R: 0
2025-08-25 10:57:06,411 - INFO - GBPJPY.s: Price: 198.99300, Trend: BULLISH, Support: 10, Resistance: 11, Broken S: 13, Broken R: 7
2025-08-25 10:57:06,570 - INFO - EURUSD.s: Price: 1.16987, Trend: BEARISH, Support: 2, Resistance: 2, Broken S: 1, Broken R: 1
2025-08-25 10:57:07,918 - INFO - USDJPY.s: Price: 147.34600, Trend: BULLISH, Support: 13, Resistance: 9, Broken S: 11, Broken R: 9
2025-08-25 10:57:08,094 - INFO - GBPUSD.s: Price: 1.35048, Trend: BEARISH, Support: 2, Resistance: 1, Broken S: 1, Broken R: 0
2025-08-25 10:57:12,726 - INFO - GBPJPY.s: Price: 198.99300, Trend: BULLISH, Support: 10, Resistance: 11, Broken S: 13, Broken R: 7
2025-08-25 10:57:12,975 - INFO - EURUSD.s: Price: 1.16987, Trend: BEARISH, Support: 2, Resistance: 2, Broken S: 1, Broken R: 1
2025-08-25 10:57:14,339 - INFO - USDJPY.s: Price: 147.34700, Trend: BULLISH, Support: 13, Resistance: 9, Broken S: 11, Broken R: 9
2025-08-25 10:57:14,499 - INFO - GBPUSD.s: Price: 1.35049, Trend: BEARISH, Support: 2, Resistance: 1, Broken S: 1, Broken R: 0
2025-08-25 10:57:19,528 - INFO - GBPJPY.s: Price: 198.99100, Trend: BULLISH, Support: 11, Resistance: 11, Broken S: 13, Broken R: 7
2025-08-25 10:57:19,682 - INFO - EURUSD.s: Price: 1.16988, Trend: BEARISH, Support: 2, Resistance: 2, Broken S: 1, Broken R: 1
2025-08-25 10:57:21,136 - INFO - USDJPY.s: Price: 147.34400, Trend: BULLISH, Support: 13, Resistance: 9, Broken S: 11, Broken R: 9
2025-08-25 10:57:21,277 - INFO - GBPUSD.s: Price: 1.35045, Trend: BEARISH, Support: 2, Resistance: 1, Broken S: 1, Broken R: 0
2025-08-25 10:57:25,506 - INFO - GBPJPY.s: Price: 198.98000, Trend: BULLISH, Support: 10, Resistance: 11, Broken S: 13, Broken R: 7
2025-08-25 10:57:25,610 - INFO - EURUSD.s: Price: 1.16988, Trend: BEARISH, Support: 2, Resistance: 2, Broken S: 1, Broken R: 1
2025-08-25 10:57:26,581 - INFO - USDJPY.s: Price: 147.34000, Trend: BULLISH, Support: 13, Resistance: 9, Broken S: 11, Broken R: 9
2025-08-25 10:57:26,737 - INFO - GBPUSD.s: Price: 1.35044, Trend: BEARISH, Support: 2, Resistance: 1, Broken S: 1, Broken R: 0
2025-08-25 10:57:30,986 - INFO - GBPJPY.s: Price: 198.97300, Trend: BULLISH, Support: 11, Resistance: 11, Broken S: 13, Broken R: 7
2025-08-25 10:57:31,080 - INFO - EURUSD.s: Price: 1.16979, Trend: BEARISH, Support: 2, Resistance: 2, Broken S: 1, Broken R: 1
2025-08-25 10:57:32,167 - INFO - USDJPY.s: Price: 147.34900, Trend: BULLISH, Support: 13, Resistance: 9, Broken S: 11, Broken R: 9
2025-08-25 10:57:32,424 - INFO - GBPUSD.s: Price: 1.35031, Trend: BEARISH, Support: 2, Resistance: 1, Broken S: 1, Broken R: 0
2025-08-25 10:57:36,878 - INFO - GBPJPY.s: Price: 198.96400, Trend: BULLISH, Support: 10, Resistance: 11, Broken S: 13, Broken R: 7
2025-08-25 10:57:36,987 - INFO - EURUSD.s: Price: 1.16979, Trend: BEARISH, Support: 2, Resistance: 2, Broken S: 1, Broken R: 1
2025-08-25 10:57:38,278 - INFO - USDJPY.s: Price: 147.34200, Trend: BULLISH, Support: 13, Resistance: 9, Broken S: 11, Broken R: 9
2025-08-25 10:57:38,465 - INFO - GBPUSD.s: Price: 1.35031, Trend: BEARISH, Support: 2, Resistance: 1, Broken S: 1, Broken R: 0
2025-08-25 10:57:42,862 - INFO - GBPJPY.s: Price: 198.95600, Trend: BEARISH, Support: 11, Resistance: 11, Broken S: 13, Broken R: 7
2025-08-25 10:57:42,969 - INFO - EURUSD.s: Price: 1.16984, Trend: BEARISH, Support: 2, Resistance: 2, Broken S: 1, Broken R: 1
2025-08-25 10:57:43,892 - INFO - USDJPY.s: Price: 147.33500, Trend: BULLISH, Support: 13, Resistance: 9, Broken S: 11, Broken R: 9
2025-08-25 10:57:44,027 - INFO - GBPUSD.s: Price: 1.35035, Trend: BEARISH, Support: 2, Resistance: 1, Broken S: 1, Broken R: 0
2025-08-25 10:57:47,691 - INFO - GBPJPY.s: Price: 198.94900, Trend: BEARISH, Support: 10, Resistance: 11, Broken S: 13, Broken R: 7
2025-08-25 10:57:47,765 - INFO - EURUSD.s: Price: 1.16983, Trend: BEARISH, Support: 2, Resistance: 2, Broken S: 1, Broken R: 1
2025-08-25 10:57:48,506 - INFO - USDJPY.s: Price: 147.33000, Trend: BULLISH, Support: 13, Resistance: 9, Broken S: 11, Broken R: 9
2025-08-25 10:57:48,620 - INFO - GBPUSD.s: Price: 1.35031, Trend: BEARISH, Support: 2, Resistance: 1, Broken S: 1, Broken R: 0
2025-08-25 10:57:53,009 - INFO - GBPJPY.s: Price: 198.95500, Trend: BEARISH, Support: 11, Resistance: 11, Broken S: 13, Broken R: 7
2025-08-25 10:57:53,214 - INFO - EURUSD.s: Price: 1.16970, Trend: BEARISH, Support: 2, Resistance: 2, Broken S: 1, Broken R: 1
2025-08-25 10:57:54,250 - INFO - USDJPY.s: Price: 147.33500, Trend: BULLISH, Support: 13, Resistance: 9, Broken S: 11, Broken R: 9
2025-08-25 10:57:54,424 - INFO - GBPUSD.s: Price: 1.35031, Trend: BEARISH, Support: 2, Resistance: 1, Broken S: 1, Broken R: 0
2025-08-25 10:57:58,600 - INFO - GBPJPY.s: Price: 198.94000, Trend: BEARISH, Support: 10, Resistance: 11, Broken S: 13, Broken R: 7
2025-08-25 10:57:58,834 - INFO - EURUSD.s: Price: 1.16980, Trend: BEARISH, Support: 2, Resistance: 2, Broken S: 1, Broken R: 1
2025-08-25 10:58:00,900 - INFO - USDJPY.s: Price: 147.32700, Trend: BULLISH, Support: 13, Resistance: 9, Broken S: 11, Broken R: 9
2025-08-25 10:58:01,101 - ERROR - Error processing GBPUSD.s: 'NoneType' object has no attribute 'retcode'
2025-08-25 10:58:05,996 - INFO - GBPJPY.s: Price: 198.93900, Trend: BEARISH, Support: 10, Resistance: 12, Broken S: 13, Broken R: 7
2025-08-25 10:58:06,109 - INFO - EURUSD.s: Price: 1.16977, Trend: BEARISH, Support: 2, Resistance: 2, Broken S: 1, Broken R: 1
2025-08-25 10:58:07,564 - INFO - USDJPY.s: Price: 147.32700, Trend: BULLISH, Support: 13, Resistance: 9, Broken S: 11, Broken R: 9
2025-08-25 10:58:07,749 - ERROR - Error processing GBPUSD.s: 'NoneType' object has no attribute 'retcode'
2025-08-25 10:58:12,259 - INFO - GBPJPY.s: Price: 198.94000, Trend: BEARISH, Support: 10, Resistance: 12, Broken S: 13, Broken R: 7
2025-08-25 10:58:12,603 - INFO - EURUSD.s: Price: 1.16976, Trend: BEARISH, Support: 2, Resistance: 2, Broken S: 1, Broken R: 1
2025-08-25 10:58:14,318 - INFO - USDJPY.s: Price: 147.32200, Trend: BULLISH, Support: 13, Resistance: 9, Broken S: 11, Broken R: 9
2025-08-25 10:58:14,451 - ERROR - Error processing GBPUSD.s: 'NoneType' object has no attribute 'retcode'
2025-08-25 10:58:18,497 - INFO - GBPJPY.s: Price: 198.92600, Trend: BEARISH, Support: 10, Resistance: 12, Broken S: 13, Broken R: 7
2025-08-25 10:58:18,743 - INFO - EURUSD.s: Price: 1.16978, Trend: BEARISH, Support: 2, Resistance: 2, Broken S: 1, Broken R: 1
2025-08-25 10:58:20,369 - INFO - USDJPY.s: Price: 147.31800, Trend: BULLISH, Support: 13, Resistance: 9, Broken S: 11, Broken R: 9
2025-08-25 10:58:20,483 - ERROR - Error processing GBPUSD.s: 'NoneType' object has no attribute 'retcode'
2025-08-25 10:58:25,585 - INFO - GBPJPY.s: Price: 198.92800, Trend: BEARISH, Support: 10, Resistance: 12, Broken S: 13, Broken R: 7
2025-08-25 10:58:25,787 - INFO - EURUSD.s: Price: 1.16990, Trend: BEARISH, Support: 2, Resistance: 2, Broken S: 1, Broken R: 1
2025-08-25 10:58:27,023 - INFO - USDJPY.s: Price: 147.31200, Trend: BULLISH, Support: 13, Resistance: 9, Broken S: 11, Broken R: 9
2025-08-25 10:58:27,222 - ERROR - Error processing GBPUSD.s: 'NoneType' object has no attribute 'retcode'
2025-08-25 10:58:31,242 - INFO - GBPJPY.s: Price: 198.92900, Trend: BEARISH, Support: 10, Resistance: 12, Broken S: 13, Broken R: 7
2025-08-25 10:58:31,347 - INFO - EURUSD.s: Price: 1.16994, Trend: BEARISH, Support: 2, Resistance: 2, Broken S: 1, Broken R: 1
2025-08-25 10:58:32,336 - INFO - USDJPY.s: Price: 147.30900, Trend: BULLISH, Support: 13, Resistance: 9, Broken S: 11, Broken R: 9
2025-08-25 10:58:32,447 - ERROR - Error processing GBPUSD.s: 'NoneType' object has no attribute 'retcode'
2025-08-25 10:58:36,044 - INFO - GBPJPY.s: Price: 198.93300, Trend: BEARISH, Support: 10, Resistance: 12, Broken S: 13, Broken R: 7
2025-08-25 10:58:36,140 - INFO - EURUSD.s: Price: 1.16989, Trend: BEARISH, Support: 2, Resistance: 2, Broken S: 1, Broken R: 1
2025-08-25 10:58:36,836 - INFO - USDJPY.s: Price: 147.31000, Trend: BULLISH, Support: 13, Resistance: 9, Broken S: 11, Broken R: 9
2025-08-25 10:58:36,915 - ERROR - Error processing GBPUSD.s: 'NoneType' object has no attribute 'retcode'
2025-08-25 10:58:40,601 - INFO - GBPJPY.s: Price: 198.93800, Trend: BEARISH, Support: 10, Resistance: 12, Broken S: 13, Broken R: 7
2025-08-25 10:58:40,690 - INFO - EURUSD.s: Price: 1.16985, Trend: BEARISH, Support: 2, Resistance: 2, Broken S: 1, Broken R: 1
2025-08-25 10:58:41,387 - INFO - USDJPY.s: Price: 147.31700, Trend: BULLISH, Support: 13, Resistance: 9, Broken S: 11, Broken R: 9
2025-08-25 10:58:41,484 - ERROR - Error processing GBPUSD.s: 'NoneType' object has no attribute 'retcode'
2025-08-25 10:58:45,086 - INFO - GBPJPY.s: Price: 198.93000, Trend: BEARISH, Support: 10, Resistance: 12, Broken S: 13, Broken R: 7
2025-08-25 10:58:45,176 - INFO - EURUSD.s: Price: 1.16985, Trend: BEARISH, Support: 2, Resistance: 2, Broken S: 1, Broken R: 1
2025-08-25 10:58:45,920 - INFO - USDJPY.s: Price: 147.30900, Trend: BULLISH, Support: 13, Resistance: 9, Broken S: 11, Broken R: 9
2025-08-25 10:58:46,009 - ERROR - Error processing GBPUSD.s: 'NoneType' object has no attribute 'retcode'
2025-08-25 10:58:49,613 - INFO - GBPJPY.s: Price: 198.93600, Trend: BEARISH, Support: 10, Resistance: 12, Broken S: 13, Broken R: 7
2025-08-25 10:58:49,696 - INFO - EURUSD.s: Price: 1.16990, Trend: BEARISH, Support: 2, Resistance: 2, Broken S: 1, Broken R: 1
2025-08-25 10:58:50,446 - INFO - USDJPY.s: Price: 147.30800, Trend: BULLISH, Support: 13, Resistance: 9, Broken S: 11, Broken R: 9
2025-08-25 10:58:50,535 - ERROR - Error processing GBPUSD.s: 'NoneType' object has no attribute 'retcode'
2025-08-25 10:58:54,121 - INFO - GBPJPY.s: Price: 198.92800, Trend: BEARISH, Support: 10, Resistance: 12, Broken S: 13, Broken R: 7
2025-08-25 10:58:54,220 - INFO - EURUSD.s: Price: 1.16975, Trend: BEARISH, Support: 2, Resistance: 2, Broken S: 1, Broken R: 1
2025-08-25 10:58:54,948 - INFO - USDJPY.s: Price: 147.31000, Trend: BULLISH, Support: 13, Resistance: 9, Broken S: 11, Broken R: 9
2025-08-25 10:58:55,047 - ERROR - Error processing GBPUSD.s: 'NoneType' object has no attribute 'retcode'
2025-08-25 10:58:58,712 - INFO - GBPJPY.s: Price: 198.92800, Trend: BEARISH, Support: 10, Resistance: 12, Broken S: 13, Broken R: 7
2025-08-25 10:58:58,799 - INFO - EURUSD.s: Price: 1.16980, Trend: BEARISH, Support: 2, Resistance: 2, Broken S: 1, Broken R: 1
2025-08-25 10:58:59,553 - INFO - USDJPY.s: Price: 147.30900, Trend: BULLISH, Support: 13, Resistance: 9, Broken S: 11, Broken R: 9
2025-08-25 10:58:59,647 - ERROR - Error processing GBPUSD.s: 'NoneType' object has no attribute 'retcode'
2025-08-25 10:59:03,328 - INFO - GBPJPY.s: Price: 198.93000, Trend: BEARISH, Support: 10, Resistance: 12, Broken S: 13, Broken R: 7
2025-08-25 10:59:03,415 - INFO - EURUSD.s: Price: 1.16978, Trend: BEARISH, Support: 2, Resistance: 2, Broken S: 1, Broken R: 1
2025-08-25 10:59:04,105 - INFO - USDJPY.s: Price: 147.31000, Trend: BULLISH, Support: 13, Resistance: 9, Broken S: 11, Broken R: 9
2025-08-25 10:59:04,183 - ERROR - Error processing GBPUSD.s: 'NoneType' object has no attribute 'retcode'
2025-08-25 10:59:07,986 - INFO - GBPJPY.s: Price: 198.94100, Trend: BEARISH, Support: 10, Resistance: 12, Broken S: 13, Broken R: 7
2025-08-25 10:59:08,104 - INFO - EURUSD.s: Price: 1.16966, Trend: BEARISH, Support: 2, Resistance: 2, Broken S: 1, Broken R: 1
2025-08-25 10:59:08,858 - INFO - USDJPY.s: Price: 147.33000, Trend: BULLISH, Support: 13, Resistance: 9, Broken S: 11, Broken R: 9
2025-08-25 10:59:08,943 - ERROR - Error processing GBPUSD.s: 'NoneType' object has no attribute 'retcode'
2025-08-25 10:59:12,654 - INFO - GBPJPY.s: Price: 198.93900, Trend: BEARISH, Support: 10, Resistance: 12, Broken S: 13, Broken R: 7
2025-08-25 10:59:12,750 - INFO - EURUSD.s: Price: 1.16973, Trend: BEARISH, Support: 2, Resistance: 2, Broken S: 1, Broken R: 1
2025-08-25 10:59:13,473 - INFO - USDJPY.s: Price: 147.32300, Trend: BULLISH, Support: 13, Resistance: 9, Broken S: 11, Broken R: 9
2025-08-25 10:59:13,550 - ERROR - Error processing GBPUSD.s: 'NoneType' object has no attribute 'retcode'
2025-08-25 10:59:17,195 - ERROR - Error processing GBPJPY.s: 'NoneType' object has no attribute 'retcode'
2025-08-25 10:59:17,279 - INFO - EURUSD.s: Price: 1.16977, Trend: BEARISH, Support: 2, Resistance: 2, Broken S: 1, Broken R: 1
2025-08-25 10:59:17,988 - INFO - USDJPY.s: Price: 147.32500, Trend: BULLISH, Support: 13, Resistance: 9, Broken S: 11, Broken R: 9
2025-08-25 10:59:18,332 - INFO - BUY order placed: ['HAMMER', 'TWEEZERS_BOTTOM'], Strength: 6, SL: 1.34934, TP: 1.35302
2025-08-25 10:59:18,332 - INFO - BUY signal for GBPUSD.s: ['HAMMER', 'TWEEZERS_BOTTOM'], Strength: 6
2025-08-25 10:59:18,333 - INFO - GBPUSD.s: Price: 1.35039, Trend: BEARISH, Support: 3, Resistance: 1, Broken S: 1, Broken R: 0
2025-08-25 10:59:22,071 - INFO - GBPJPY.s: Price: 198.94900, Trend: BEARISH, Support: 10, Resistance: 12, Broken S: 13, Broken R: 7
2025-08-25 10:59:22,163 - INFO - EURUSD.s: Price: 1.16976, Trend: BEARISH, Support: 2, Resistance: 2, Broken S: 1, Broken R: 1
2025-08-25 10:59:22,849 - INFO - USDJPY.s: Price: 147.32500, Trend: BULLISH, Support: 13, Resistance: 9, Broken S: 11, Broken R: 9
2025-08-25 10:59:23,209 - INFO - BUY order placed: ['HAMMER', 'TWEEZERS_BOTTOM'], Strength: 6, SL: 1.34944, TP: 1.35277
2025-08-25 10:59:23,209 - INFO - BUY signal for GBPUSD.s: ['HAMMER', 'TWEEZERS_BOTTOM'], Strength: 6
2025-08-25 10:59:23,209 - INFO - GBPUSD.s: Price: 1.35039, Trend: BEARISH, Support: 3, Resistance: 1, Broken S: 1, Broken R: 0
2025-08-25 10:59:26,210 - INFO - Maximum open trades reached: 3
2025-08-25 10:59:29,211 - INFO - Maximum open trades reached: 3
2025-08-25 10:59:32,212 - INFO - Maximum open trades reached: 3
2025-08-25 10:59:35,213 - INFO - Maximum open trades reached: 3
2025-08-25 10:59:38,214 - INFO - Maximum open trades reached: 3
2025-08-25 10:59:41,215 - INFO - Maximum open trades reached: 3
2025-08-25 10:59:44,216 - INFO - Maximum open trades reached: 3
2025-08-25 10:59:47,217 - INFO - Maximum open trades reached: 3
2025-08-25 10:59:50,218 - INFO - Maximum open trades reached: 3
2025-08-25 10:59:53,219 - INFO - Maximum open trades reached: 3
2025-08-25 10:59:56,220 - INFO - Maximum open trades reached: 3
2025-08-25 10:59:59,221 - INFO - Maximum open trades reached: 3
2025-08-25 11:00:02,222 - INFO - Maximum open trades reached: 3
2025-08-25 11:00:05,222 - INFO - Maximum open trades reached: 3
2025-08-25 11:00:08,223 - INFO - Maximum open trades reached: 3
2025-08-25 11:00:11,224 - INFO - Maximum open trades reached: 3
2025-08-25 11:00:14,224 - INFO - Maximum open trades reached: 3
2025-08-25 11:00:17,225 - INFO - Maximum open trades reached: 3
2025-08-25 11:00:20,227 - INFO - Maximum open trades reached: 3
2025-08-25 11:00:23,228 - INFO - Maximum open trades reached: 3
2025-08-25 11:00:26,228 - INFO - Maximum open trades reached: 3
2025-08-25 11:00:29,229 - INFO - Maximum open trades reached: 3
2025-08-25 11:00:32,230 - INFO - Maximum open trades reached: 3
2025-08-25 11:00:35,230 - INFO - Maximum open trades reached: 3
2025-08-25 11:00:38,231 - INFO - Maximum open trades reached: 3
2025-08-25 11:00:41,232 - INFO - Maximum open trades reached: 3
2025-08-25 11:00:44,233 - INFO - Maximum open trades reached: 3
2025-08-25 11:00:47,234 - INFO - Maximum open trades reached: 3
2025-08-25 11:00:50,235 - INFO - Maximum open trades reached: 3
2025-08-25 11:00:53,235 - INFO - Maximum open trades reached: 3
2025-08-25 11:00:56,236 - INFO - Maximum open trades reached: 3
2025-08-25 11:00:59,237 - INFO - Maximum open trades reached: 3
2025-08-25 11:01:02,237 - INFO - Maximum open trades reached: 3
2025-08-25 11:01:05,239 - INFO - Maximum open trades reached: 3
2025-08-25 11:01:08,240 - INFO - Maximum open trades reached: 3
2025-08-25 11:01:11,241 - INFO - Maximum open trades reached: 3
2025-08-25 11:01:14,242 - INFO - Maximum open trades reached: 3
2025-08-25 11:01:17,243 - INFO - Maximum open trades reached: 3
2025-08-25 11:01:20,244 - INFO - Maximum open trades reached: 3
2025-08-25 11:01:23,245 - INFO - Maximum open trades reached: 3
2025-08-25 11:01:26,246 - INFO - Maximum open trades reached: 3
2025-08-25 11:01:29,247 - INFO - Maximum open trades reached: 3
2025-08-25 11:01:32,248 - INFO - Maximum open trades reached: 3
2025-08-25 11:01:35,249 - INFO - Maximum open trades reached: 3
2025-08-25 11:01:38,250 - INFO - Maximum open trades reached: 3
2025-08-25 11:01:41,250 - INFO - Maximum open trades reached: 3
2025-08-25 11:01:44,251 - INFO - Maximum open trades reached: 3
2025-08-25 11:01:47,252 - INFO - Maximum open trades reached: 3
2025-08-25 11:01:50,253 - INFO - Maximum open trades reached: 3
2025-08-25 11:01:53,255 - INFO - Maximum open trades reached: 3
2025-08-25 11:01:56,255 - INFO - Maximum open trades reached: 3
2025-08-25 11:01:59,256 - INFO - Maximum open trades reached: 3
2025-08-25 11:02:02,257 - INFO - Maximum open trades reached: 3
2025-08-25 11:02:05,258 - INFO - Maximum open trades reached: 3
2025-08-25 11:02:08,259 - INFO - Maximum open trades reached: 3
2025-08-25 11:02:11,259 - INFO - Maximum open trades reached: 3
2025-08-25 11:02:14,260 - INFO - Maximum open trades reached: 3
2025-08-25 11:02:17,261 - INFO - Maximum open trades reached: 3
2025-08-25 11:02:20,262 - INFO - Maximum open trades reached: 3
2025-08-25 11:02:23,262 - INFO - Maximum open trades reached: 3
2025-08-25 11:02:26,263 - INFO - Maximum open trades reached: 3
2025-08-25 11:02:29,264 - INFO - Maximum open trades reached: 3
2025-08-25 11:02:32,265 - INFO - Maximum open trades reached: 3
2025-08-25 11:02:35,266 - INFO - Maximum open trades reached: 3
2025-08-25 11:02:38,267 - INFO - Maximum open trades reached: 3
2025-08-25 11:02:41,268 - INFO - Maximum open trades reached: 3
2025-08-25 11:02:44,268 - INFO - Maximum open trades reached: 3
2025-08-25 11:02:47,269 - INFO - Maximum open trades reached: 3
2025-08-25 11:02:50,270 - INFO - Maximum open trades reached: 3
2025-08-25 11:02:53,271 - INFO - Maximum open trades reached: 3
2025-08-25 11:02:56,273 - INFO - Maximum open trades reached: 3
2025-08-25 11:02:59,274 - INFO - Maximum open trades reached: 3
2025-08-25 11:03:02,275 - INFO - Maximum open trades reached: 3
2025-08-25 11:03:05,275 - INFO - Maximum open trades reached: 3
2025-08-25 11:03:08,276 - INFO - Maximum open trades reached: 3
2025-08-25 11:03:11,277 - INFO - Maximum open trades reached: 3
2025-08-25 11:03:14,278 - INFO - Maximum open trades reached: 3
2025-08-25 11:03:17,279 - INFO - Maximum open trades reached: 3
2025-08-25 11:03:20,280 - INFO - Maximum open trades reached: 3
2025-08-25 11:03:23,280 - INFO - Maximum open trades reached: 3
2025-08-25 11:03:26,282 - INFO - Maximum open trades reached: 3
2025-08-25 11:03:29,282 - INFO - Maximum open trades reached: 3
2025-08-25 11:03:32,284 - INFO - Maximum open trades reached: 3
2025-08-25 11:03:35,285 - INFO - Maximum open trades reached: 3
2025-08-25 11:03:38,286 - INFO - Maximum open trades reached: 3
2025-08-25 11:03:41,287 - INFO - Maximum open trades reached: 3
2025-08-25 11:03:44,288 - INFO - Maximum open trades reached: 3
2025-08-25 11:03:47,289 - INFO - Maximum open trades reached: 3
2025-08-25 11:03:50,290 - INFO - Maximum open trades reached: 3
2025-08-25 11:03:53,291 - INFO - Maximum open trades reached: 3
2025-08-25 11:03:56,291 - INFO - Maximum open trades reached: 3
2025-08-25 11:03:59,292 - INFO - Maximum open trades reached: 3
2025-08-25 11:04:02,293 - INFO - Maximum open trades reached: 3
2025-08-25 11:04:05,294 - INFO - Maximum open trades reached: 3
2025-08-25 11:04:08,295 - INFO - Maximum open trades reached: 3
2025-08-25 11:04:11,296 - INFO - Maximum open trades reached: 3
2025-08-25 11:04:14,297 - INFO - Maximum open trades reached: 3
2025-08-25 11:04:17,298 - INFO - Maximum open trades reached: 3
2025-08-25 11:04:20,299 - INFO - Maximum open trades reached: 3
2025-08-25 11:04:23,300 - INFO - Maximum open trades reached: 3
2025-08-25 11:04:26,301 - INFO - Maximum open trades reached: 3
2025-08-25 11:04:29,302 - INFO - Maximum open trades reached: 3
2025-08-25 11:04:32,303 - INFO - Maximum open trades reached: 3
2025-08-25 11:04:35,304 - INFO - Maximum open trades reached: 3
2025-08-25 11:04:38,305 - INFO - Maximum open trades reached: 3
2025-08-25 11:04:41,306 - INFO - Maximum open trades reached: 3
2025-08-25 11:04:44,308 - INFO - Maximum open trades reached: 3
2025-08-25 11:04:47,308 - INFO - Maximum open trades reached: 3
2025-08-25 11:04:50,309 - INFO - Maximum open trades reached: 3
2025-08-25 11:04:53,310 - INFO - Maximum open trades reached: 3
2025-08-25 11:04:56,312 - INFO - Maximum open trades reached: 3
2025-08-25 11:04:59,313 - INFO - Maximum open trades reached: 3
2025-08-25 11:05:02,314 - INFO - Maximum open trades reached: 3
2025-08-25 11:05:05,315 - INFO - Maximum open trades reached: 3
2025-08-25 11:05:08,316 - INFO - Maximum open trades reached: 3
2025-08-25 11:05:11,316 - INFO - Maximum open trades reached: 3
2025-08-25 11:05:14,317 - INFO - Maximum open trades reached: 3
2025-08-25 11:05:17,319 - INFO - Maximum open trades reached: 3
2025-08-25 11:05:20,341 - INFO - Maximum open trades reached: 3
2025-08-25 11:05:23,343 - INFO - Maximum open trades reached: 3
2025-08-25 11:05:26,344 - INFO - Maximum open trades reached: 3
2025-08-25 11:05:29,345 - INFO - Maximum open trades reached: 3
2025-08-25 11:05:32,346 - INFO - Maximum open trades reached: 3
2025-08-25 11:05:35,347 - INFO - Maximum open trades reached: 3
2025-08-25 11:05:38,348 - INFO - Maximum open trades reached: 3
2025-08-25 11:05:41,349 - INFO - Maximum open trades reached: 3
2025-08-25 11:05:44,349 - INFO - Maximum open trades reached: 3
2025-08-25 11:05:47,350 - INFO - Maximum open trades reached: 3
2025-08-25 11:05:50,351 - INFO - Maximum open trades reached: 3
2025-08-25 11:05:53,352 - INFO - Maximum open trades reached: 3
2025-08-25 11:05:56,353 - INFO - Maximum open trades reached: 3
2025-08-25 11:05:59,354 - INFO - Maximum open trades reached: 3
2025-08-25 11:06:02,356 - INFO - Maximum open trades reached: 3
2025-08-25 11:06:05,357 - INFO - Maximum open trades reached: 3
2025-08-25 11:06:08,357 - INFO - Maximum open trades reached: 3
2025-08-25 11:06:11,358 - INFO - Maximum open trades reached: 3
2025-08-25 11:06:14,359 - INFO - Maximum open trades reached: 3
2025-08-25 11:06:17,360 - INFO - Maximum open trades reached: 3
2025-08-25 11:06:20,361 - INFO - Maximum open trades reached: 3
2025-08-25 11:06:23,362 - INFO - Maximum open trades reached: 3
2025-08-25 11:06:26,363 - INFO - Maximum open trades reached: 3
2025-08-25 11:06:29,364 - INFO - Maximum open trades reached: 3
2025-08-25 11:06:32,365 - INFO - Maximum open trades reached: 3
2025-08-25 11:06:35,365 - INFO - Maximum open trades reached: 3
2025-08-25 11:06:38,366 - INFO - Maximum open trades reached: 3
2025-08-25 11:06:41,367 - INFO - Maximum open trades reached: 3
2025-08-25 11:06:44,368 - INFO - Maximum open trades reached: 3
2025-08-25 11:06:47,369 - INFO - Maximum open trades reached: 3
2025-08-25 11:06:50,369 - INFO - Maximum open trades reached: 3
2025-08-25 11:06:53,370 - INFO - Maximum open trades reached: 3
2025-08-25 11:06:56,371 - INFO - Maximum open trades reached: 3
2025-08-25 11:06:59,372 - INFO - Maximum open trades reached: 3
2025-08-25 11:07:02,373 - INFO - Maximum open trades reached: 3
2025-08-25 11:07:05,374 - INFO - Maximum open trades reached: 3
2025-08-25 11:07:08,375 - INFO - Maximum open trades reached: 3
2025-08-25 11:07:11,376 - INFO - Maximum open trades reached: 3
2025-08-25 11:07:14,376 - INFO - Maximum open trades reached: 3
2025-08-25 11:07:17,378 - INFO - Maximum open trades reached: 3
2025-08-25 11:07:20,378 - INFO - Maximum open trades reached: 3
2025-08-25 11:07:23,379 - INFO - Maximum open trades reached: 3
2025-08-25 11:07:26,380 - INFO - Maximum open trades reached: 3
2025-08-25 11:07:29,381 - INFO - Maximum open trades reached: 3
2025-08-25 11:07:32,382 - INFO - Maximum open trades reached: 3
2025-08-25 11:07:35,382 - INFO - Maximum open trades reached: 3
2025-08-25 11:07:38,383 - INFO - Maximum open trades reached: 3
2025-08-25 11:07:41,384 - INFO - Maximum open trades reached: 3
2025-08-25 11:07:44,385 - INFO - Maximum open trades reached: 3
2025-08-25 11:07:47,386 - INFO - Maximum open trades reached: 3
2025-08-25 11:07:50,387 - INFO - Maximum open trades reached: 3
2025-08-25 11:07:53,388 - INFO - Maximum open trades reached: 3
2025-08-25 11:07:56,389 - INFO - Maximum open trades reached: 3
2025-08-25 11:07:59,390 - INFO - Maximum open trades reached: 3
2025-08-25 11:08:02,391 - INFO - Maximum open trades reached: 3
2025-08-25 11:08:05,392 - INFO - Maximum open trades reached: 3
2025-08-25 11:08:08,393 - INFO - Maximum open trades reached: 3
2025-08-25 11:08:11,394 - INFO - Maximum open trades reached: 3
2025-08-25 11:08:14,395 - INFO - Maximum open trades reached: 3
2025-08-25 11:08:17,396 - INFO - Maximum open trades reached: 3
2025-08-25 11:08:20,396 - INFO - Maximum open trades reached: 3
2025-08-25 11:08:23,397 - INFO - Maximum open trades reached: 3
2025-08-25 11:08:26,398 - INFO - Maximum open trades reached: 3
2025-08-25 11:08:29,398 - INFO - Maximum open trades reached: 3
2025-08-25 11:08:32,399 - INFO - Maximum open trades reached: 3
2025-08-25 11:08:35,400 - INFO - Maximum open trades reached: 3
2025-08-25 11:08:38,401 - INFO - Maximum open trades reached: 3
2025-08-25 11:08:41,402 - INFO - Maximum open trades reached: 3
2025-08-25 11:08:44,403 - INFO - Maximum open trades reached: 3
2025-08-25 11:08:47,404 - INFO - Maximum open trades reached: 3
2025-08-25 11:08:50,405 - INFO - Maximum open trades reached: 3
2025-08-25 11:08:53,407 - INFO - Maximum open trades reached: 3
2025-08-25 11:08:56,407 - INFO - Maximum open trades reached: 3
2025-08-25 11:08:59,408 - INFO - Maximum open trades reached: 3
2025-08-25 11:09:02,409 - INFO - Maximum open trades reached: 3
2025-08-25 11:09:05,410 - INFO - Maximum open trades reached: 3
2025-08-25 11:09:08,411 - INFO - Maximum open trades reached: 3
2025-08-25 11:09:11,424 - INFO - Maximum open trades reached: 3
2025-08-25 11:09:14,424 - INFO - Maximum open trades reached: 3
2025-08-25 11:09:17,425 - INFO - Maximum open trades reached: 3
2025-08-25 11:09:20,426 - INFO - Maximum open trades reached: 3
2025-08-25 11:09:23,427 - INFO - Maximum open trades reached: 3
2025-08-25 11:09:26,428 - INFO - Maximum open trades reached: 3
2025-08-25 11:09:29,428 - INFO - Maximum open trades reached: 3
2025-08-25 11:09:32,429 - INFO - Maximum open trades reached: 3
2025-08-25 11:09:35,430 - INFO - Maximum open trades reached: 3
2025-08-25 11:09:38,430 - INFO - Maximum open trades reached: 3
2025-08-25 11:09:41,431 - INFO - Maximum open trades reached: 3
2025-08-25 11:09:44,432 - INFO - Maximum open trades reached: 3
2025-08-25 11:09:47,433 - INFO - Maximum open trades reached: 3
2025-08-25 11:09:50,434 - INFO - Maximum open trades reached: 3
2025-08-25 11:09:53,436 - INFO - Maximum open trades reached: 3
2025-08-25 11:09:56,437 - INFO - Maximum open trades reached: 3
2025-08-25 11:09:59,438 - INFO - Maximum open trades reached: 3
2025-08-25 11:10:02,439 - INFO - Maximum open trades reached: 3
2025-08-25 11:10:05,440 - INFO - Maximum open trades reached: 3
2025-08-25 11:10:08,441 - INFO - Maximum open trades reached: 3
2025-08-25 11:10:11,442 - INFO - Maximum open trades reached: 3
2025-08-25 11:10:14,443 - INFO - Maximum open trades reached: 3
2025-08-25 11:10:17,443 - INFO - Maximum open trades reached: 3
2025-08-25 11:10:20,444 - INFO - Maximum open trades reached: 3
2025-08-25 11:10:23,445 - INFO - Maximum open trades reached: 3
2025-08-25 11:10:26,445 - INFO - Maximum open trades reached: 3
2025-08-25 11:10:29,446 - INFO - Maximum open trades reached: 3
2025-08-25 11:10:32,447 - INFO - Maximum open trades reached: 3
2025-08-25 11:10:35,448 - INFO - Maximum open trades reached: 3
2025-08-25 11:10:38,449 - INFO - Maximum open trades reached: 3
2025-08-25 11:10:41,450 - INFO - Maximum open trades reached: 3
2025-08-25 11:10:44,450 - INFO - Maximum open trades reached: 3
2025-08-25 11:10:47,451 - INFO - Maximum open trades reached: 3
2025-08-25 11:10:50,452 - INFO - Maximum open trades reached: 3
2025-08-25 11:10:53,453 - INFO - Maximum open trades reached: 3
2025-08-25 11:10:56,454 - INFO - Maximum open trades reached: 3
2025-08-25 11:10:59,455 - INFO - Maximum open trades reached: 3
2025-08-25 11:11:02,457 - INFO - Maximum open trades reached: 3
2025-08-25 11:11:05,458 - INFO - Maximum open trades reached: 3
2025-08-25 11:11:08,458 - INFO - Maximum open trades reached: 3
2025-08-25 11:11:11,459 - INFO - Maximum open trades reached: 3
2025-08-25 11:11:14,460 - INFO - Maximum open trades reached: 3
2025-08-25 11:11:17,461 - INFO - Maximum open trades reached: 3
2025-08-25 11:11:20,462 - INFO - Maximum open trades reached: 3
2025-08-25 11:11:23,463 - INFO - Maximum open trades reached: 3
2025-08-25 11:11:26,464 - INFO - Maximum open trades reached: 3
2025-08-25 11:11:29,465 - INFO - Maximum open trades reached: 3
2025-08-25 11:11:32,466 - INFO - Maximum open trades reached: 3
2025-08-25 11:11:35,466 - INFO - Maximum open trades reached: 3
2025-08-25 11:11:38,467 - INFO - Maximum open trades reached: 3
2025-08-25 11:11:41,468 - INFO - Maximum open trades reached: 3
2025-08-25 11:11:44,469 - INFO - Maximum open trades reached: 3
2025-08-25 11:11:47,470 - INFO - Maximum open trades reached: 3
2025-08-25 11:11:50,471 - INFO - Maximum open trades reached: 3
2025-08-25 11:11:53,471 - INFO - Maximum open trades reached: 3
2025-08-25 11:11:56,472 - INFO - Maximum open trades reached: 3
2025-08-25 11:11:59,473 - INFO - Maximum open trades reached: 3
2025-08-25 11:12:02,474 - INFO - Maximum open trades reached: 3
2025-08-25 11:12:05,475 - INFO - Maximum open trades reached: 3
2025-08-25 11:12:08,476 - INFO - Maximum open trades reached: 3
2025-08-25 11:12:11,477 - INFO - Maximum open trades reached: 3
2025-08-25 11:12:14,478 - INFO - Maximum open trades reached: 3
2025-08-25 11:12:17,479 - INFO - Maximum open trades reached: 3
2025-08-25 11:12:20,481 - INFO - Maximum open trades reached: 3
2025-08-25 11:12:23,483 - INFO - Maximum open trades reached: 3
2025-08-25 11:12:26,484 - INFO - Maximum open trades reached: 3
2025-08-25 11:12:29,486 - INFO - Maximum open trades reached: 3
2025-08-25 11:12:32,487 - INFO - Maximum open trades reached: 3
2025-08-25 11:12:35,488 - INFO - Maximum open trades reached: 3
2025-08-25 11:12:38,489 - INFO - Maximum open trades reached: 3
2025-08-25 11:12:41,490 - INFO - Maximum open trades reached: 3
2025-08-25 11:12:44,491 - INFO - Maximum open trades reached: 3
2025-08-25 11:12:47,492 - INFO - Maximum open trades reached: 3
2025-08-25 11:12:50,493 - INFO - Maximum open trades reached: 3
2025-08-25 11:12:53,495 - INFO - Maximum open trades reached: 3
2025-08-25 11:12:56,496 - INFO - Maximum open trades reached: 3
2025-08-25 11:12:59,497 - INFO - Maximum open trades reached: 3
2025-08-25 11:13:02,498 - INFO - Maximum open trades reached: 3
2025-08-25 11:13:05,499 - INFO - Maximum open trades reached: 3
2025-08-25 11:13:08,500 - INFO - Maximum open trades reached: 3
2025-08-25 11:13:11,502 - INFO - Maximum open trades reached: 3
2025-08-25 11:13:14,504 - INFO - Maximum open trades reached: 3
2025-08-25 11:13:17,505 - INFO - Maximum open trades reached: 3
2025-08-25 11:13:20,506 - INFO - Maximum open trades reached: 3
2025-08-25 11:13:23,507 - INFO - Maximum open trades reached: 3
2025-08-25 11:13:26,507 - INFO - Maximum open trades reached: 3
2025-08-25 11:13:29,509 - INFO - Maximum open trades reached: 3
2025-08-25 11:13:32,510 - INFO - Maximum open trades reached: 3
2025-08-25 11:13:35,511 - INFO - Maximum open trades reached: 3
2025-08-25 11:13:38,511 - INFO - Maximum open trades reached: 3
2025-08-25 11:13:41,512 - INFO - Maximum open trades reached: 3
2025-08-25 11:13:44,513 - INFO - Maximum open trades reached: 3
2025-08-25 11:13:47,514 - INFO - Maximum open trades reached: 3
2025-08-25 11:13:50,515 - INFO - Maximum open trades reached: 3
2025-08-25 11:13:53,516 - INFO - Maximum open trades reached: 3
2025-08-25 11:13:56,517 - INFO - Maximum open trades reached: 3
2025-08-25 11:13:59,517 - INFO - Maximum open trades reached: 3
2025-08-25 11:14:02,518 - INFO - Maximum open trades reached: 3
2025-08-25 11:14:05,519 - INFO - Maximum open trades reached: 3
2025-08-25 11:14:08,521 - INFO - Maximum open trades reached: 3
2025-08-25 11:14:11,522 - INFO - Maximum open trades reached: 3
2025-08-25 11:14:14,524 - INFO - Maximum open trades reached: 3
2025-08-25 11:14:17,524 - INFO - Maximum open trades reached: 3
2025-08-25 11:14:20,525 - INFO - Maximum open trades reached: 3
2025-08-25 11:14:23,526 - INFO - Maximum open trades reached: 3
2025-08-25 11:14:26,527 - INFO - Maximum open trades reached: 3
2025-08-25 11:14:29,528 - INFO - Maximum open trades reached: 3
2025-08-25 11:14:32,529 - INFO - Maximum open trades reached: 3
2025-08-25 11:14:35,530 - INFO - Maximum open trades reached: 3
2025-08-25 11:14:38,531 - INFO - Maximum open trades reached: 3
2025-08-25 11:14:41,532 - INFO - Maximum open trades reached: 3
2025-08-25 11:14:44,533 - INFO - Maximum open trades reached: 3
2025-08-25 11:14:47,534 - INFO - Maximum open trades reached: 3
2025-08-25 11:14:50,535 - INFO - Maximum open trades reached: 3
2025-08-25 11:14:53,535 - INFO - Maximum open trades reached: 3
2025-08-25 11:14:56,536 - INFO - Maximum open trades reached: 3
2025-08-25 11:14:59,537 - INFO - Maximum open trades reached: 3
2025-08-25 11:15:02,538 - INFO - Maximum open trades reached: 3
2025-08-25 11:15:05,539 - INFO - Maximum open trades reached: 3
2025-08-25 11:15:08,540 - INFO - Maximum open trades reached: 3
2025-08-25 11:15:11,541 - INFO - Maximum open trades reached: 3
2025-08-25 11:15:14,542 - INFO - Maximum open trades reached: 3
2025-08-25 11:15:17,543 - INFO - Maximum open trades reached: 3
2025-08-25 11:15:20,544 - INFO - Maximum open trades reached: 3
2025-08-25 11:15:23,545 - INFO - Maximum open trades reached: 3
2025-08-25 11:15:26,546 - INFO - Maximum open trades reached: 3
2025-08-25 11:15:29,546 - INFO - Maximum open trades reached: 3
2025-08-25 11:15:32,547 - INFO - Maximum open trades reached: 3
2025-08-25 11:15:35,548 - INFO - Maximum open trades reached: 3
2025-08-25 11:15:38,549 - INFO - Maximum open trades reached: 3
2025-08-25 11:15:41,550 - INFO - Maximum open trades reached: 3
2025-08-25 11:15:44,551 - INFO - Maximum open trades reached: 3
2025-08-25 11:15:47,552 - INFO - Maximum open trades reached: 3
2025-08-25 11:15:50,553 - INFO - Maximum open trades reached: 3
2025-08-25 11:15:53,554 - INFO - Maximum open trades reached: 3
2025-08-25 11:15:56,555 - INFO - Maximum open trades reached: 3
2025-08-25 11:15:59,556 - INFO - Maximum open trades reached: 3
2025-08-25 11:16:02,556 - INFO - Maximum open trades reached: 3
2025-08-25 11:16:05,558 - INFO - Maximum open trades reached: 3
2025-08-25 11:16:08,559 - INFO - Maximum open trades reached: 3
2025-08-25 11:16:11,560 - INFO - Maximum open trades reached: 3
2025-08-25 11:16:14,561 - INFO - Maximum open trades reached: 3
2025-08-25 11:16:17,562 - INFO - Maximum open trades reached: 3
2025-08-25 11:16:20,563 - INFO - Maximum open trades reached: 3
2025-08-25 11:16:23,564 - INFO - Maximum open trades reached: 3
2025-08-25 11:16:26,565 - INFO - Maximum open trades reached: 3
2025-08-25 11:16:29,566 - INFO - Maximum open trades reached: 3
2025-08-25 11:16:32,566 - INFO - Maximum open trades reached: 3
2025-08-25 11:16:35,568 - INFO - Maximum open trades reached: 3
2025-08-25 11:16:38,568 - INFO - Maximum open trades reached: 3
2025-08-25 11:16:41,569 - INFO - Maximum open trades reached: 3
2025-08-25 11:16:44,570 - INFO - Maximum open trades reached: 3
2025-08-25 11:16:47,571 - INFO - Maximum open trades reached: 3
2025-08-25 11:16:50,572 - INFO - Maximum open trades reached: 3
2025-08-25 11:16:53,573 - INFO - Maximum open trades reached: 3
2025-08-25 11:16:56,573 - INFO - Maximum open trades reached: 3
2025-08-25 11:16:59,574 - INFO - Maximum open trades reached: 3
2025-08-25 11:17:02,575 - INFO - Maximum open trades reached: 3
2025-08-25 11:17:05,576 - INFO - Maximum open trades reached: 3
2025-08-25 11:17:08,577 - INFO - Maximum open trades reached: 3
2025-08-25 11:17:11,578 - INFO - Maximum open trades reached: 3
2025-08-25 11:17:14,579 - INFO - Maximum open trades reached: 3
2025-08-25 11:17:17,579 - INFO - Maximum open trades reached: 3
2025-08-25 11:17:20,580 - INFO - Maximum open trades reached: 3
2025-08-25 11:17:23,581 - INFO - Maximum open trades reached: 3
2025-08-25 11:17:26,582 - INFO - Maximum open trades reached: 3
2025-08-25 11:17:29,583 - INFO - Maximum open trades reached: 3
2025-08-25 11:17:32,584 - INFO - Maximum open trades reached: 3
2025-08-25 11:17:35,585 - INFO - Maximum open trades reached: 3
2025-08-25 11:17:38,586 - INFO - Maximum open trades reached: 3
2025-08-25 11:17:41,587 - INFO - Maximum open trades reached: 3
2025-08-25 11:17:44,588 - INFO - Maximum open trades reached: 3
2025-08-25 11:17:47,589 - INFO - Maximum open trades reached: 3
2025-08-25 11:17:50,590 - INFO - Maximum open trades reached: 3
2025-08-25 11:17:53,591 - INFO - Maximum open trades reached: 3
2025-08-25 11:17:56,592 - INFO - Maximum open trades reached: 3
2025-08-25 11:17:59,592 - INFO - Maximum open trades reached: 3
2025-08-25 11:18:02,593 - INFO - Maximum open trades reached: 3
2025-08-25 11:18:05,594 - INFO - Maximum open trades reached: 3
2025-08-25 11:18:08,595 - INFO - Maximum open trades reached: 3
2025-08-25 11:18:11,596 - INFO - Maximum open trades reached: 3
2025-08-25 11:18:14,597 - INFO - Maximum open trades reached: 3
2025-08-25 11:18:17,598 - INFO - Maximum open trades reached: 3
2025-08-25 11:18:20,599 - INFO - Maximum open trades reached: 3
2025-08-25 11:18:23,600 - INFO - Maximum open trades reached: 3
2025-08-25 11:18:26,601 - INFO - Maximum open trades reached: 3
2025-08-25 11:18:29,603 - INFO - Maximum open trades reached: 3
2025-08-25 11:18:32,604 - INFO - Maximum open trades reached: 3
2025-08-25 11:18:35,604 - INFO - Maximum open trades reached: 3
2025-08-25 11:18:38,605 - INFO - Maximum open trades reached: 3
2025-08-25 11:18:41,606 - INFO - Maximum open trades reached: 3
2025-08-25 11:18:44,607 - INFO - Maximum open trades reached: 3
2025-08-25 11:18:47,608 - INFO - Maximum open trades reached: 3
2025-08-25 11:18:50,609 - INFO - Maximum open trades reached: 3
2025-08-25 11:18:53,610 - INFO - Maximum open trades reached: 3
2025-08-25 11:18:56,611 - INFO - Maximum open trades reached: 3
2025-08-25 11:18:59,612 - INFO - Maximum open trades reached: 3
2025-08-25 11:19:02,613 - INFO - Maximum open trades reached: 3
2025-08-25 11:19:05,614 - INFO - Maximum open trades reached: 3
2025-08-25 11:19:08,614 - INFO - Maximum open trades reached: 3
2025-08-25 11:19:11,615 - INFO - Maximum open trades reached: 3
2025-08-25 11:19:14,616 - INFO - Maximum open trades reached: 3
2025-08-25 11:19:17,617 - INFO - Maximum open trades reached: 3
2025-08-25 11:19:20,618 - INFO - Maximum open trades reached: 3
2025-08-25 11:19:23,619 - INFO - Maximum open trades reached: 3
2025-08-25 11:19:26,620 - INFO - Maximum open trades reached: 3
2025-08-25 11:19:29,621 - INFO - Maximum open trades reached: 3
2025-08-25 11:19:32,622 - INFO - Maximum open trades reached: 3
2025-08-25 11:19:35,623 - INFO - Maximum open trades reached: 3
2025-08-25 11:19:38,623 - INFO - Maximum open trades reached: 3
2025-08-25 11:19:41,624 - INFO - Maximum open trades reached: 3
2025-08-25 11:19:44,625 - INFO - Maximum open trades reached: 3
2025-08-25 11:19:47,626 - INFO - Maximum open trades reached: 3
2025-08-25 11:19:50,627 - INFO - Maximum open trades reached: 3
2025-08-25 11:19:53,627 - INFO - Maximum open trades reached: 3
2025-08-25 11:19:56,628 - INFO - Maximum open trades reached: 3
2025-08-25 11:19:59,629 - INFO - Maximum open trades reached: 3
2025-08-25 11:20:02,630 - INFO - Maximum open trades reached: 3
2025-08-25 11:20:05,631 - INFO - Maximum open trades reached: 3
2025-08-25 11:20:08,632 - INFO - Maximum open trades reached: 3
2025-08-25 11:20:11,633 - INFO - Maximum open trades reached: 3
2025-08-25 11:20:14,634 - INFO - Maximum open trades reached: 3
2025-08-25 11:20:17,634 - INFO - Maximum open trades reached: 3
2025-08-25 11:20:20,635 - INFO - Maximum open trades reached: 3
2025-08-25 11:20:23,636 - INFO - Maximum open trades reached: 3
2025-08-25 11:20:26,637 - INFO - Maximum open trades reached: 3
2025-08-25 11:20:29,638 - INFO - Maximum open trades reached: 3
2025-08-25 11:20:32,639 - INFO - Maximum open trades reached: 3
2025-08-25 11:20:35,640 - INFO - Maximum open trades reached: 3
2025-08-25 11:20:38,641 - INFO - Maximum open trades reached: 3
2025-08-25 11:20:41,641 - INFO - Maximum open trades reached: 3
2025-08-25 11:20:44,642 - INFO - Maximum open trades reached: 3
2025-08-25 11:20:47,643 - INFO - Maximum open trades reached: 3
2025-08-25 11:20:50,644 - INFO - Maximum open trades reached: 3
2025-08-25 11:20:53,645 - INFO - Maximum open trades reached: 3
2025-08-25 11:20:56,646 - INFO - Maximum open trades reached: 3
2025-08-25 11:20:59,646 - INFO - Maximum open trades reached: 3
2025-08-25 11:21:02,647 - INFO - Maximum open trades reached: 3
2025-08-25 11:21:05,648 - INFO - Maximum open trades reached: 3
2025-08-25 11:21:08,649 - INFO - Maximum open trades reached: 3
2025-08-25 11:21:11,650 - INFO - Maximum open trades reached: 3
2025-08-25 11:21:14,650 - INFO - Maximum open trades reached: 3
2025-08-25 11:21:17,652 - INFO - Maximum open trades reached: 3
2025-08-25 11:21:20,654 - INFO - Maximum open trades reached: 3
2025-08-25 11:21:23,654 - INFO - Maximum open trades reached: 3
2025-08-25 11:21:26,655 - INFO - Maximum open trades reached: 3
2025-08-25 11:21:29,656 - INFO - Maximum open trades reached: 3
2025-08-25 11:21:32,657 - INFO - Maximum open trades reached: 3
2025-08-25 11:21:35,658 - INFO - Maximum open trades reached: 3
2025-08-25 11:21:38,659 - INFO - Maximum open trades reached: 3
2025-08-25 11:21:41,660 - INFO - Maximum open trades reached: 3
2025-08-25 11:21:44,661 - INFO - Maximum open trades reached: 3
2025-08-25 11:21:47,661 - INFO - Maximum open trades reached: 3
2025-08-25 11:21:50,662 - INFO - Maximum open trades reached: 3
2025-08-25 11:21:53,663 - INFO - Maximum open trades reached: 3
2025-08-25 11:21:56,664 - INFO - Maximum open trades reached: 3
2025-08-25 11:21:59,665 - INFO - Maximum open trades reached: 3
2025-08-25 11:22:02,665 - INFO - Maximum open trades reached: 3
2025-08-25 11:22:05,666 - INFO - Maximum open trades reached: 3
2025-08-25 11:22:08,667 - INFO - Maximum open trades reached: 3
2025-08-25 11:22:11,668 - INFO - Maximum open trades reached: 3
2025-08-25 11:22:14,669 - INFO - Maximum open trades reached: 3
2025-08-25 11:22:17,670 - INFO - Maximum open trades reached: 3
2025-08-25 11:22:20,671 - INFO - Maximum open trades reached: 3
2025-08-25 11:22:23,672 - INFO - Maximum open trades reached: 3
2025-08-25 11:22:26,673 - INFO - Maximum open trades reached: 3
2025-08-25 11:22:29,674 - INFO - Maximum open trades reached: 3
2025-08-25 11:22:32,675 - INFO - Maximum open trades reached: 3
2025-08-25 11:22:35,675 - INFO - Maximum open trades reached: 3
2025-08-25 11:22:38,676 - INFO - Maximum open trades reached: 3
2025-08-25 11:22:41,677 - INFO - Maximum open trades reached: 3
2025-08-25 11:22:44,678 - INFO - Maximum open trades reached: 3
2025-08-25 11:22:47,678 - INFO - Maximum open trades reached: 3
2025-08-25 11:22:50,679 - INFO - Maximum open trades reached: 3
2025-08-25 11:22:53,680 - INFO - Maximum open trades reached: 3
2025-08-25 11:22:56,682 - INFO - Maximum open trades reached: 3
2025-08-25 11:22:59,684 - INFO - Maximum open trades reached: 3
2025-08-25 11:23:02,684 - INFO - Maximum open trades reached: 3
2025-08-25 11:23:05,685 - INFO - Maximum open trades reached: 3
2025-08-25 11:23:08,686 - INFO - Maximum open trades reached: 3
2025-08-25 11:23:11,687 - INFO - Maximum open trades reached: 3
2025-08-25 11:23:14,688 - INFO - Maximum open trades reached: 3
2025-08-25 11:23:17,689 - INFO - Maximum open trades reached: 3
2025-08-25 11:23:20,690 - INFO - Maximum open trades reached: 3
2025-08-25 11:23:23,691 - INFO - Maximum open trades reached: 3
2025-08-25 11:23:26,692 - INFO - Maximum open trades reached: 3
2025-08-25 11:23:29,693 - INFO - Maximum open trades reached: 3
2025-08-25 11:23:32,693 - INFO - Maximum open trades reached: 3
2025-08-25 11:23:35,694 - INFO - Maximum open trades reached: 3
2025-08-25 11:23:38,695 - INFO - Maximum open trades reached: 3
2025-08-25 11:23:41,696 - INFO - Maximum open trades reached: 3
2025-08-25 11:23:44,696 - INFO - Maximum open trades reached: 3
2025-08-25 11:23:47,698 - INFO - Maximum open trades reached: 3
2025-08-25 11:23:50,698 - INFO - Maximum open trades reached: 3
2025-08-25 11:23:53,699 - INFO - Maximum open trades reached: 3
2025-08-25 11:23:56,700 - INFO - Maximum open trades reached: 3
2025-08-25 11:23:59,702 - INFO - Maximum open trades reached: 3
2025-08-25 11:24:02,702 - INFO - Maximum open trades reached: 3
2025-08-25 11:24:05,703 - INFO - Maximum open trades reached: 3
2025-08-25 11:24:08,704 - INFO - Maximum open trades reached: 3
2025-08-25 11:24:11,705 - INFO - Maximum open trades reached: 3
2025-08-25 11:24:14,706 - INFO - Maximum open trades reached: 3
2025-08-25 11:24:17,707 - INFO - Maximum open trades reached: 3
2025-08-25 11:24:20,709 - INFO - Maximum open trades reached: 3
2025-08-25 11:24:23,710 - INFO - Maximum open trades reached: 3
2025-08-25 11:24:26,712 - INFO - Maximum open trades reached: 3
2025-08-25 11:24:29,713 - INFO - Maximum open trades reached: 3
2025-08-25 11:24:32,714 - INFO - Maximum open trades reached: 3
2025-08-25 11:24:35,715 - INFO - Maximum open trades reached: 3
2025-08-25 11:24:38,716 - INFO - Maximum open trades reached: 3
2025-08-25 11:24:41,716 - INFO - Maximum open trades reached: 3
2025-08-25 11:24:44,717 - INFO - Maximum open trades reached: 3
2025-08-25 11:24:47,718 - INFO - Maximum open trades reached: 3
2025-08-25 11:24:50,719 - INFO - Maximum open trades reached: 3
2025-08-25 11:24:53,720 - INFO - Maximum open trades reached: 3
2025-08-25 11:24:56,721 - INFO - Maximum open trades reached: 3
2025-08-25 11:24:59,721 - INFO - Maximum open trades reached: 3
2025-08-25 11:25:02,722 - INFO - Maximum open trades reached: 3
2025-08-25 11:25:05,723 - INFO - Maximum open trades reached: 3
2025-08-25 11:25:08,724 - INFO - Maximum open trades reached: 3
2025-08-25 11:25:11,725 - INFO - Maximum open trades reached: 3
2025-08-25 11:25:14,726 - INFO - Maximum open trades reached: 3
2025-08-25 11:25:17,727 - INFO - Maximum open trades reached: 3
2025-08-25 11:25:20,728 - INFO - Maximum open trades reached: 3
2025-08-25 11:25:23,729 - INFO - Maximum open trades reached: 3
2025-08-25 11:25:26,729 - INFO - Maximum open trades reached: 3
2025-08-25 11:25:29,730 - INFO - Maximum open trades reached: 3
2025-08-25 11:25:32,731 - INFO - Maximum open trades reached: 3
2025-08-25 11:25:35,732 - INFO - Maximum open trades reached: 3
2025-08-25 11:25:38,734 - INFO - Maximum open trades reached: 3
2025-08-25 11:25:41,735 - INFO - Maximum open trades reached: 3
2025-08-25 11:25:44,736 - INFO - Maximum open trades reached: 3
2025-08-25 11:25:47,737 - INFO - Maximum open trades reached: 3
2025-08-25 11:25:50,738 - INFO - Maximum open trades reached: 3
2025-08-25 11:25:53,739 - INFO - Maximum open trades reached: 3
2025-08-25 11:25:56,740 - INFO - Maximum open trades reached: 3
2025-08-25 11:25:59,741 - INFO - Maximum open trades reached: 3
2025-08-25 11:26:02,742 - INFO - Maximum open trades reached: 3
2025-08-25 11:26:05,742 - INFO - Maximum open trades reached: 3
2025-08-25 11:26:08,743 - INFO - Maximum open trades reached: 3
2025-08-25 11:26:11,744 - INFO - Maximum open trades reached: 3
2025-08-25 11:26:14,745 - INFO - Maximum open trades reached: 3
2025-08-25 11:26:17,746 - INFO - Maximum open trades reached: 3
2025-08-25 11:26:20,746 - INFO - Maximum open trades reached: 3
2025-08-25 11:26:23,747 - INFO - Maximum open trades reached: 3
2025-08-25 11:26:26,748 - INFO - Maximum open trades reached: 3
2025-08-25 11:26:29,749 - INFO - Maximum open trades reached: 3
2025-08-25 11:26:32,750 - INFO - Maximum open trades reached: 3
2025-08-25 11:26:35,751 - INFO - Maximum open trades reached: 3
2025-08-25 11:26:38,752 - INFO - Maximum open trades reached: 3
2025-08-25 11:26:41,753 - INFO - Maximum open trades reached: 3
2025-08-25 11:26:44,753 - INFO - Maximum open trades reached: 3
2025-08-25 11:26:47,754 - INFO - Maximum open trades reached: 3
2025-08-25 11:26:50,755 - INFO - Maximum open trades reached: 3
2025-08-25 11:26:53,756 - INFO - Maximum open trades reached: 3
2025-08-25 11:26:56,756 - INFO - Maximum open trades reached: 3
2025-08-25 11:26:59,757 - INFO - Maximum open trades reached: 3
2025-08-25 11:27:02,759 - INFO - Maximum open trades reached: 3
2025-08-25 11:27:05,759 - INFO - Maximum open trades reached: 3
2025-08-25 11:27:08,760 - INFO - Maximum open trades reached: 3
2025-08-25 11:27:11,761 - INFO - Maximum open trades reached: 3
2025-08-25 11:27:14,762 - INFO - Maximum open trades reached: 3
2025-08-25 11:27:17,762 - INFO - Maximum open trades reached: 3
2025-08-25 11:27:20,763 - INFO - Maximum open trades reached: 3
2025-08-25 11:27:23,764 - INFO - Maximum open trades reached: 3
2025-08-25 11:27:26,765 - INFO - Maximum open trades reached: 3
2025-08-25 11:27:29,766 - INFO - Maximum open trades reached: 3
2025-08-25 11:27:32,767 - INFO - Maximum open trades reached: 3
2025-08-25 11:27:35,768 - INFO - Maximum open trades reached: 3
2025-08-25 11:27:38,768 - INFO - Maximum open trades reached: 3
2025-08-25 11:27:41,769 - INFO - Maximum open trades reached: 3
2025-08-25 11:27:44,770 - INFO - Maximum open trades reached: 3
2025-08-25 11:27:47,771 - INFO - Maximum open trades reached: 3
2025-08-25 11:27:50,772 - INFO - Maximum open trades reached: 3
2025-08-25 11:27:53,773 - INFO - Maximum open trades reached: 3
2025-08-25 11:27:56,774 - INFO - Maximum open trades reached: 3
2025-08-25 11:27:59,775 - INFO - Maximum open trades reached: 3
2025-08-25 11:28:02,776 - INFO - Maximum open trades reached: 3
2025-08-25 11:28:05,776 - INFO - Maximum open trades reached: 3
2025-08-25 11:28:08,777 - INFO - Maximum open trades reached: 3
2025-08-25 11:28:11,779 - INFO - Maximum open trades reached: 3
2025-08-25 11:28:14,780 - INFO - Maximum open trades reached: 3
2025-08-25 11:28:17,780 - INFO - Maximum open trades reached: 3
2025-08-25 11:28:20,781 - INFO - Maximum open trades reached: 3
2025-08-25 11:28:23,782 - INFO - Maximum open trades reached: 3
2025-08-25 11:28:26,783 - INFO - Maximum open trades reached: 3
2025-08-25 11:28:29,784 - INFO - Maximum open trades reached: 3
2025-08-25 11:28:32,784 - INFO - Maximum open trades reached: 3
2025-08-25 11:28:35,785 - INFO - Maximum open trades reached: 3
2025-08-25 11:28:38,786 - INFO - Maximum open trades reached: 3
2025-08-25 11:28:41,788 - INFO - Maximum open trades reached: 3
2025-08-25 11:28:44,789 - INFO - Maximum open trades reached: 3
2025-08-25 11:28:47,790 - INFO - Maximum open trades reached: 3
2025-08-25 11:28:50,791 - INFO - Maximum open trades reached: 3
2025-08-25 11:28:53,793 - INFO - Maximum open trades reached: 3
2025-08-25 11:28:56,794 - INFO - Maximum open trades reached: 3
2025-08-25 11:28:59,795 - INFO - Maximum open trades reached: 3
2025-08-25 11:29:02,796 - INFO - Maximum open trades reached: 3
2025-08-25 11:29:05,796 - INFO - Maximum open trades reached: 3
2025-08-25 11:29:08,797 - INFO - Maximum open trades reached: 3
2025-08-25 11:29:11,798 - INFO - Maximum open trades reached: 3
2025-08-25 11:29:14,799 - INFO - Maximum open trades reached: 3
2025-08-25 11:29:17,800 - INFO - Maximum open trades reached: 3
2025-08-25 11:29:20,801 - INFO - Maximum open trades reached: 3
2025-08-25 11:29:23,802 - INFO - Maximum open trades reached: 3
2025-08-25 11:29:26,802 - INFO - Maximum open trades reached: 3
2025-08-25 11:29:29,803 - INFO - Maximum open trades reached: 3
2025-08-25 11:29:32,804 - INFO - Maximum open trades reached: 3
2025-08-25 11:29:35,805 - INFO - Maximum open trades reached: 3
2025-08-25 11:29:38,806 - INFO - Maximum open trades reached: 3
2025-08-25 11:29:41,807 - INFO - Maximum open trades reached: 3
2025-08-25 11:29:44,808 - INFO - Maximum open trades reached: 3
2025-08-25 11:29:47,808 - INFO - Maximum open trades reached: 3
2025-08-25 11:29:50,809 - INFO - Maximum open trades reached: 3
2025-08-25 11:29:53,810 - INFO - Maximum open trades reached: 3
2025-08-25 11:29:56,811 - INFO - Maximum open trades reached: 3
2025-08-25 11:29:59,812 - INFO - Maximum open trades reached: 3
2025-08-25 11:30:02,813 - INFO - Maximum open trades reached: 3
2025-08-25 11:30:05,814 - INFO - Maximum open trades reached: 3
2025-08-25 11:30:08,815 - INFO - Maximum open trades reached: 3
2025-08-25 11:30:11,816 - INFO - Maximum open trades reached: 3
2025-08-25 11:30:14,817 - INFO - Maximum open trades reached: 3
2025-08-25 11:30:17,818 - INFO - Maximum open trades reached: 3
2025-08-25 11:30:20,819 - INFO - Maximum open trades reached: 3
2025-08-25 11:30:23,820 - INFO - Maximum open trades reached: 3
2025-08-25 11:30:26,821 - INFO - Maximum open trades reached: 3
2025-08-25 11:30:29,822 - INFO - Maximum open trades reached: 3
2025-08-25 11:30:32,823 - INFO - Maximum open trades reached: 3
2025-08-25 11:30:35,824 - INFO - Maximum open trades reached: 3
2025-08-25 11:30:38,825 - INFO - Maximum open trades reached: 3
2025-08-25 11:30:41,826 - INFO - Maximum open trades reached: 3
2025-08-25 11:30:44,827 - INFO - Maximum open trades reached: 3
2025-08-25 11:30:47,827 - INFO - Maximum open trades reached: 3
2025-08-25 11:30:50,828 - INFO - Maximum open trades reached: 3
2025-08-25 11:30:53,829 - INFO - Maximum open trades reached: 3
2025-08-25 11:30:56,830 - INFO - Maximum open trades reached: 3
2025-08-25 11:30:59,831 - INFO - Maximum open trades reached: 3
2025-08-25 11:31:02,832 - INFO - Maximum open trades reached: 3
2025-08-25 11:31:05,833 - INFO - Maximum open trades reached: 3
2025-08-25 11:31:08,834 - INFO - Maximum open trades reached: 3
2025-08-25 11:31:11,836 - INFO - Maximum open trades reached: 3
2025-08-25 11:31:14,837 - INFO - Maximum open trades reached: 3
2025-08-25 11:31:17,838 - INFO - Maximum open trades reached: 3
2025-08-25 11:31:20,839 - INFO - Maximum open trades reached: 3
2025-08-25 11:31:23,840 - INFO - Maximum open trades reached: 3
2025-08-25 11:31:26,841 - INFO - Maximum open trades reached: 3
2025-08-25 11:31:29,842 - INFO - Maximum open trades reached: 3
2025-08-25 11:31:32,842 - INFO - Maximum open trades reached: 3
2025-08-25 11:31:35,843 - INFO - Maximum open trades reached: 3
2025-08-25 11:31:38,845 - INFO - Maximum open trades reached: 3
2025-08-25 11:31:41,845 - INFO - Maximum open trades reached: 3
2025-08-25 11:31:44,846 - INFO - Maximum open trades reached: 3
2025-08-25 11:31:47,847 - INFO - Maximum open trades reached: 3
2025-08-25 11:31:50,849 - INFO - Maximum open trades reached: 3
2025-08-25 11:31:53,849 - INFO - Maximum open trades reached: 3
2025-08-25 11:31:56,850 - INFO - Maximum open trades reached: 3
2025-08-25 11:31:59,851 - INFO - Maximum open trades reached: 3
2025-08-25 11:32:02,852 - INFO - Maximum open trades reached: 3
2025-08-25 11:32:05,854 - INFO - Maximum open trades reached: 3
2025-08-25 11:32:08,855 - INFO - Maximum open trades reached: 3
2025-08-25 11:32:11,856 - INFO - Maximum open trades reached: 3
2025-08-25 11:32:14,857 - INFO - Maximum open trades reached: 3
2025-08-25 11:32:17,858 - INFO - Maximum open trades reached: 3
2025-08-25 11:32:20,859 - INFO - Maximum open trades reached: 3
2025-08-25 11:32:23,859 - INFO - Maximum open trades reached: 3
2025-08-25 11:32:26,860 - INFO - Maximum open trades reached: 3
2025-08-25 11:32:29,861 - INFO - Maximum open trades reached: 3
2025-08-25 11:32:32,861 - INFO - Maximum open trades reached: 3
2025-08-25 11:32:35,863 - INFO - Maximum open trades reached: 3
2025-08-25 11:32:38,864 - INFO - Maximum open trades reached: 3
2025-08-25 11:32:41,865 - INFO - Maximum open trades reached: 3
2025-08-25 11:32:44,866 - INFO - Maximum open trades reached: 3
2025-08-25 11:32:47,866 - INFO - Maximum open trades reached: 3
2025-08-25 11:32:50,867 - INFO - Maximum open trades reached: 3
2025-08-25 11:32:53,868 - INFO - Maximum open trades reached: 3
2025-08-25 11:32:56,868 - INFO - Maximum open trades reached: 3
2025-08-25 11:32:59,869 - INFO - Maximum open trades reached: 3
2025-08-25 11:33:02,870 - INFO - Maximum open trades reached: 3
2025-08-25 11:33:05,872 - INFO - Maximum open trades reached: 3
2025-08-25 11:33:08,873 - INFO - Maximum open trades reached: 3
2025-08-25 11:33:11,874 - INFO - Maximum open trades reached: 3
2025-08-25 11:33:14,875 - INFO - Maximum open trades reached: 3
2025-08-25 11:33:17,876 - INFO - Maximum open trades reached: 3
2025-08-25 11:33:20,877 - INFO - Maximum open trades reached: 3
2025-08-25 11:33:23,878 - INFO - Maximum open trades reached: 3
2025-08-25 11:33:26,879 - INFO - Maximum open trades reached: 3
2025-08-25 11:33:29,879 - INFO - Maximum open trades reached: 3
2025-08-25 11:33:32,880 - INFO - Maximum open trades reached: 3
2025-08-25 11:33:35,881 - INFO - Maximum open trades reached: 3
2025-08-25 11:33:38,882 - INFO - Maximum open trades reached: 3
2025-08-25 11:33:41,883 - INFO - Maximum open trades reached: 3
2025-08-25 11:33:44,883 - INFO - Maximum open trades reached: 3
2025-08-25 11:33:47,885 - INFO - Maximum open trades reached: 3
2025-08-25 11:33:50,885 - INFO - Maximum open trades reached: 3
2025-08-25 11:33:53,887 - INFO - Maximum open trades reached: 3
2025-08-25 11:33:56,887 - INFO - Maximum open trades reached: 3
2025-08-25 11:33:59,888 - INFO - Maximum open trades reached: 3
2025-08-25 11:34:02,889 - INFO - Maximum open trades reached: 3
2025-08-25 11:34:05,890 - INFO - Maximum open trades reached: 3
2025-08-25 11:34:08,891 - INFO - Maximum open trades reached: 3
2025-08-25 11:34:11,891 - INFO - Maximum open trades reached: 3
2025-08-25 11:34:14,892 - INFO - Maximum open trades reached: 3
2025-08-25 11:34:17,893 - INFO - Maximum open trades reached: 3
2025-08-25 11:34:20,894 - INFO - Maximum open trades reached: 3
2025-08-25 11:34:23,895 - INFO - Maximum open trades reached: 3
2025-08-25 11:34:26,896 - INFO - Maximum open trades reached: 3
2025-08-25 11:34:29,897 - INFO - Maximum open trades reached: 3
2025-08-25 11:34:32,898 - INFO - Maximum open trades reached: 3
2025-08-25 11:34:35,899 - INFO - Maximum open trades reached: 3
2025-08-25 11:34:38,900 - INFO - Maximum open trades reached: 3
2025-08-25 11:34:41,901 - INFO - Maximum open trades reached: 3
2025-08-25 11:34:44,901 - INFO - Maximum open trades reached: 3
2025-08-25 11:34:47,902 - INFO - Maximum open trades reached: 3
2025-08-25 11:34:50,903 - INFO - Maximum open trades reached: 3
2025-08-25 11:34:53,904 - INFO - Maximum open trades reached: 3
2025-08-25 11:34:56,905 - INFO - Maximum open trades reached: 3
2025-08-25 11:34:59,906 - INFO - Maximum open trades reached: 3
2025-08-25 11:35:02,907 - INFO - Maximum open trades reached: 3
2025-08-25 11:35:05,908 - INFO - Maximum open trades reached: 3
2025-08-25 11:35:08,909 - INFO - Maximum open trades reached: 3
2025-08-25 11:35:11,910 - INFO - Maximum open trades reached: 3
2025-08-25 11:35:14,911 - INFO - Maximum open trades reached: 3
2025-08-25 11:35:17,912 - INFO - Maximum open trades reached: 3
2025-08-25 11:35:20,913 - INFO - Maximum open trades reached: 3
2025-08-25 11:35:23,914 - INFO - Maximum open trades reached: 3
2025-08-25 11:35:26,915 - INFO - Maximum open trades reached: 3
2025-08-25 11:35:29,916 - INFO - Maximum open trades reached: 3
2025-08-25 11:35:32,917 - INFO - Maximum open trades reached: 3
2025-08-25 11:35:35,918 - INFO - Maximum open trades reached: 3
2025-08-25 11:35:38,919 - INFO - Maximum open trades reached: 3
2025-08-25 11:35:41,919 - INFO - Maximum open trades reached: 3
2025-08-25 11:35:44,921 - INFO - Maximum open trades reached: 3
2025-08-25 11:35:47,922 - INFO - Maximum open trades reached: 3
2025-08-25 11:35:50,923 - INFO - Maximum open trades reached: 3
2025-08-25 11:35:53,924 - INFO - Maximum open trades reached: 3
2025-08-25 11:35:56,925 - INFO - Maximum open trades reached: 3
2025-08-25 11:35:59,925 - INFO - Maximum open trades reached: 3
2025-08-25 11:36:02,926 - INFO - Maximum open trades reached: 3
2025-08-25 11:36:05,928 - INFO - Maximum open trades reached: 3
2025-08-25 11:36:08,929 - INFO - Maximum open trades reached: 3
2025-08-25 11:36:11,930 - INFO - Maximum open trades reached: 3
2025-08-25 11:36:14,931 - INFO - Maximum open trades reached: 3
2025-08-25 11:36:17,932 - INFO - Maximum open trades reached: 3
2025-08-25 11:36:20,933 - INFO - Maximum open trades reached: 3
2025-08-25 11:36:23,934 - INFO - Maximum open trades reached: 3
2025-08-25 11:36:26,935 - INFO - Maximum open trades reached: 3
2025-08-25 11:36:29,935 - INFO - Maximum open trades reached: 3
2025-08-25 11:36:32,937 - INFO - Maximum open trades reached: 3
2025-08-25 11:36:35,938 - INFO - Maximum open trades reached: 3
2025-08-25 11:36:38,939 - INFO - Maximum open trades reached: 3
2025-08-25 11:36:41,940 - INFO - Maximum open trades reached: 3
2025-08-25 11:36:44,940 - INFO - Maximum open trades reached: 3
2025-08-25 11:36:47,941 - INFO - Maximum open trades reached: 3
2025-08-25 11:36:50,942 - INFO - Maximum open trades reached: 3
2025-08-25 11:36:53,943 - INFO - Maximum open trades reached: 3
2025-08-25 11:36:56,944 - INFO - Maximum open trades reached: 3
2025-08-25 11:36:59,945 - INFO - Maximum open trades reached: 3
2025-08-25 11:37:02,946 - INFO - Maximum open trades reached: 3
2025-08-25 11:37:05,947 - INFO - Maximum open trades reached: 3
2025-08-25 11:37:08,948 - INFO - Maximum open trades reached: 3
2025-08-25 11:37:11,949 - INFO - Maximum open trades reached: 3
2025-08-25 11:37:14,950 - INFO - Maximum open trades reached: 3
2025-08-25 11:37:17,950 - INFO - Maximum open trades reached: 3
2025-08-25 11:37:20,951 - INFO - Maximum open trades reached: 3
2025-08-25 11:37:23,952 - INFO - Maximum open trades reached: 3
2025-08-25 11:37:26,953 - INFO - Maximum open trades reached: 3
2025-08-25 11:37:29,954 - INFO - Maximum open trades reached: 3
2025-08-25 11:37:32,955 - INFO - Maximum open trades reached: 3
2025-08-25 11:37:35,956 - INFO - Maximum open trades reached: 3
2025-08-25 11:37:38,957 - INFO - Maximum open trades reached: 3
2025-08-25 11:37:41,958 - INFO - Maximum open trades reached: 3
2025-08-25 11:37:44,959 - INFO - Maximum open trades reached: 3
2025-08-25 11:37:47,960 - INFO - Maximum open trades reached: 3
2025-08-25 11:37:50,961 - INFO - Maximum open trades reached: 3
2025-08-25 11:37:53,961 - INFO - Maximum open trades reached: 3
2025-08-25 11:37:56,962 - INFO - Maximum open trades reached: 3
2025-08-25 11:37:59,963 - INFO - Maximum open trades reached: 3
2025-08-25 11:38:02,964 - INFO - Maximum open trades reached: 3
2025-08-25 11:38:05,965 - INFO - Maximum open trades reached: 3
2025-08-25 11:38:08,966 - INFO - Maximum open trades reached: 3
2025-08-25 11:38:11,968 - INFO - Maximum open trades reached: 3
2025-08-25 11:38:14,969 - INFO - Maximum open trades reached: 3
2025-08-25 11:38:17,970 - INFO - Maximum open trades reached: 3
2025-08-25 11:38:20,971 - INFO - Maximum open trades reached: 3
2025-08-25 11:38:23,972 - INFO - Maximum open trades reached: 3
2025-08-25 11:38:26,973 - INFO - Maximum open trades reached: 3
2025-08-25 11:38:29,974 - INFO - Maximum open trades reached: 3
2025-08-25 11:38:32,974 - INFO - Maximum open trades reached: 3
2025-08-25 11:38:35,975 - INFO - Maximum open trades reached: 3
2025-08-25 11:38:38,976 - INFO - Maximum open trades reached: 3
2025-08-25 11:38:41,977 - INFO - Maximum open trades reached: 3
2025-08-25 11:38:44,978 - INFO - Maximum open trades reached: 3
2025-08-25 11:38:47,979 - INFO - Maximum open trades reached: 3
2025-08-25 11:38:50,980 - INFO - Maximum open trades reached: 3
2025-08-25 11:38:53,980 - INFO - Maximum open trades reached: 3
2025-08-25 11:38:56,981 - INFO - Maximum open trades reached: 3
2025-08-25 11:38:59,982 - INFO - Maximum open trades reached: 3
2025-08-25 11:39:02,983 - INFO - Maximum open trades reached: 3
2025-08-25 11:39:05,984 - INFO - Maximum open trades reached: 3
2025-08-25 11:39:08,985 - INFO - Maximum open trades reached: 3
2025-08-25 11:39:11,986 - INFO - Maximum open trades reached: 3
2025-08-25 11:39:14,987 - INFO - Maximum open trades reached: 3
2025-08-25 11:39:17,988 - INFO - Maximum open trades reached: 3
2025-08-25 11:39:20,989 - INFO - Maximum open trades reached: 3
2025-08-25 11:39:23,989 - INFO - Maximum open trades reached: 3
2025-08-25 11:39:26,990 - INFO - Maximum open trades reached: 3
2025-08-25 11:39:29,991 - INFO - Maximum open trades reached: 3
2025-08-25 11:39:32,992 - INFO - Maximum open trades reached: 3
2025-08-25 11:39:35,993 - INFO - Maximum open trades reached: 3
2025-08-25 11:39:38,994 - INFO - Maximum open trades reached: 3
2025-08-25 11:39:41,995 - INFO - Maximum open trades reached: 3
2025-08-25 11:39:44,996 - INFO - Maximum open trades reached: 3
2025-08-25 11:39:47,996 - INFO - Maximum open trades reached: 3
2025-08-25 11:39:50,997 - INFO - Maximum open trades reached: 3
2025-08-25 11:39:53,998 - INFO - Maximum open trades reached: 3
2025-08-25 11:39:56,999 - INFO - Maximum open trades reached: 3
2025-08-25 11:40:00,000 - INFO - Maximum open trades reached: 3
2025-08-25 11:40:03,000 - INFO - Maximum open trades reached: 3
2025-08-25 11:40:06,002 - INFO - Maximum open trades reached: 3
2025-08-25 11:40:09,003 - INFO - Maximum open trades reached: 3
2025-08-25 11:40:12,003 - INFO - Maximum open trades reached: 3
2025-08-25 11:40:15,004 - INFO - Maximum open trades reached: 3
2025-08-25 11:40:18,005 - INFO - Maximum open trades reached: 3
2025-08-25 11:40:21,006 - INFO - Maximum open trades reached: 3
2025-08-25 11:40:24,007 - INFO - Maximum open trades reached: 3
2025-08-25 11:40:27,008 - INFO - Maximum open trades reached: 3
2025-08-25 11:40:30,009 - INFO - Maximum open trades reached: 3
2025-08-25 11:40:33,010 - INFO - Maximum open trades reached: 3
2025-08-25 11:40:36,011 - INFO - Maximum open trades reached: 3
2025-08-25 11:40:39,011 - INFO - Maximum open trades reached: 3
2025-08-25 11:40:42,012 - INFO - Maximum open trades reached: 3
2025-08-25 11:40:45,013 - INFO - Maximum open trades reached: 3
2025-08-25 11:40:48,013 - INFO - Maximum open trades reached: 3
2025-08-25 11:40:51,014 - INFO - Maximum open trades reached: 3
2025-08-25 11:40:54,015 - INFO - Maximum open trades reached: 3
2025-08-25 11:40:57,016 - INFO - Maximum open trades reached: 3
2025-08-25 11:41:00,017 - INFO - Maximum open trades reached: 3
2025-08-25 11:41:03,018 - INFO - Maximum open trades reached: 3
2025-08-25 11:41:06,019 - INFO - Maximum open trades reached: 3
2025-08-25 11:41:09,020 - INFO - Maximum open trades reached: 3
2025-08-25 11:41:12,021 - INFO - Maximum open trades reached: 3
2025-08-25 11:41:15,022 - INFO - Maximum open trades reached: 3
2025-08-25 11:41:18,023 - INFO - Maximum open trades reached: 3
2025-08-25 11:41:21,024 - INFO - Maximum open trades reached: 3
2025-08-25 11:41:24,025 - INFO - Maximum open trades reached: 3
2025-08-25 11:41:27,026 - INFO - Maximum open trades reached: 3
2025-08-25 11:41:30,027 - INFO - Maximum open trades reached: 3
2025-08-25 11:41:33,027 - INFO - Maximum open trades reached: 3
2025-08-25 11:41:36,028 - INFO - Maximum open trades reached: 3
2025-08-25 11:41:39,029 - INFO - Maximum open trades reached: 3
2025-08-25 11:41:42,030 - INFO - Maximum open trades reached: 3
2025-08-25 11:41:45,031 - INFO - Maximum open trades reached: 3
2025-08-25 11:41:48,032 - INFO - Maximum open trades reached: 3
2025-08-25 11:41:51,033 - INFO - Maximum open trades reached: 3
2025-08-25 11:41:54,034 - INFO - Maximum open trades reached: 3
2025-08-25 11:41:57,035 - INFO - Maximum open trades reached: 3
2025-08-25 11:42:00,036 - INFO - Maximum open trades reached: 3
2025-08-25 11:42:03,036 - INFO - Maximum open trades reached: 3
2025-08-25 11:42:06,037 - INFO - Maximum open trades reached: 3
2025-08-25 11:42:09,038 - INFO - Maximum open trades reached: 3
2025-08-25 11:42:12,039 - INFO - Maximum open trades reached: 3
2025-08-25 11:42:15,040 - INFO - Maximum open trades reached: 3
2025-08-25 11:42:18,041 - INFO - Maximum open trades reached: 3
2025-08-25 11:42:21,042 - INFO - Maximum open trades reached: 3
2025-08-25 11:42:24,043 - INFO - Maximum open trades reached: 3
2025-08-25 11:42:27,044 - INFO - Maximum open trades reached: 3
2025-08-25 11:42:30,045 - INFO - Maximum open trades reached: 3
2025-08-25 11:42:33,046 - INFO - Maximum open trades reached: 3
2025-08-25 11:42:36,046 - INFO - Maximum open trades reached: 3
2025-08-25 11:42:39,047 - INFO - Maximum open trades reached: 3
2025-08-25 11:42:42,048 - INFO - Maximum open trades reached: 3
2025-08-25 11:42:45,049 - INFO - Maximum open trades reached: 3
2025-08-25 11:42:48,050 - INFO - Maximum open trades reached: 3
2025-08-25 11:42:51,051 - INFO - Maximum open trades reached: 3
2025-08-25 11:42:54,052 - INFO - Maximum open trades reached: 3
2025-08-25 11:42:57,053 - INFO - Maximum open trades reached: 3
2025-08-25 11:43:00,054 - INFO - Maximum open trades reached: 3
2025-08-25 11:43:03,055 - INFO - Maximum open trades reached: 3
2025-08-25 11:43:06,056 - INFO - Maximum open trades reached: 3
2025-08-25 11:43:09,057 - INFO - Maximum open trades reached: 3
2025-08-25 11:43:12,057 - INFO - Maximum open trades reached: 3
2025-08-25 11:43:15,058 - INFO - Maximum open trades reached: 3
2025-08-25 11:43:18,059 - INFO - Maximum open trades reached: 3
2025-08-25 11:43:21,060 - INFO - Maximum open trades reached: 3
2025-08-25 11:43:24,061 - INFO - Maximum open trades reached: 3
2025-08-25 11:43:27,062 - INFO - Maximum open trades reached: 3
2025-08-25 11:43:30,062 - INFO - Maximum open trades reached: 3
2025-08-25 11:43:33,063 - INFO - Maximum open trades reached: 3
2025-08-25 11:43:36,064 - INFO - Maximum open trades reached: 3
2025-08-25 11:43:39,066 - INFO - Maximum open trades reached: 3
2025-08-25 11:43:42,068 - INFO - Maximum open trades reached: 3
2025-08-25 11:43:45,069 - INFO - Maximum open trades reached: 3
2025-08-25 11:43:48,074 - INFO - Maximum open trades reached: 3
2025-08-25 11:43:51,090 - INFO - Maximum open trades reached: 3
2025-08-25 11:43:54,091 - INFO - Maximum open trades reached: 3
2025-08-25 11:43:57,092 - INFO - Maximum open trades reached: 3
2025-08-25 11:44:00,093 - INFO - Maximum open trades reached: 3
2025-08-25 11:44:03,093 - INFO - Maximum open trades reached: 3
2025-08-25 11:44:06,094 - INFO - Maximum open trades reached: 3
2025-08-25 11:44:09,095 - INFO - Maximum open trades reached: 3
2025-08-25 11:44:12,096 - INFO - Maximum open trades reached: 3
2025-08-25 11:44:15,098 - INFO - Maximum open trades reached: 3
2025-08-25 11:44:18,099 - INFO - Maximum open trades reached: 3
2025-08-25 11:44:21,100 - INFO - Maximum open trades reached: 3
2025-08-25 11:44:24,101 - INFO - Maximum open trades reached: 3
2025-08-25 11:44:27,102 - INFO - Maximum open trades reached: 3
2025-08-25 11:44:30,103 - INFO - Maximum open trades reached: 3
2025-08-25 11:44:33,104 - INFO - Maximum open trades reached: 3
2025-08-25 11:44:36,105 - INFO - Maximum open trades reached: 3
2025-08-25 11:44:39,105 - INFO - Maximum open trades reached: 3
2025-08-25 11:44:42,107 - INFO - Maximum open trades reached: 3
2025-08-25 11:44:45,107 - INFO - Maximum open trades reached: 3
2025-08-25 11:44:48,110 - INFO - Maximum open trades reached: 3
2025-08-25 11:44:51,112 - INFO - Maximum open trades reached: 3
2025-08-25 11:44:54,113 - INFO - Maximum open trades reached: 3
2025-08-25 11:44:57,114 - INFO - Maximum open trades reached: 3
2025-08-25 11:45:00,115 - INFO - Maximum open trades reached: 3
2025-08-25 11:45:03,115 - INFO - Maximum open trades reached: 3
2025-08-25 11:45:06,116 - INFO - Maximum open trades reached: 3
2025-08-25 11:45:09,117 - INFO - Maximum open trades reached: 3
2025-08-25 11:45:12,118 - INFO - Maximum open trades reached: 3
2025-08-25 11:45:15,120 - INFO - Maximum open trades reached: 3
2025-08-25 11:45:18,121 - INFO - Maximum open trades reached: 3
2025-08-25 11:45:21,122 - INFO - Maximum open trades reached: 3
2025-08-25 11:45:24,123 - INFO - Maximum open trades reached: 3
2025-08-25 11:45:27,124 - INFO - Maximum open trades reached: 3
2025-08-25 11:45:30,124 - INFO - Maximum open trades reached: 3
2025-08-25 11:45:33,126 - INFO - Maximum open trades reached: 3
2025-08-25 11:45:36,127 - INFO - Maximum open trades reached: 3
2025-08-25 11:45:39,128 - INFO - Maximum open trades reached: 3
2025-08-25 11:45:42,129 - INFO - Maximum open trades reached: 3
2025-08-25 11:45:45,129 - INFO - Maximum open trades reached: 3
2025-08-25 11:45:48,130 - INFO - Maximum open trades reached: 3
2025-08-25 11:45:51,131 - INFO - Maximum open trades reached: 3
2025-08-25 11:45:54,132 - INFO - Maximum open trades reached: 3
2025-08-25 11:45:57,132 - INFO - Maximum open trades reached: 3
2025-08-25 11:46:00,133 - INFO - Maximum open trades reached: 3
2025-08-25 11:46:03,134 - INFO - Maximum open trades reached: 3
2025-08-25 11:46:06,135 - INFO - Maximum open trades reached: 3
2025-08-25 11:46:09,136 - INFO - Maximum open trades reached: 3
2025-08-25 11:46:12,137 - INFO - Maximum open trades reached: 3
2025-08-25 11:46:15,138 - INFO - Maximum open trades reached: 3
2025-08-25 11:46:18,139 - INFO - Maximum open trades reached: 3
2025-08-25 11:46:21,140 - INFO - Maximum open trades reached: 3
2025-08-25 11:46:24,140 - INFO - Maximum open trades reached: 3
2025-08-25 11:46:27,141 - INFO - Maximum open trades reached: 3
2025-08-25 11:46:30,142 - INFO - Maximum open trades reached: 3
2025-08-25 11:46:33,143 - INFO - Maximum open trades reached: 3
2025-08-25 11:46:36,144 - INFO - Maximum open trades reached: 3
2025-08-25 11:46:39,145 - INFO - Maximum open trades reached: 3
2025-08-25 11:46:42,146 - INFO - Maximum open trades reached: 3
2025-08-25 11:46:45,147 - INFO - Maximum open trades reached: 3
2025-08-25 11:46:48,148 - INFO - Maximum open trades reached: 3
2025-08-25 11:46:51,149 - INFO - Maximum open trades reached: 3
2025-08-25 11:46:54,150 - INFO - Maximum open trades reached: 3
2025-08-25 11:46:57,151 - INFO - Maximum open trades reached: 3
2025-08-25 11:47:00,152 - INFO - Maximum open trades reached: 3
2025-08-25 11:47:03,153 - INFO - Maximum open trades reached: 3
2025-08-25 11:47:06,154 - INFO - Maximum open trades reached: 3
2025-08-25 11:47:09,155 - INFO - Maximum open trades reached: 3
2025-08-25 11:47:12,156 - INFO - Maximum open trades reached: 3
2025-08-25 11:47:15,157 - INFO - Maximum open trades reached: 3
2025-08-25 11:47:18,158 - INFO - Maximum open trades reached: 3
2025-08-25 11:47:21,159 - INFO - Maximum open trades reached: 3
2025-08-25 11:47:24,160 - INFO - Maximum open trades reached: 3
2025-08-25 11:47:27,161 - INFO - Maximum open trades reached: 3
2025-08-25 11:47:30,162 - INFO - Maximum open trades reached: 3
2025-08-25 11:47:33,163 - INFO - Maximum open trades reached: 3
2025-08-25 11:47:36,164 - INFO - Maximum open trades reached: 3
2025-08-25 11:47:39,165 - INFO - Maximum open trades reached: 3
2025-08-25 11:47:42,166 - INFO - Maximum open trades reached: 3
2025-08-25 11:47:45,166 - INFO - Maximum open trades reached: 3
2025-08-25 11:47:48,168 - INFO - Maximum open trades reached: 3
2025-08-25 11:47:51,169 - INFO - Maximum open trades reached: 3
2025-08-25 11:47:54,169 - INFO - Maximum open trades reached: 3
2025-08-25 11:47:57,170 - INFO - Maximum open trades reached: 3
2025-08-25 11:48:00,171 - INFO - Maximum open trades reached: 3
2025-08-25 11:48:03,172 - INFO - Maximum open trades reached: 3
2025-08-25 11:48:06,172 - INFO - Maximum open trades reached: 3
2025-08-25 11:48:09,173 - INFO - Maximum open trades reached: 3
2025-08-25 11:48:12,174 - INFO - Maximum open trades reached: 3
2025-08-25 11:48:15,175 - INFO - Maximum open trades reached: 3
2025-08-25 11:48:18,176 - INFO - Maximum open trades reached: 3
2025-08-25 11:48:21,177 - INFO - Maximum open trades reached: 3
2025-08-25 11:48:24,178 - INFO - Maximum open trades reached: 3
2025-08-25 11:48:27,179 - INFO - Maximum open trades reached: 3
2025-08-25 11:48:30,180 - INFO - Maximum open trades reached: 3
2025-08-25 11:48:33,180 - INFO - Maximum open trades reached: 3
2025-08-25 11:48:36,181 - INFO - Maximum open trades reached: 3
2025-08-25 11:48:39,182 - INFO - Maximum open trades reached: 3
2025-08-25 11:48:42,183 - INFO - Maximum open trades reached: 3
2025-08-25 11:48:45,184 - INFO - Maximum open trades reached: 3
2025-08-25 11:48:48,185 - INFO - Maximum open trades reached: 3
2025-08-25 11:48:51,186 - INFO - Maximum open trades reached: 3
2025-08-25 11:48:54,187 - INFO - Maximum open trades reached: 3
2025-08-25 11:48:57,187 - INFO - Maximum open trades reached: 3
2025-08-25 11:49:00,188 - INFO - Maximum open trades reached: 3
2025-08-25 11:49:03,189 - INFO - Maximum open trades reached: 3
2025-08-25 11:49:06,190 - INFO - Maximum open trades reached: 3
2025-08-25 11:49:09,191 - INFO - Maximum open trades reached: 3
2025-08-25 11:49:12,192 - INFO - Maximum open trades reached: 3
2025-08-25 11:49:15,193 - INFO - Maximum open trades reached: 3
2025-08-25 11:49:18,194 - INFO - Maximum open trades reached: 3
2025-08-25 11:49:21,196 - INFO - Maximum open trades reached: 3
2025-08-25 11:49:24,197 - INFO - Maximum open trades reached: 3
2025-08-25 11:49:27,197 - INFO - Maximum open trades reached: 3
2025-08-25 11:49:30,198 - INFO - Maximum open trades reached: 3
2025-08-25 11:49:33,199 - INFO - Maximum open trades reached: 3
2025-08-25 11:49:36,200 - INFO - Maximum open trades reached: 3
2025-08-25 11:49:39,201 - INFO - Maximum open trades reached: 3
2025-08-25 11:49:42,201 - INFO - Maximum open trades reached: 3
2025-08-25 11:49:45,202 - INFO - Maximum open trades reached: 3
2025-08-25 11:49:48,203 - INFO - Maximum open trades reached: 3
2025-08-25 11:49:51,204 - INFO - Maximum open trades reached: 3
2025-08-25 11:49:54,205 - INFO - Maximum open trades reached: 3
2025-08-25 11:49:57,205 - INFO - Maximum open trades reached: 3
2025-08-25 11:50:00,206 - INFO - Maximum open trades reached: 3
2025-08-25 11:50:03,207 - INFO - Maximum open trades reached: 3
2025-08-25 11:50:06,208 - INFO - Maximum open trades reached: 3
2025-08-25 11:50:09,209 - INFO - Maximum open trades reached: 3
2025-08-25 11:50:12,210 - INFO - Maximum open trades reached: 3
2025-08-25 11:50:15,211 - INFO - Maximum open trades reached: 3
2025-08-25 11:50:18,212 - INFO - Maximum open trades reached: 3
2025-08-25 11:50:21,213 - INFO - Maximum open trades reached: 3
2025-08-25 11:50:24,215 - INFO - Maximum open trades reached: 3
2025-08-25 11:50:27,216 - INFO - Maximum open trades reached: 3
2025-08-25 11:50:30,217 - INFO - Maximum open trades reached: 3
2025-08-25 11:50:33,218 - INFO - Maximum open trades reached: 3
2025-08-25 11:50:36,219 - INFO - Maximum open trades reached: 3
2025-08-25 11:50:39,220 - INFO - Maximum open trades reached: 3
2025-08-25 11:50:42,221 - INFO - Maximum open trades reached: 3
2025-08-25 11:50:45,222 - INFO - Maximum open trades reached: 3
2025-08-25 11:50:48,223 - INFO - Maximum open trades reached: 3
2025-08-25 11:50:51,224 - INFO - Maximum open trades reached: 3
2025-08-25 11:50:54,225 - INFO - Maximum open trades reached: 3
2025-08-25 11:50:57,227 - INFO - Maximum open trades reached: 3
2025-08-25 11:51:00,227 - INFO - Maximum open trades reached: 3
2025-08-25 11:51:03,228 - INFO - Maximum open trades reached: 3
2025-08-25 11:51:06,229 - INFO - Maximum open trades reached: 3
2025-08-25 11:51:09,230 - INFO - Maximum open trades reached: 3
2025-08-25 11:51:12,231 - INFO - Maximum open trades reached: 3
2025-08-25 11:51:15,231 - INFO - Maximum open trades reached: 3
2025-08-25 11:51:18,232 - INFO - Maximum open trades reached: 3
2025-08-25 11:51:21,233 - INFO - Maximum open trades reached: 3
2025-08-25 11:51:24,234 - INFO - Maximum open trades reached: 3
2025-08-25 11:51:27,235 - INFO - Maximum open trades reached: 3
2025-08-25 11:51:30,236 - INFO - Maximum open trades reached: 3
2025-08-25 11:51:33,237 - INFO - Maximum open trades reached: 3
2025-08-25 11:51:36,238 - INFO - Maximum open trades reached: 3
2025-08-25 11:51:39,238 - INFO - Maximum open trades reached: 3
2025-08-25 11:51:42,239 - INFO - Maximum open trades reached: 3
2025-08-25 11:51:45,241 - INFO - Maximum open trades reached: 3
2025-08-25 11:51:48,242 - INFO - Maximum open trades reached: 3
2025-08-25 11:51:51,243 - INFO - Maximum open trades reached: 3
2025-08-25 11:51:54,244 - INFO - Maximum open trades reached: 3
2025-08-25 11:51:57,244 - INFO - Maximum open trades reached: 3
2025-08-25 11:52:00,245 - INFO - Maximum open trades reached: 3
2025-08-25 11:52:03,246 - INFO - Maximum open trades reached: 3
2025-08-25 11:52:06,247 - INFO - Maximum open trades reached: 3
2025-08-25 11:52:09,248 - INFO - Maximum open trades reached: 3
2025-08-25 11:52:12,249 - INFO - Maximum open trades reached: 3
2025-08-25 11:52:15,250 - INFO - Maximum open trades reached: 3
2025-08-25 11:52:18,251 - INFO - Maximum open trades reached: 3
2025-08-25 11:52:21,251 - INFO - Maximum open trades reached: 3
2025-08-25 11:52:24,253 - INFO - Maximum open trades reached: 3
2025-08-25 11:52:27,253 - INFO - Maximum open trades reached: 3
2025-08-25 11:52:30,254 - INFO - Maximum open trades reached: 3
2025-08-25 11:52:33,255 - INFO - Maximum open trades reached: 3
2025-08-25 11:52:36,256 - INFO - Maximum open trades reached: 3
2025-08-25 11:52:39,257 - INFO - Maximum open trades reached: 3
2025-08-25 11:52:42,258 - INFO - Maximum open trades reached: 3
2025-08-25 11:52:45,259 - INFO - Maximum open trades reached: 3
2025-08-25 11:52:48,260 - INFO - Maximum open trades reached: 3
2025-08-25 11:52:51,261 - INFO - Maximum open trades reached: 3
2025-08-25 11:52:54,263 - INFO - Maximum open trades reached: 3
2025-08-25 11:52:57,263 - INFO - Maximum open trades reached: 3
2025-08-25 11:53:00,265 - INFO - Maximum open trades reached: 3
2025-08-25 11:53:03,265 - INFO - Maximum open trades reached: 3
2025-08-25 11:53:06,267 - INFO - Maximum open trades reached: 3
2025-08-25 11:53:09,268 - INFO - Maximum open trades reached: 3
2025-08-25 11:53:12,272 - INFO - Maximum open trades reached: 3
2025-08-25 11:53:15,321 - INFO - Maximum open trades reached: 3
2025-08-25 11:53:18,322 - INFO - Maximum open trades reached: 3
2025-08-25 11:53:21,323 - INFO - Maximum open trades reached: 3
2025-08-25 11:53:24,325 - INFO - Maximum open trades reached: 3
2025-08-25 11:53:27,327 - INFO - Maximum open trades reached: 3
2025-08-25 11:53:30,328 - INFO - Maximum open trades reached: 3
2025-08-25 11:53:33,329 - INFO - Maximum open trades reached: 3
2025-08-25 11:53:36,331 - INFO - Maximum open trades reached: 3
2025-08-25 11:53:39,332 - INFO - Maximum open trades reached: 3
2025-08-25 11:53:42,333 - INFO - Maximum open trades reached: 3
2025-08-25 11:53:45,334 - INFO - Maximum open trades reached: 3
2025-08-25 11:53:48,336 - INFO - Maximum open trades reached: 3
2025-08-25 11:53:51,338 - INFO - Maximum open trades reached: 3
2025-08-25 11:53:54,339 - INFO - Maximum open trades reached: 3
2025-08-25 11:53:57,341 - INFO - Maximum open trades reached: 3
2025-08-25 11:54:00,342 - INFO - Maximum open trades reached: 3
2025-08-25 11:54:03,343 - INFO - Maximum open trades reached: 3
2025-08-25 11:54:06,344 - INFO - Maximum open trades reached: 3
2025-08-25 11:54:09,346 - INFO - Maximum open trades reached: 3
2025-08-25 11:54:12,347 - INFO - Maximum open trades reached: 3
2025-08-25 11:54:15,347 - INFO - Maximum open trades reached: 3
2025-08-25 11:54:18,348 - INFO - Maximum open trades reached: 3
2025-08-25 11:54:21,350 - INFO - Maximum open trades reached: 3
2025-08-25 11:54:24,351 - INFO - Maximum open trades reached: 3
2025-08-25 11:54:27,353 - INFO - Maximum open trades reached: 3
2025-08-25 11:54:30,358 - INFO - Maximum open trades reached: 3
2025-08-25 11:54:33,370 - INFO - Maximum open trades reached: 3
2025-08-25 11:54:36,372 - INFO - Maximum open trades reached: 3
2025-08-25 11:54:39,373 - INFO - Maximum open trades reached: 3
2025-08-25 11:54:42,374 - INFO - Maximum open trades reached: 3
2025-08-25 11:54:45,376 - INFO - Maximum open trades reached: 3
2025-08-25 11:54:48,377 - INFO - Maximum open trades reached: 3
2025-08-25 11:54:51,378 - INFO - Maximum open trades reached: 3
2025-08-25 11:54:54,379 - INFO - Maximum open trades reached: 3
2025-08-25 11:54:57,381 - INFO - Maximum open trades reached: 3
2025-08-25 11:55:00,383 - INFO - Maximum open trades reached: 3
2025-08-25 11:55:03,384 - INFO - Maximum open trades reached: 3
2025-08-25 11:55:06,385 - INFO - Maximum open trades reached: 3
2025-08-25 11:55:09,387 - INFO - Maximum open trades reached: 3
2025-08-25 11:55:12,387 - INFO - Maximum open trades reached: 3
2025-08-25 11:55:15,388 - INFO - Maximum open trades reached: 3
2025-08-25 11:55:18,389 - INFO - Maximum open trades reached: 3
2025-08-25 11:55:21,390 - INFO - Maximum open trades reached: 3
2025-08-25 11:55:24,391 - INFO - Maximum open trades reached: 3
2025-08-25 11:55:27,392 - INFO - Maximum open trades reached: 3
2025-08-25 11:55:30,393 - INFO - Maximum open trades reached: 3
2025-08-25 11:55:33,394 - INFO - Maximum open trades reached: 3
2025-08-25 11:55:36,395 - INFO - Maximum open trades reached: 3
2025-08-25 11:55:39,396 - INFO - Maximum open trades reached: 3
2025-08-25 11:55:42,397 - INFO - Maximum open trades reached: 3
2025-08-25 11:55:45,397 - INFO - Maximum open trades reached: 3
2025-08-25 11:55:48,399 - INFO - Maximum open trades reached: 3
2025-08-25 11:55:51,400 - INFO - Maximum open trades reached: 3
2025-08-25 11:55:54,401 - INFO - Maximum open trades reached: 3
2025-08-25 11:55:57,401 - INFO - Maximum open trades reached: 3
2025-08-25 11:56:00,403 - INFO - Maximum open trades reached: 3
2025-08-25 11:56:03,404 - INFO - Maximum open trades reached: 3
2025-08-25 11:56:06,405 - INFO - Maximum open trades reached: 3
2025-08-25 11:56:09,406 - INFO - Maximum open trades reached: 3
2025-08-25 11:56:12,407 - INFO - Maximum open trades reached: 3
2025-08-25 11:56:15,408 - INFO - Maximum open trades reached: 3
2025-08-25 11:56:18,409 - INFO - Maximum open trades reached: 3
2025-08-25 11:56:21,410 - INFO - Maximum open trades reached: 3
2025-08-25 11:56:24,411 - INFO - Maximum open trades reached: 3
2025-08-25 11:56:27,413 - INFO - Maximum open trades reached: 3
2025-08-25 11:56:30,413 - INFO - Maximum open trades reached: 3
2025-08-25 11:56:33,414 - INFO - Maximum open trades reached: 3
2025-08-25 11:56:36,415 - INFO - Maximum open trades reached: 3
2025-08-25 11:56:39,417 - INFO - Maximum open trades reached: 3
2025-08-25 11:56:42,417 - INFO - Maximum open trades reached: 3
2025-08-25 11:56:45,418 - INFO - Maximum open trades reached: 3
2025-08-25 11:56:48,419 - INFO - Maximum open trades reached: 3
2025-08-25 11:56:51,420 - INFO - Maximum open trades reached: 3
2025-08-25 11:56:54,421 - INFO - Maximum open trades reached: 3
2025-08-25 11:56:57,422 - INFO - Maximum open trades reached: 3
2025-08-25 11:57:00,423 - INFO - Maximum open trades reached: 3
2025-08-25 11:57:03,424 - INFO - Maximum open trades reached: 3
2025-08-25 11:57:06,426 - INFO - Maximum open trades reached: 3
2025-08-25 11:57:09,427 - INFO - Maximum open trades reached: 3
2025-08-25 11:57:12,428 - INFO - Maximum open trades reached: 3
2025-08-25 11:57:15,430 - INFO - Maximum open trades reached: 3
2025-08-25 11:57:18,431 - INFO - Maximum open trades reached: 3
2025-08-25 11:57:21,446 - INFO - Maximum open trades reached: 3
2025-08-25 11:57:24,465 - INFO - Maximum open trades reached: 3
2025-08-25 11:57:27,486 - INFO - Maximum open trades reached: 3
2025-08-25 11:57:30,487 - INFO - Maximum open trades reached: 3
2025-08-25 11:57:33,488 - INFO - Maximum open trades reached: 3
2025-08-25 11:57:36,489 - INFO - Maximum open trades reached: 3
2025-08-25 11:57:39,491 - INFO - Maximum open trades reached: 3
2025-08-25 11:57:42,492 - INFO - Maximum open trades reached: 3
2025-08-25 11:57:45,494 - INFO - Maximum open trades reached: 3
2025-08-25 11:57:48,495 - INFO - Maximum open trades reached: 3
2025-08-25 11:57:51,496 - INFO - Maximum open trades reached: 3
2025-08-25 11:57:54,497 - INFO - Maximum open trades reached: 3
2025-08-25 11:57:57,499 - INFO - Maximum open trades reached: 3
2025-08-25 11:58:00,500 - INFO - Maximum open trades reached: 3
2025-08-25 11:58:03,502 - INFO - Maximum open trades reached: 3
2025-08-25 11:58:06,503 - INFO - Maximum open trades reached: 3
2025-08-25 11:58:09,503 - INFO - Maximum open trades reached: 3
2025-08-25 11:58:12,505 - INFO - Maximum open trades reached: 3
2025-08-25 11:58:15,506 - INFO - Maximum open trades reached: 3
2025-08-25 11:58:18,507 - INFO - Maximum open trades reached: 3
2025-08-25 11:58:21,509 - INFO - Maximum open trades reached: 3
2025-08-25 11:58:24,510 - INFO - Maximum open trades reached: 3
2025-08-25 11:58:27,511 - INFO - Maximum open trades reached: 3
2025-08-25 11:58:30,513 - INFO - Maximum open trades reached: 3
2025-08-25 11:58:33,513 - INFO - Maximum open trades reached: 3
2025-08-25 11:58:36,514 - INFO - Maximum open trades reached: 3
2025-08-25 11:58:39,515 - INFO - Maximum open trades reached: 3
2025-08-25 11:58:42,516 - INFO - Maximum open trades reached: 3
2025-08-25 11:58:45,517 - INFO - Maximum open trades reached: 3
2025-08-25 11:58:48,519 - INFO - Maximum open trades reached: 3
2025-08-25 11:58:51,520 - INFO - Maximum open trades reached: 3
2025-08-25 11:58:54,521 - INFO - Maximum open trades reached: 3
2025-08-25 11:58:57,522 - INFO - Maximum open trades reached: 3
2025-08-25 11:59:00,523 - INFO - Maximum open trades reached: 3
2025-08-25 11:59:03,525 - INFO - Maximum open trades reached: 3
2025-08-25 11:59:06,526 - INFO - Maximum open trades reached: 3
2025-08-25 11:59:09,527 - INFO - Maximum open trades reached: 3
2025-08-25 11:59:12,528 - INFO - Maximum open trades reached: 3
2025-08-25 11:59:15,529 - INFO - Maximum open trades reached: 3
2025-08-25 11:59:18,531 - INFO - Maximum open trades reached: 3
2025-08-25 11:59:21,532 - INFO - Maximum open trades reached: 3
2025-08-25 11:59:24,534 - INFO - Maximum open trades reached: 3
2025-08-25 11:59:27,539 - INFO - Maximum open trades reached: 3
2025-08-25 11:59:30,540 - INFO - Maximum open trades reached: 3
2025-08-25 11:59:33,549 - INFO - Maximum open trades reached: 3
2025-08-25 11:59:36,550 - INFO - Maximum open trades reached: 3
2025-08-25 11:59:39,551 - INFO - Maximum open trades reached: 3
2025-08-25 11:59:42,552 - INFO - Maximum open trades reached: 3
2025-08-25 11:59:45,554 - INFO - Maximum open trades reached: 3
2025-08-25 11:59:48,558 - INFO - Maximum open trades reached: 3
2025-08-25 11:59:51,560 - INFO - Maximum open trades reached: 3
2025-08-25 11:59:54,561 - INFO - Maximum open trades reached: 3
2025-08-25 11:59:57,562 - INFO - Maximum open trades reached: 3
2025-08-25 12:00:00,563 - INFO - Maximum open trades reached: 3
2025-08-25 12:00:03,564 - INFO - Maximum open trades reached: 3
2025-08-25 12:00:06,565 - INFO - Maximum open trades reached: 3
2025-08-25 12:00:09,566 - INFO - Maximum open trades reached: 3
2025-08-25 12:00:12,567 - INFO - Maximum open trades reached: 3
2025-08-25 12:00:15,568 - INFO - Maximum open trades reached: 3
2025-08-25 12:00:18,568 - INFO - Maximum open trades reached: 3
2025-08-25 12:00:21,570 - INFO - Maximum open trades reached: 3
2025-08-25 12:00:24,571 - INFO - Maximum open trades reached: 3
2025-08-25 12:00:27,571 - INFO - Maximum open trades reached: 3
2025-08-25 12:00:30,572 - INFO - Maximum open trades reached: 3
2025-08-25 12:00:33,574 - INFO - Maximum open trades reached: 3
2025-08-25 12:00:36,575 - INFO - Maximum open trades reached: 3
2025-08-25 12:00:39,576 - INFO - Maximum open trades reached: 3
2025-08-25 12:00:42,577 - INFO - Maximum open trades reached: 3
2025-08-25 12:00:45,578 - INFO - Maximum open trades reached: 3
2025-08-25 12:00:48,579 - INFO - Maximum open trades reached: 3
2025-08-25 12:00:51,580 - INFO - Maximum open trades reached: 3
2025-08-25 12:00:54,580 - INFO - Maximum open trades reached: 3
2025-08-25 12:00:57,581 - INFO - Maximum open trades reached: 3
2025-08-25 12:01:00,582 - INFO - Maximum open trades reached: 3
2025-08-25 12:01:03,583 - INFO - Maximum open trades reached: 3
2025-08-25 12:01:06,584 - INFO - Maximum open trades reached: 3
2025-08-25 12:01:09,585 - INFO - Maximum open trades reached: 3
2025-08-25 12:01:12,586 - INFO - Maximum open trades reached: 3
2025-08-25 12:01:15,586 - INFO - Maximum open trades reached: 3
2025-08-25 12:01:18,587 - INFO - Maximum open trades reached: 3
2025-08-25 12:01:21,589 - INFO - Maximum open trades reached: 3
2025-08-25 12:01:24,590 - INFO - Maximum open trades reached: 3
2025-08-25 12:01:27,591 - INFO - Maximum open trades reached: 3
2025-08-25 12:01:30,592 - INFO - Maximum open trades reached: 3
2025-08-25 12:01:33,593 - INFO - Maximum open trades reached: 3
2025-08-25 12:01:36,594 - INFO - Maximum open trades reached: 3
2025-08-25 12:01:39,595 - INFO - Maximum open trades reached: 3
2025-08-25 12:01:42,595 - INFO - Maximum open trades reached: 3
2025-08-25 12:01:45,596 - INFO - Maximum open trades reached: 3
2025-08-25 12:01:48,597 - INFO - Maximum open trades reached: 3
2025-08-25 12:01:51,598 - INFO - Maximum open trades reached: 3
2025-08-25 12:01:54,600 - INFO - Maximum open trades reached: 3
2025-08-25 12:01:57,601 - INFO - Maximum open trades reached: 3
2025-08-25 12:02:00,601 - INFO - Maximum open trades reached: 3
2025-08-25 12:02:03,602 - INFO - Maximum open trades reached: 3
2025-08-25 12:02:06,603 - INFO - Maximum open trades reached: 3
2025-08-25 12:02:09,604 - INFO - Maximum open trades reached: 3
2025-08-25 12:02:12,605 - INFO - Maximum open trades reached: 3
2025-08-25 12:02:15,606 - INFO - Maximum open trades reached: 3
2025-08-25 12:02:18,607 - INFO - Maximum open trades reached: 3
2025-08-25 12:02:21,609 - INFO - Maximum open trades reached: 3
2025-08-25 12:02:24,612 - INFO - Maximum open trades reached: 3
2025-08-25 12:02:27,621 - INFO - Maximum open trades reached: 3
2025-08-25 12:02:30,622 - INFO - Maximum open trades reached: 3
2025-08-25 12:02:33,623 - INFO - Maximum open trades reached: 3
2025-08-25 12:02:36,624 - INFO - Maximum open trades reached: 3
2025-08-25 12:02:39,626 - INFO - Maximum open trades reached: 3
2025-08-25 12:02:42,632 - INFO - Maximum open trades reached: 3
2025-08-25 12:02:45,641 - INFO - Maximum open trades reached: 3
2025-08-25 12:02:48,642 - INFO - Maximum open trades reached: 3
2025-08-25 12:02:51,643 - INFO - Maximum open trades reached: 3
2025-08-25 12:02:54,645 - INFO - Maximum open trades reached: 3
2025-08-25 12:02:57,646 - INFO - Maximum open trades reached: 3
2025-08-25 12:03:00,647 - INFO - Maximum open trades reached: 3
2025-08-25 12:03:03,649 - INFO - Maximum open trades reached: 3
2025-08-25 12:03:06,650 - INFO - Maximum open trades reached: 3
2025-08-25 12:03:09,651 - INFO - Maximum open trades reached: 3
2025-08-25 12:03:12,652 - INFO - Maximum open trades reached: 3
2025-08-25 12:03:15,654 - INFO - Maximum open trades reached: 3
2025-08-25 12:03:18,655 - INFO - Maximum open trades reached: 3
2025-08-25 12:03:21,657 - INFO - Maximum open trades reached: 3
2025-08-25 12:03:24,658 - INFO - Maximum open trades reached: 3
2025-08-25 12:03:27,659 - INFO - Maximum open trades reached: 3
2025-08-25 12:03:30,660 - INFO - Maximum open trades reached: 3
2025-08-25 12:03:33,661 - INFO - Maximum open trades reached: 3
2025-08-25 12:03:36,662 - INFO - Maximum open trades reached: 3
2025-08-25 12:03:39,699 - INFO - Maximum open trades reached: 3
2025-08-25 12:03:42,700 - INFO - Maximum open trades reached: 3
2025-08-25 12:03:45,701 - INFO - Maximum open trades reached: 3
2025-08-25 12:03:48,703 - INFO - Maximum open trades reached: 3
2025-08-25 12:03:51,704 - INFO - Maximum open trades reached: 3
2025-08-25 12:03:54,712 - INFO - Maximum open trades reached: 3
2025-08-25 12:03:57,741 - INFO - Maximum open trades reached: 3
2025-08-25 12:04:00,742 - INFO - Maximum open trades reached: 3
2025-08-25 12:04:03,743 - INFO - Maximum open trades reached: 3
2025-08-25 12:04:06,744 - INFO - Maximum open trades reached: 3
2025-08-25 12:04:09,745 - INFO - Maximum open trades reached: 3
2025-08-25 12:04:12,746 - INFO - Maximum open trades reached: 3
2025-08-25 12:04:15,747 - INFO - Maximum open trades reached: 3
2025-08-25 12:04:18,749 - INFO - Maximum open trades reached: 3
2025-08-25 12:04:21,750 - INFO - Maximum open trades reached: 3
2025-08-25 12:04:24,751 - INFO - Maximum open trades reached: 3
2025-08-25 12:04:27,776 - INFO - Maximum open trades reached: 3
2025-08-25 12:04:30,782 - INFO - Maximum open trades reached: 3
2025-08-25 12:04:33,783 - INFO - Maximum open trades reached: 3
2025-08-25 12:04:36,784 - INFO - Maximum open trades reached: 3
2025-08-25 12:04:39,786 - INFO - Maximum open trades reached: 3
2025-08-25 12:04:42,787 - INFO - Maximum open trades reached: 3
2025-08-25 12:04:45,788 - INFO - Maximum open trades reached: 3
2025-08-25 12:04:48,789 - INFO - Maximum open trades reached: 3
2025-08-25 12:04:51,790 - INFO - Maximum open trades reached: 3
2025-08-25 12:04:54,791 - INFO - Maximum open trades reached: 3
2025-08-25 12:04:57,792 - INFO - Maximum open trades reached: 3
2025-08-25 12:05:00,794 - INFO - Maximum open trades reached: 3
2025-08-25 12:05:03,795 - INFO - Maximum open trades reached: 3
2025-08-25 12:05:06,796 - INFO - Maximum open trades reached: 3
2025-08-25 12:05:09,798 - INFO - Maximum open trades reached: 3
2025-08-25 12:05:12,799 - INFO - Maximum open trades reached: 3
2025-08-25 12:05:15,800 - INFO - Maximum open trades reached: 3
2025-08-25 12:05:18,801 - INFO - Maximum open trades reached: 3
2025-08-25 12:05:21,802 - INFO - Maximum open trades reached: 3
2025-08-25 12:05:24,802 - INFO - Maximum open trades reached: 3
2025-08-25 12:05:27,804 - INFO - Maximum open trades reached: 3
2025-08-25 12:05:30,805 - INFO - Maximum open trades reached: 3
2025-08-25 12:05:33,806 - INFO - Maximum open trades reached: 3
2025-08-25 12:05:36,807 - INFO - Maximum open trades reached: 3
2025-08-25 12:05:39,808 - INFO - Maximum open trades reached: 3
2025-08-25 12:05:42,810 - INFO - Maximum open trades reached: 3
2025-08-25 12:05:45,811 - INFO - Maximum open trades reached: 3
2025-08-25 12:05:48,812 - INFO - Maximum open trades reached: 3
2025-08-25 12:05:51,813 - INFO - Maximum open trades reached: 3
2025-08-25 12:05:54,814 - INFO - Maximum open trades reached: 3
2025-08-25 12:05:57,815 - INFO - Maximum open trades reached: 3
2025-08-25 12:06:00,816 - INFO - Maximum open trades reached: 3
2025-08-25 12:06:03,817 - INFO - Maximum open trades reached: 3
2025-08-25 12:06:06,818 - INFO - Maximum open trades reached: 3
2025-08-25 12:06:09,819 - INFO - Maximum open trades reached: 3
2025-08-25 12:06:12,820 - INFO - Maximum open trades reached: 3
2025-08-25 12:06:15,821 - INFO - Maximum open trades reached: 3
2025-08-25 12:06:18,822 - INFO - Maximum open trades reached: 3
2025-08-25 12:06:21,823 - INFO - Maximum open trades reached: 3
2025-08-25 12:06:24,823 - INFO - Maximum open trades reached: 3
2025-08-25 12:06:27,825 - INFO - Maximum open trades reached: 3
2025-08-25 12:06:30,826 - INFO - Maximum open trades reached: 3
2025-08-25 12:06:33,827 - INFO - Maximum open trades reached: 3
2025-08-25 12:06:36,829 - INFO - Maximum open trades reached: 3
2025-08-25 12:06:39,829 - INFO - Maximum open trades reached: 3
2025-08-25 12:06:42,831 - INFO - Maximum open trades reached: 3
2025-08-25 12:06:45,831 - INFO - Maximum open trades reached: 3
2025-08-25 12:06:48,832 - INFO - Maximum open trades reached: 3
2025-08-25 12:06:51,834 - INFO - Maximum open trades reached: 3
2025-08-25 12:06:54,835 - INFO - Maximum open trades reached: 3
2025-08-25 12:06:57,836 - INFO - Maximum open trades reached: 3
2025-08-25 12:07:00,837 - INFO - Maximum open trades reached: 3
2025-08-25 12:07:03,838 - INFO - Maximum open trades reached: 3
2025-08-25 12:07:06,839 - INFO - Maximum open trades reached: 3
2025-08-25 12:07:09,840 - INFO - Maximum open trades reached: 3
2025-08-25 12:07:12,841 - INFO - Maximum open trades reached: 3
2025-08-25 12:07:15,842 - INFO - Maximum open trades reached: 3
2025-08-25 12:07:18,844 - INFO - Maximum open trades reached: 3
2025-08-25 12:07:21,845 - INFO - Maximum open trades reached: 3
2025-08-25 12:07:24,846 - INFO - Maximum open trades reached: 3
2025-08-25 12:07:27,847 - INFO - Maximum open trades reached: 3
2025-08-25 12:07:30,848 - INFO - Maximum open trades reached: 3
2025-08-25 12:07:33,849 - INFO - Maximum open trades reached: 3
2025-08-25 12:07:36,850 - INFO - Maximum open trades reached: 3
2025-08-25 12:07:39,851 - INFO - Maximum open trades reached: 3
2025-08-25 12:07:42,852 - INFO - Maximum open trades reached: 3
2025-08-25 12:07:45,853 - INFO - Maximum open trades reached: 3
2025-08-25 12:07:48,854 - INFO - Maximum open trades reached: 3
2025-08-25 12:07:51,855 - INFO - Maximum open trades reached: 3
